"Player","POS","BA_Home","OBP_Home","SLG_Home","OPS_Home","GP_Home","PA_Home","AB_Home","R_Home","H_Home","2B_Home","3B_Home","HR_Home","RBI_Home","HBP_Home","BB_Home","K_Home","SB_Home","CS_Home","BA_Away","OBP_Away","SLG_Away","OPS_Away","GP_Away","PA_Away","AB_Away","R_Away","H_Away","2B_Away","3B_Away","HR_Away","RBI_Away","HBP_Away","BB_Away","K_Away","SB_Away","CS_Away","PS","WS","P4"
"Morgan Petty","RF",0.545,0.643,0.939,1.582,12,42,33,10,18,2,1,3,7,2,7,1,8,0,0.36,0.476,0.54,1.016,18,63,50,17,18,3,0,2,8,8,4,9,8,3,0.185,0,0
"Ella Squaires","LF",0.475,0.575,0.525,1.101,19,73,59,21,28,3,0,0,2,0,14,4,12,0,0.306,0.346,0.347,0.693,15,52,49,4,15,0,1,0,4,0,3,6,4,2,0.169,0,0
"Ashley Della Guardia","1B",0.444,0.516,0.833,1.349,19,64,54,16,24,3,0,6,22,0,9,6,1,1,0.188,0.316,0.208,0.524,17,57,48,7,9,1,0,0,3,0,9,6,1,0,0.256,0,0
"Emily Riggs","2B",0.418,0.492,0.782,1.274,19,63,55,10,23,5,0,5,23,3,5,7,0,0,0.182,0.333,0.295,0.629,16,54,44,3,8,2,0,1,5,1,9,19,0,0,0.236,0,0
"Caitlyn Mitros","LF",0.417,0.475,0.528,1.003,11,40,36,7,15,2,1,0,9,1,3,2,5,2,0.274,0.318,0.29,0.609,18,66,62,11,17,1,0,0,3,0,4,3,4,2,0.143,0,0
"Brenna Davenport","1B",0.407,0.467,0.481,0.948,10,30,27,3,11,2,0,0,3,0,3,2,2,0,0.313,0.356,0.403,0.759,23,75,67,10,21,3,0,1,7,0,5,6,0,0,0.094,0,0
"Sara Anderson","3B",0.4,0.486,0.433,0.919,12,35,30,7,12,1,0,0,0,0,5,5,1,0,0.204,0.259,0.204,0.463,18,56,49,3,10,0,0,0,6,1,3,2,0,1,0.196,0,0
"Lindsey Walter","CF",0.391,0.462,0.522,0.983,18,54,46,15,18,1,1,1,2,1,5,6,6,1,0.216,0.31,0.216,0.526,15,45,37,4,8,0,0,0,2,2,3,6,2,0,0.175,0,0
"Kyli Her--dez","3B",0.385,0.429,0.462,0.89,5,14,13,3,5,1,0,0,2,0,1,7,0,1,0.125,0.176,0.146,0.322,21,51,48,4,6,1,0,0,3,2,1,13,2,0,0.26,0,0
"Alexis Clancy","1B",0.383,0.433,0.667,1.1,19,67,60,16,23,6,1,3,19,2,4,8,2,2,0.368,0.405,0.529,0.935,20,75,68,11,25,5,0,2,9,3,2,8,2,1,0.015,0,0
"Allison L’Amoreaux","1B",0.367,0.446,0.714,1.161,17,57,49,15,18,5,0,4,11,3,4,9,0,0,0.179,0.304,0.385,0.689,15,47,39,5,7,2,0,2,8,3,4,13,0,0,0.188,0,0
"Megan Marcel","3B",0.367,0.529,0.735,1.264,21,70,49,12,18,3,0,5,23,4,14,5,2,0,0.3,0.386,0.417,0.802,20,71,60,9,18,4,0,1,9,4,5,11,3,0,0.067,0,0
"Victoria Vilarchao","DP",0.357,0.412,0.714,1.126,12,34,28,3,10,1,0,3,9,1,3,8,0,0,0.289,0.4,0.553,0.953,15,45,38,3,11,4,0,2,14,5,2,9,0,0,0.068,0,0
"Makenna Coleman","CF",0.345,0.465,0.672,1.137,21,71,58,19,20,4,3,3,12,1,12,0,5,1,0.419,0.457,0.721,1.177,15,47,43,12,18,4,0,3,13,1,2,7,5,2,-0.074,0,0
"Hannah Cochran","LF",0.328,0.411,0.656,1.067,21,75,64,16,21,3,0,6,19,1,8,8,10,0,0.379,0.406,0.515,0.921,19,69,66,16,25,6,0,1,15,0,3,11,7,0,-0.051,0,0
"Jerzie Nutile","P",0.326,0.396,0.512,0.907,17,49,43,11,14,5,0,1,11,2,3,6,0,0,0.222,0.276,0.556,0.831,11,29,27,6,6,0,0,3,5,0,2,4,0,0,0.104,0,0
"Anna Margetis","1B",0.323,0.333,0.452,0.785,10,33,31,5,10,1,0,1,5,1,0,5,0,0,0.155,0.218,0.197,0.415,26,78,71,6,11,0,0,1,3,3,3,16,0,0,0.168,0,0
"Trinadey Santiago","3B",0.32,0.32,0.36,0.68,8,25,25,1,8,1,0,0,2,0,0,4,0,1,0.207,0.313,0.328,0.641,23,70,58,3,12,1,0,2,10,1,8,16,0,0,0.113,0,0
"Amaya Carroll","SS",0.31,0.355,0.448,0.803,18,65,58,11,18,0,1,2,14,2,2,7,1,0,0.333,0.35,0.474,0.824,17,60,57,8,19,3,1,1,7,2,0,10,1,0,-0.023,0,0
"Gabby Papushka","RF",0.308,0.357,0.423,0.78,10,28,26,3,8,3,0,0,3,0,2,7,0,1,0.161,0.224,0.161,0.385,25,70,62,7,10,0,0,0,6,0,5,21,1,0,0.147,0,0
"Elizabeth Frederick","CF",0.296,0.367,0.37,0.737,10,31,27,1,8,2,0,0,2,0,3,4,4,1,0.237,0.33,0.447,0.777,24,88,76,16,18,5,1,3,11,1,10,10,4,1,0.059,0,0
"Brianna Santos","DP",0.295,0.386,0.41,0.796,19,70,61,13,18,7,0,0,4,4,5,5,3,0,0.37,0.453,0.5,0.953,15,53,46,9,17,3,0,1,3,0,7,1,1,1,-0.075,0,0
"Cayla Tulley","LF",0.294,0.409,0.529,0.939,8,22,17,3,5,1,0,1,4,0,4,5,1,0,0.179,0.258,0.232,0.49,21,63,56,10,10,3,0,0,4,1,5,24,5,2,0.115,0,0
"Aleix Hudson","2B",0.29,0.4,0.468,0.868,21,75,62,19,18,8,0,1,9,2,10,7,3,0,0.333,0.423,0.621,1.044,20,78,66,22,22,5,1,4,21,1,10,10,3,0,-0.043,0,0
"Maddy Dodig","2B",0.286,0.352,0.388,0.74,19,54,49,11,14,2,0,1,7,1,4,6,0,0,0.156,0.243,0.219,0.462,13,37,32,3,5,2,0,0,4,0,4,12,1,0,0.13,0,0
"Krista Francia","SS",0.276,0.417,0.414,0.83,10,36,29,6,8,2,1,0,4,2,5,1,0,0,0.219,0.286,0.25,0.536,24,73,64,6,14,2,0,0,5,0,6,10,0,1,0.057,0,0
"Deanna Grahek","SS",0.267,0.313,0.367,0.679,12,34,30,8,8,3,0,0,4,0,2,6,1,0,0.108,0.333,0.189,0.523,18,52,37,9,4,1,1,0,3,2,11,10,4,0,0.159,0,0
"Alexis Larrow","DP",0.263,0.404,0.395,0.799,16,51,38,4,10,2,0,1,8,4,5,7,0,0,0.317,0.378,0.366,0.744,15,45,41,4,13,2,0,0,7,1,3,13,0,0,-0.054,0,0
"Madison Petrella","C",0.25,0.375,0.375,0.75,12,40,32,4,8,2,1,0,10,0,7,4,1,0,0.389,0.459,0.685,1.144,18,61,54,12,21,4,0,4,16,0,7,10,1,1,-0.139,0,0
"Elisa Allen","C",0.25,0.375,0.531,0.906,14,40,32,5,8,0,0,3,11,4,3,8,0,0,0.16,0.323,0.28,0.603,12,31,25,3,4,0,0,1,2,2,4,9,0,0,0.09,0,0
"Amya Lundy","3B",0.25,0.328,0.385,0.712,18,58,52,8,13,2,1,1,3,1,5,9,3,2,0.37,0.473,0.609,1.081,17,56,46,7,17,2,0,3,12,1,8,7,1,0,-0.12,0,0
"Sam Rohwer","SS",0.235,0.371,0.51,0.881,21,63,51,12,12,2,0,4,16,0,11,7,1,0,0.265,0.403,0.327,0.73,19,63,49,12,13,0,0,1,9,1,11,12,3,0,-0.03,0,0
"Morgan Fisher","C",0.222,0.364,0.37,0.734,10,33,27,4,6,1,0,1,5,0,6,3,2,0,0.351,0.425,0.455,0.88,24,88,77,11,27,2,0,2,18,1,9,7,0,2,-0.129,0,0
"Katie Jo Moery","2B",0.219,0.219,0.25,0.469,10,32,32,1,7,1,0,0,6,0,0,5,1,0,0.267,0.321,0.36,0.681,26,81,75,9,20,7,0,0,6,2,4,17,7,1,-0.048,0,0
"Emily Tow","RF",0.207,0.233,0.31,0.544,10,30,29,4,6,0,0,1,1,0,1,5,1,0,0.246,0.254,0.292,0.546,22,68,65,9,16,0,0,1,6,0,1,15,5,0,-0.039,0,0
"Shelby Carvalho","3B",0.196,0.328,0.373,0.7,19,61,51,9,10,3,0,2,11,1,9,17,2,0,0.211,0.286,0.474,0.759,14,43,38,6,8,1,0,3,7,2,2,12,0,0,-0.015,0,0
"Mary Kate Murray","1B",0.161,0.263,0.29,0.553,12,38,31,2,5,1,0,1,5,0,5,3,0,0,0.255,0.305,0.455,0.76,17,59,55,7,14,2,0,3,15,1,3,9,0,0,-0.094,0,0
"Lea White","SS",0.147,0.216,0.147,0.363,10,37,34,3,5,0,0,0,2,0,3,1,6,0,0.388,0.467,0.613,1.08,24,92,80,26,31,4,1,4,16,1,11,7,6,0,-0.241,0,0
"Jordan Nastos","CF",0.139,0.162,0.139,0.301,12,37,36,3,5,0,0,0,2,0,1,6,0,0,0.358,0.424,0.453,0.877,18,60,53,14,19,2,0,1,4,2,4,6,4,2,-0.219,0,0
"Katelyn Fitzgerald","DP",0.138,0.167,0.172,0.339,10,30,29,1,4,1,0,0,1,0,1,5,0,0,0.333,0.378,0.333,0.712,22,75,69,4,23,0,0,0,5,1,4,12,0,0,-0.195,0,0
"Rylee Kent","3B",0.1,0.28,0.1,0.38,10,25,20,1,2,0,0,0,1,0,5,6,0,0,0.283,0.353,0.304,0.657,18,51,46,1,13,1,0,0,3,0,5,10,0,0,-0.183,0,0
"Isabel Quintanilla","2B",0.056,0.292,0.222,0.514,8,24,18,2,1,0,0,1,1,0,6,3,0,0,0.243,0.284,0.429,0.712,21,77,70,14,17,4,0,3,13,0,4,6,1,0,-0.187,0,0
"CC Wong","DP",0.519,0.643,1,1.643,19,70,52,22,27,7,0,6,24,0,18,4,4,0,0.414,0.518,0.743,1.261,22,85,70,23,29,4,2,5,19,0,15,6,0,1,0.105,0,0
"Addison Barnard","CF",0.481,0.569,1.352,1.921,19,66,54,23,26,8,0,13,25,1,10,6,4,1,0.383,0.554,0.867,1.421,22,83,60,21,23,2,0,9,18,0,23,7,4,4,0.098,0,0
"Imani Edwards","SS",0.46,0.478,0.81,1.287,20,67,63,23,29,4,3,4,15,1,2,0,5,1,0.273,0.321,0.364,0.685,23,86,77,12,21,2,1,1,11,2,4,7,6,1,0.187,0,0
"MacKenzie Denson","LF",0.446,0.471,0.462,0.932,20,70,65,13,29,1,0,0,4,0,3,3,8,1,0.282,0.325,0.333,0.659,23,86,78,12,22,2,1,0,7,0,5,4,3,1,0.164,0,0
"Jesiana Mora","3B",0.44,0.505,0.527,1.032,31,108,91,22,40,6,1,0,21,1,13,4,14,0,0.29,0.389,0.435,0.824,20,72,62,14,18,4,1,1,19,0,10,2,2,0,0.15,0,0
"Presley Leebrick","RF",0.425,0.564,0.563,1.127,31,117,87,30,37,6,0,2,15,2,27,11,9,0,0.26,0.443,0.36,0.803,19,70,50,15,13,2,0,1,8,2,16,8,0,0,0.165,0,0
"Claira Skaggs","3B",0.418,0.5,0.655,1.155,20,66,55,9,23,7,0,2,16,4,5,4,0,0,0.25,0.36,0.438,0.798,22,75,64,11,16,4,1,2,16,1,10,11,0,0,0.168,0,0
"Kailyn Bearpaw","RF",0.382,0.46,0.745,1.206,20,63,55,14,21,5,0,5,18,0,8,5,0,0,0.269,0.319,0.343,0.663,23,72,67,5,18,2,0,1,5,0,5,9,0,0,0.113,0,0
"Krystin Nelson","3B",0.378,0.481,0.578,1.059,19,54,45,13,17,6,0,1,10,2,7,4,1,0,0.333,0.443,0.451,0.894,21,62,51,13,17,3,0,1,8,0,10,4,0,0,0.045,0,0
"Arianna Rodi","1B",0.376,0.46,0.8,1.26,27,100,85,17,32,3,0,11,29,0,14,14,1,0,0.333,0.494,0.81,1.303,21,83,63,16,21,3,0,9,20,1,19,13,0,0,0.043,0,0
"Haley Morgan","CF",0.375,0.471,0.5,0.971,20,70,56,16,21,4,0,1,9,4,7,3,7,1,0.246,0.405,0.492,0.897,23,85,65,11,16,0,2,4,15,7,11,7,9,1,0.129,0,0
"Abigail Knight","LF",0.368,0.489,0.526,1.016,27,95,76,10,28,9,0,1,14,3,15,7,0,1,0.206,0.316,0.222,0.538,21,77,63,6,13,1,0,0,9,3,8,7,0,2,0.162,0,0
"Morgan Johnson","1B",0.367,0.449,0.767,1.215,31,108,90,26,33,3,0,11,35,7,8,11,1,1,0.364,0.438,0.527,0.965,16,64,55,13,20,3,0,2,7,1,7,12,1,1,0.003,0,0
"Emma Jackson","CF",0.367,0.425,0.624,1.049,33,120,109,26,40,12,2,4,24,2,9,16,0,0,0.439,0.507,1,1.507,16,67,57,17,25,5,0,9,17,1,8,7,1,0,-0.072,0,0
"Jaylen Prichard","2B",0.364,0.5,0.409,0.909,16,56,44,10,16,2,0,0,5,0,12,7,0,1,0.323,0.405,0.446,0.852,24,75,65,10,21,5,0,1,2,1,8,12,1,0,0.041,0,0
"Alanah Rivera","SS",0.357,0.455,0.44,0.895,34,101,84,10,30,4,0,1,22,5,10,11,0,1,0.255,0.407,0.277,0.683,17,61,47,4,12,1,0,0,6,3,9,4,2,0,0.102,0,0
"Lainee Brown","C",0.347,0.377,0.51,0.888,18,55,49,10,17,2,0,2,10,0,3,5,0,0,0.275,0.306,0.304,0.61,22,74,69,5,19,2,0,0,5,0,3,10,0,0,0.072,0,0
"Mikayla Smith","2B",0.343,0.373,0.7,1.073,26,77,70,9,24,5,1,6,16,1,3,15,0,0,0.311,0.391,0.557,0.949,21,70,61,13,19,3,0,4,13,0,8,9,0,0,0.032,0,0
"Makenzie Mason","3B",0.338,0.417,0.351,0.768,32,86,74,19,25,1,0,0,6,0,10,12,3,1,0.08,0.207,0.08,0.287,14,30,25,3,2,0,0,0,0,0,4,7,1,1,0.258,0,0
"Cori Hoffler","2B",0.329,0.468,0.589,1.057,27,94,73,23,24,7,0,4,14,7,13,19,6,0,0.23,0.377,0.344,0.721,21,77,61,16,14,2,1,1,7,5,10,11,0,1,0.099,0,0
"Bella Wiggins","CF",0.327,0.476,0.571,1.048,20,65,49,12,16,2,2,2,10,1,13,5,4,0,0.263,0.373,0.474,0.847,20,69,57,9,15,5,2,1,5,3,7,6,2,1,0.064,0,0
"Kamryn Jackson","CF",0.326,0.426,0.576,1.002,31,108,92,28,30,7,2,4,29,8,8,10,4,0,0.34,0.535,0.638,1.174,20,72,47,18,16,5,0,3,14,7,15,4,0,0,-0.014,0,0
"Anna Sawyer","RF",0.326,0.432,0.467,0.9,33,111,92,18,30,10,0,1,14,1,17,20,1,0,0.269,0.397,0.365,0.762,16,63,52,7,14,3,1,0,7,0,11,9,0,0,0.057,0,0
"Maci Cole","C",0.325,0.413,0.575,0.988,18,46,40,10,13,2,1,2,8,0,6,9,0,0,0.222,0.354,0.407,0.761,21,66,54,7,12,1,0,3,9,1,10,12,0,0,0.103,0,0
"Annie Kate Dalton","C",0.321,0.433,0.417,0.849,30,104,84,7,27,5,0,1,18,2,16,12,0,0,0.224,0.35,0.265,0.615,17,62,49,3,11,2,0,0,3,0,10,12,0,0,0.097,0,0
"Ella Chancey","3B",0.315,0.44,0.562,1.001,27,91,73,21,23,4,1,4,19,3,14,19,6,1,0.342,0.4,0.534,0.934,21,80,73,10,25,2,3,2,16,0,7,11,2,1,-0.027,0,0
"Kiley Channell","SS",0.306,0.425,0.506,0.93,31,109,85,13,26,12,1,1,18,6,13,10,2,2,0.371,0.406,0.484,0.89,20,71,62,11,23,7,0,0,18,1,4,4,0,0,-0.065,0,0
"Alexa Galligani","LF",0.304,0.388,0.343,0.731,33,118,102,19,31,4,0,0,4,2,12,19,2,0,0.218,0.338,0.255,0.593,16,65,55,9,12,2,0,0,5,6,4,4,2,0,0.086,0,0
"Taylor Woodring","DP",0.302,0.392,0.524,0.916,28,74,63,9,19,2,0,4,11,3,7,8,0,0,0.304,0.407,0.457,0.864,16,54,46,4,14,4,0,1,7,2,6,9,0,2,-0.002,0,0
"Hannah Dorsett","2B",0.302,0.361,0.321,0.681,21,65,53,12,16,1,0,0,7,1,5,7,3,0,0.323,0.353,0.323,0.676,21,71,65,9,21,0,0,0,7,3,0,10,1,2,-0.021,0,0
"Cierra Simon","SS",0.299,0.392,0.403,0.795,26,80,67,9,20,2,1,1,8,2,9,11,5,1,0.397,0.417,0.544,0.961,21,72,68,11,27,3,2,1,14,0,3,9,2,2,-0.098,0,0
"Trinity Schlotterbeck","DP",0.294,0.462,0.544,1.006,29,91,68,9,20,8,0,3,23,3,19,16,1,1,0.283,0.403,0.717,1.12,20,67,53,15,15,2,0,7,23,1,11,8,3,1,0.011,0,0
"McKaylee Polk","3B",0.294,0.39,0.451,0.841,19,59,51,5,15,2,0,2,8,1,7,5,1,0,0.3,0.404,0.5,0.904,18,48,40,3,12,2,0,2,6,1,6,3,0,0,-0.00600000000000001,0,0
"Taylor Jensen","C",0.293,0.453,0.61,1.063,16,53,41,7,12,2,1,3,14,0,12,13,0,0,0.19,0.271,0.238,0.51,24,71,63,2,12,3,0,0,5,1,6,12,0,0,0.103,0,0
"Cammeo Presutti","LF",0.286,0.375,0.31,0.685,30,96,84,15,24,0,1,0,2,1,11,7,4,1,0.244,0.354,0.268,0.622,18,50,41,13,10,1,0,0,4,2,5,5,2,1,0.042,0,0
"Hannah Miles","RF",0.286,0.34,0.327,0.666,21,53,49,8,14,0,1,0,5,2,2,4,4,0,0.261,0.292,0.261,0.553,20,49,46,5,12,0,0,0,4,0,2,9,1,1,0.025,0,0
"Taryn Madlock","RF",0.286,0.333,0.429,0.762,12,30,28,5,8,1,0,1,4,1,1,12,0,1,0.152,0.176,0.182,0.358,19,36,33,2,5,1,0,0,2,0,1,13,3,0,0.134,0,0
"Sophia Campbell","1B",0.286,0.352,0.327,0.678,16,54,49,1,14,2,0,0,4,0,5,7,0,0,0.161,0.314,0.179,0.493,24,70,56,3,9,1,0,0,7,3,10,7,0,0,0.125,0,0
"Abby Jones","2B",0.281,0.359,0.632,0.991,20,64,57,14,16,6,1,4,18,0,7,4,2,1,0.217,0.309,0.35,0.659,21,70,60,9,13,3,1,1,9,0,8,6,4,0,0.064,0,0
"Olivia Williams","CF",0.28,0.351,0.38,0.731,25,58,50,10,14,5,0,0,11,0,6,7,6,0,0.27,0.333,0.324,0.658,18,42,37,6,10,2,0,0,7,1,3,2,4,0,0.01,0,0
"Erykah Guerrero","DP",0.279,0.295,0.512,0.807,13,44,43,3,12,4,0,2,7,0,1,9,0,0,0.193,0.258,0.386,0.644,24,62,57,4,11,2,0,3,10,1,4,10,0,0,0.086,0,0
"Zoe Adebayo","1B",0.277,0.41,0.431,0.84,26,84,65,8,18,2,1,2,11,5,11,16,2,1,0.25,0.333,0.375,0.708,18,56,48,3,12,3,0,1,8,0,6,8,0,0,0.027,0,0
"Olivia Valbak","SS",0.276,0.333,0.31,0.644,21,66,58,5,16,2,0,0,10,0,5,7,0,0,0.228,0.302,0.246,0.547,21,65,57,3,13,1,0,0,2,0,6,9,0,0,0.048,0,0
"Sami Hood","2B",0.275,0.326,0.5,0.826,13,45,40,7,11,9,0,0,5,0,3,8,0,0,0.268,0.281,0.429,0.709,16,58,56,7,15,1,1,2,8,0,1,8,1,0,0.00700000000000001,0,0
"Tatum Sparks","3B",0.274,0.328,0.403,0.732,25,69,62,7,17,2,0,2,6,1,4,10,1,1,0.136,0.208,0.182,0.39,18,50,44,1,6,2,0,0,4,0,4,2,2,0,0.138,0,0
"Taylor Sedlacek","SS",0.273,0.385,0.655,1.039,19,65,55,15,15,3,0,6,19,2,8,8,1,2,0.23,0.383,0.574,0.956,22,81,61,16,14,3,0,6,23,1,16,13,3,0,0.043,0,0
"Kanisha Anderson","LF",0.271,0.325,0.3,0.625,28,78,70,14,19,2,0,0,5,0,6,6,5,0,0.324,0.333,0.382,0.716,13,38,34,3,11,0,1,0,5,0,1,3,4,0,-0.053,0,0
"Arianna Cox-Cole","LF",0.271,0.358,0.288,0.646,23,68,59,9,16,1,0,0,6,2,6,12,8,3,0.231,0.333,0.333,0.667,16,46,39,5,9,1,0,1,2,0,6,7,4,0,0.04,0,0
"Kiyah Garrett","DP",0.268,0.341,0.521,0.863,25,82,71,9,19,9,0,3,14,0,9,10,0,0,0.294,0.36,0.588,0.948,21,75,68,13,20,8,0,4,15,0,7,7,1,1,-0.026,0,0
"Logan Sutton","2B",0.265,0.315,0.361,0.676,32,91,83,13,22,5,0,1,10,1,5,10,6,0,0.311,0.426,0.578,1.004,17,55,45,12,14,3,0,3,10,2,7,7,2,0,-0.046,0,0
"Lindsey Smith","3B",0.264,0.35,0.528,0.878,21,62,53,14,14,5,0,3,12,1,6,12,1,0,0.283,0.338,0.533,0.872,21,68,60,5,17,5,2,2,10,1,5,14,0,0,-0.019,0,0
"Mary-Kathryn Scott","SS",0.263,0.295,0.333,0.628,32,62,57,9,15,2,1,0,8,0,3,8,4,0,0.176,0.222,0.294,0.516,14,36,34,3,6,1,0,1,1,1,1,12,0,1,0.087,0,0
"Olivia Elliott","RF",0.261,0.343,0.348,0.691,31,108,92,12,24,2,3,0,13,2,10,3,3,1,0.281,0.369,0.526,0.896,17,67,57,18,16,4,2,2,6,1,7,1,3,0,-0.02,0,0
"Molly Rainey","RF",0.259,0.344,0.519,0.863,24,61,54,9,14,5,0,3,7,2,5,8,2,0,0.3,0.375,0.5,0.875,18,58,50,8,15,5,1,1,6,1,5,11,3,0,-0.041,0,0
"Makalah Mitchell","CF",0.258,0.41,0.29,0.701,19,39,31,8,8,1,0,0,3,1,7,12,3,0,0.171,0.239,0.244,0.483,19,46,41,6,7,3,0,0,5,1,3,9,0,0,0.087,0,0
"Auburn Dupree","LF",0.25,0.348,0.25,0.598,16,47,40,7,10,0,0,0,1,0,6,6,5,2,0.359,0.444,0.359,0.803,16,46,39,8,14,0,0,0,1,0,6,7,6,2,-0.109,0,0
"Alyssa Aguilar","1B",0.25,0.292,0.295,0.587,18,49,44,3,11,2,0,0,4,1,2,3,0,0,0.2,0.302,0.2,0.502,21,54,45,3,9,0,0,0,6,1,6,4,0,0,0.05,0,0
"Zoey Jones","1B",0.247,0.309,0.438,0.747,31,97,89,11,22,8,0,3,11,1,7,13,1,0,0.231,0.286,0.308,0.593,20,56,52,4,12,1,0,1,6,1,3,13,3,0,0.016,0,0
"Bailey Urban","LF",0.246,0.302,0.386,0.688,19,64,57,9,14,2,0,2,13,1,4,8,0,0,0.257,0.35,0.471,0.821,22,81,70,10,18,3,0,4,15,0,10,8,0,0,-0.011,0,0
"Jordyn Kadlub","CF",0.246,0.307,0.304,0.611,30,84,69,9,17,2,1,0,1,0,6,9,5,0,0.234,0.327,0.298,0.625,18,57,47,8,11,1,1,0,5,0,7,7,3,1,0.012,0,0
"Lexi Winters","C",0.232,0.345,0.464,0.809,25,85,69,16,16,5,1,3,13,1,12,2,3,0,0.25,0.333,0.339,0.673,19,64,56,7,14,2,0,1,5,1,6,2,1,0,-0.018,0,0
"Madi Hays","CF",0.222,0.404,0.444,0.849,14,47,36,8,8,2,0,2,5,1,10,10,1,1,0.224,0.308,0.362,0.67,23,65,58,7,13,2,0,2,2,3,4,22,1,0,-0.002,0,0
"Marissa Trivelpiece","1B",0.221,0.349,0.244,0.593,34,111,86,8,19,2,0,0,13,6,13,10,0,0,0.273,0.45,0.523,0.973,17,60,44,9,12,5,0,2,7,2,13,4,0,0,-0.052,0,0
"Cameryn Orland","2B",0.212,0.312,0.288,0.6,27,79,66,7,14,3,1,0,11,1,9,6,4,0,0.232,0.306,0.321,0.628,20,62,56,10,13,3,1,0,7,1,5,9,3,0,-0.02,0,0
"Kathy Garcia-Soto","2B",0.209,0.329,0.239,0.568,34,84,67,15,14,0,1,0,8,4,9,9,3,3,0.297,0.422,0.378,0.801,16,46,37,4,11,3,0,0,7,1,7,9,2,1,-0.088,0,0
"Kailey Gamble","1B",0.2,0.43,0.4,0.83,26,79,55,4,11,2,0,3,11,1,22,22,0,0,0.288,0.403,0.627,1.03,22,72,59,13,17,5,0,5,15,2,10,14,0,0,-0.088,0,0
"Celeste Wood","1B",0.2,0.308,0.267,0.574,19,52,45,3,9,3,0,0,5,1,6,8,0,0,0.232,0.338,0.375,0.713,22,66,56,9,13,6,1,0,2,1,8,4,0,0,-0.032,0,0
"Kylie Forney","3B",0.2,0.283,0.325,0.608,16,47,40,6,8,2,0,1,5,1,4,12,2,0,0.114,0.235,0.273,0.508,23,52,44,5,5,1,0,2,5,1,6,19,1,0,0.086,0,0
"Kennedy Semien","SS",0.197,0.321,0.242,0.563,26,79,66,8,13,0,0,1,5,1,11,9,4,0,0.233,0.32,0.279,0.599,17,52,43,1,10,2,0,0,4,0,6,3,0,0,-0.036,0,0
"Khamiyah Brown","C",0.196,0.274,0.25,0.524,24,62,56,2,11,3,0,0,6,0,6,10,0,0,0.194,0.326,0.194,0.52,17,43,36,1,7,0,0,0,0,0,7,5,0,0,0.002,0,0
"Kalei Chris10sen","C",0.193,0.27,0.263,0.533,25,63,57,9,11,1,0,1,6,3,3,8,1,0,0.262,0.392,0.381,0.773,19,51,42,6,11,2,0,1,8,3,6,8,1,1,-0.069,0,0
"Teagan Ritchie","SS",0.193,0.303,0.211,0.514,25,66,57,9,11,1,0,0,7,2,7,15,5,0,0.263,0.317,0.395,0.712,17,43,38,10,10,2,0,1,3,1,2,6,1,1,-0.07,0,0
"Caroline Tallent","1B",0.171,0.393,0.366,0.759,19,56,41,12,7,2,0,2,6,10,5,7,1,0,0.148,0.262,0.259,0.521,21,67,54,9,8,3,0,1,6,5,4,14,0,0,0.023,0,0
"Kat Ibarra","RF",0.167,0.245,0.229,0.474,21,55,48,5,8,1,1,0,5,0,5,14,2,0,0.286,0.375,0.333,0.708,18,49,42,9,12,2,0,0,5,2,4,10,3,0,-0.119,0,0
"Presley Morris","2B",0.164,0.164,0.179,0.343,25,68,67,2,11,1,0,0,6,0,0,13,0,2,0.121,0.147,0.152,0.299,15,36,33,2,4,1,0,0,1,0,1,10,2,0,0.043,0,0
"Camryn Robillard","SS",0.128,0.255,0.128,0.384,16,48,39,4,5,0,0,0,3,0,7,7,1,0,0.113,0.226,0.321,0.547,24,62,53,8,6,2,0,3,5,1,7,10,0,1,0.015,0,0
"Kelsie Adams","CF",0.106,0.208,0.17,0.378,23,53,47,5,5,3,0,0,1,0,6,12,0,0,0.067,0.125,0.067,0.192,16,34,30,4,2,0,0,0,0,0,2,10,0,0,0.039,0,0
"Riley York","LF",0.5,0.61,0.933,1.543,13,42,30,8,15,7,0,2,15,1,9,3,0,0,0.231,0.239,0.308,0.546,21,67,65,1,15,3,1,0,10,0,1,7,0,0,0.269,0,0
"Chloe Wong","3B",0.471,0.54,0.569,1.108,18,63,51,8,24,5,0,0,13,0,10,4,3,0,0.26,0.31,0.403,0.712,23,85,77,8,20,5,0,2,9,1,5,11,0,0,0.211,0,0
"Sydney Barnett","3B",0.462,0.52,1.051,1.571,14,50,39,9,18,3,1,6,19,0,8,11,0,0,0.333,0.462,0.6,1.062,22,78,60,9,20,7,0,3,13,0,16,21,1,0,0.129,0,0
"Kylie Bulinski","C",0.462,0.541,0.635,1.176,18,62,52,5,24,6,0,1,15,1,8,4,2,0,0.194,0.27,0.209,0.479,23,74,67,2,13,1,0,0,3,1,6,8,1,0,0.268,0,0
"Sarah Cancila","2B",0.412,0.511,0.706,1.217,13,46,34,15,14,4,0,2,12,1,8,3,3,0,0.308,0.425,0.415,0.84,23,80,65,10,20,2,1,1,8,1,13,10,2,1,0.104,0,0
"Hailey Malito","1B",0.405,0.477,0.514,0.991,13,44,37,10,15,2,1,0,7,1,5,4,5,0,0.203,0.325,0.25,0.575,23,77,64,6,13,3,0,0,5,0,12,1,3,0,0.202,0,0
"Cassie Swenson","SS",0.4,0.46,0.622,1.082,15,51,45,7,18,4,0,2,5,0,5,1,2,0,0.321,0.4,0.472,0.872,18,61,53,6,17,4,2,0,11,4,3,8,0,1,0.079,0,0
"Sierra Fretz","C",0.393,0.474,0.643,1.117,13,39,28,2,11,4,0,1,13,0,7,4,0,0,0.25,0.308,0.5,0.808,23,65,60,11,15,6,0,3,9,1,4,12,0,0,0.143,0,0
"Ava Bieneman","RF",0.391,0.491,0.478,0.969,14,55,46,11,18,0,2,0,4,0,9,4,3,2,0.278,0.329,0.316,0.646,22,85,79,13,22,1,1,0,5,0,6,7,0,0,0.113,0,0
"Sydney Bales","LF",0.382,0.407,0.527,0.934,20,63,55,7,21,3,1,1,7,1,2,12,3,4,0.234,0.29,0.406,0.696,22,70,64,8,15,3,1,2,8,1,4,14,2,2,0.148,0,0
"Neleh Nogay","LF",0.379,0.411,0.379,0.79,21,74,66,14,25,0,0,0,7,1,4,5,11,1,0.367,0.433,0.4,0.833,18,68,60,12,22,2,0,0,11,0,7,8,9,1,0.012,0,0
"Chloe Whittier","CF",0.375,0.531,0.583,1.115,17,66,48,13,18,1,0,3,6,13,3,1,2,1,0.318,0.44,0.455,0.895,22,84,66,20,21,1,1,2,11,9,7,6,3,0,0.057,0,0
"Marlaina Bozek","2B",0.371,0.437,0.435,0.872,20,71,62,9,23,2,1,0,10,0,8,3,2,1,0.353,0.457,0.471,0.927,22,82,68,14,24,5,0,1,6,0,13,8,1,1,0.018,0,0
"Rachel Warrens","SS",0.369,0.417,0.508,0.924,20,73,65,13,24,3,3,0,12,1,5,5,7,4,0.333,0.407,0.528,0.935,21,82,72,13,24,7,2,1,5,1,8,6,3,3,0.036,0,0
"Molly Grace","1B",0.364,0.491,0.705,1.195,18,56,44,7,16,6,0,3,8,0,11,7,0,0,0.224,0.268,0.269,0.536,22,72,67,5,15,3,0,0,6,0,4,13,1,0,0.14,0,0
"Maddie Kapsimalis","2B",0.362,0.457,0.69,1.147,18,70,58,13,21,4,0,5,20,1,10,12,5,0,0.288,0.416,0.411,0.827,24,90,73,8,21,1,1,2,13,3,13,9,2,0,0.074,0,0
"Sydney Wells","C",0.362,0.492,0.596,1.088,18,61,47,6,17,8,0,1,20,0,13,9,0,0,0.238,0.34,0.548,0.888,14,51,42,7,10,1,0,4,14,1,6,13,0,0,0.124,0,0
"Maggie Greco","3B",0.361,0.465,0.518,0.983,29,105,83,27,30,4,3,1,9,6,10,7,7,1,0.302,0.433,0.302,0.735,18,69,53,16,16,0,0,0,5,4,9,2,3,2,0.059,0,0
"Kayla Tauber","SS",0.359,0.457,0.487,0.944,13,47,39,13,14,3,1,0,1,0,7,2,1,0,0.315,0.35,0.37,0.72,23,82,73,8,23,4,0,0,11,0,5,3,5,1,0.044,0,0
"Elyssa DeRosa","RF",0.356,0.415,0.39,0.805,20,66,59,8,21,2,0,0,5,1,5,3,1,1,0.295,0.368,0.377,0.745,20,69,61,10,18,3,1,0,7,0,7,3,0,0,0.061,0,0
"Elena Gonzalez","2B",0.352,0.435,0.556,0.991,18,62,54,11,19,4,2,1,11,1,7,4,5,0,0.29,0.388,0.362,0.75,24,81,69,4,20,3,1,0,7,1,10,11,9,7,0.062,0,0
"Jane Kaniecki","1B",0.352,0.407,0.444,0.851,17,59,54,2,19,5,0,0,14,0,5,7,0,0,0.284,0.351,0.388,0.739,23,75,67,4,19,2,1,1,16,0,7,7,0,0,0.068,0,0
"Alena Ramirez","2B",0.346,0.435,0.423,0.858,28,94,78,13,27,6,0,0,9,0,13,8,1,0,0.404,0.435,0.474,0.909,17,62,57,8,23,2,1,0,8,0,4,4,0,0,-0.0580000000000001,0,0
"Kir-- Bailey","SS",0.339,0.391,0.373,0.764,18,67,59,14,20,2,0,0,8,1,4,4,8,1,0.234,0.314,0.312,0.626,24,92,77,10,18,2,2,0,4,0,9,8,8,0,0.105,0,0
"Paige Hayward","CF",0.329,0.353,0.451,0.804,29,91,82,8,27,7,0,1,20,0,3,11,2,0,0.246,0.254,0.316,0.57,18,60,57,8,14,1,0,1,10,0,1,5,0,0,0.083,0,0
"Teagan Sopczak","CF",0.324,0.435,0.595,1.029,14,47,37,11,12,1,0,3,7,2,6,5,4,0,0.219,0.286,0.313,0.598,22,73,64,9,14,3,0,1,9,1,5,12,0,1,0.105,0,0
"Emily Power","3B",0.321,0.339,0.472,0.811,18,56,53,6,17,2,0,2,10,0,2,10,1,0,0.121,0.194,0.138,0.332,24,67,58,2,7,1,0,0,5,0,6,13,0,0,0.2,0,0
"Sydney Yoder","LF",0.318,0.392,0.432,0.824,18,51,44,6,14,2,0,1,7,2,4,5,0,0,0.259,0.298,0.407,0.706,20,58,54,5,14,2,0,2,8,2,1,7,0,0,0.059,0,0
"Emma Schutter","CF",0.317,0.371,0.365,0.737,18,71,63,11,20,3,0,0,6,0,6,8,8,0,0.302,0.378,0.419,0.796,24,99,86,17,26,4,3,0,10,1,10,12,12,3,0.015,0,0
"Bailey Enoch","RF",0.313,0.408,0.5,0.908,21,76,64,13,20,9,0,1,9,0,11,8,4,0,0.352,0.5,0.537,1.037,19,70,54,19,19,6,2,0,6,3,13,10,3,0,-0.039,0,0
"Abby Ulsas","DH",0.313,0.387,0.328,0.715,19,75,67,16,21,1,0,0,2,0,8,11,3,1,0.305,0.367,0.329,0.696,23,91,82,16,25,0,1,0,3,1,7,10,4,2,0.00800000000000001,0,0
"Kendall Johnson","3B",0.306,0.32,0.408,0.728,17,51,49,6,15,2,0,1,3,0,1,4,0,0,0.196,0.268,0.216,0.484,20,59,51,3,10,1,0,0,3,1,4,7,0,0,0.11,0,0
"Allison Heffley","C",0.304,0.387,0.467,0.854,29,108,92,15,28,7,1,2,21,1,12,4,3,1,0.305,0.379,0.39,0.769,18,69,59,12,18,2,0,1,12,1,6,1,5,0,-0.001,0,0
"Emily Lampela","CF",0.298,0.355,0.368,0.723,20,62,57,9,17,4,0,0,5,4,1,11,3,0,0.22,0.355,0.4,0.755,20,62,50,5,11,3,0,2,8,5,6,16,1,0,0.078,0,0
"Cami Newbanks","CF",0.296,0.387,0.519,0.906,17,63,54,7,16,3,0,3,18,0,8,11,0,0,0.319,0.424,0.514,0.937,23,87,72,12,23,8,0,2,16,1,12,13,3,0,-0.023,0,0
"Haley McMenamin","DP",0.296,0.472,0.37,0.843,12,36,27,8,8,2,0,0,10,0,9,3,5,0,0.353,0.436,0.471,0.906,16,39,34,7,12,2,1,0,1,0,5,9,0,0,-0.057,0,0
"Kennedy Haberl","2B",0.294,0.351,0.412,0.763,13,37,34,6,10,1,0,1,7,1,2,8,3,1,0.189,0.318,0.243,0.561,17,44,37,4,7,2,0,0,2,0,7,11,2,1,0.105,0,0
"Kate McGuire","SS",0.292,0.393,0.354,0.747,21,59,48,9,14,3,0,0,2,1,7,7,0,0,0.3,0.375,0.44,0.815,18,57,50,13,15,4,0,1,6,0,6,9,0,0,-0.00800000000000001,0,0
"Alexa Williams","RF",0.29,0.333,0.441,0.774,28,100,93,11,27,8,0,2,19,2,4,6,1,0,0.315,0.373,0.444,0.817,16,60,54,10,17,4,0,1,17,3,2,4,1,0,-0.025,0,0
"Emily Daniel","LF",0.289,0.373,0.356,0.728,16,51,45,11,13,3,0,0,6,2,4,8,11,0,0.296,0.398,0.338,0.736,24,83,71,14,21,1,1,0,11,1,11,6,13,2,-0.00700000000000001,0,0
"Ashley Corpuz","LF",0.284,0.485,0.642,1.127,29,101,67,25,19,3,0,7,22,3,26,14,6,0,0.308,0.446,0.404,0.85,18,65,52,9,16,3,1,0,4,1,12,12,3,1,-0.024,0,0
"Kelsey Etling","C",0.283,0.353,0.457,0.809,17,51,46,5,13,2,0,2,6,2,3,9,0,0,0.258,0.313,0.5,0.813,21,68,62,10,16,3,0,4,11,0,5,7,0,0,0.025,0,0
"Sarah Keagy","3B",0.277,0.469,0.702,1.171,17,64,47,7,13,2,0,6,16,3,14,14,0,0,0.217,0.342,0.533,0.876,22,74,60,9,13,4,0,5,18,2,10,17,0,0,0.06,0,0
"Gianna Muhaw","RF",0.273,0.319,0.318,0.637,13,47,44,8,12,0,1,0,2,1,2,6,3,1,0.192,0.213,0.244,0.456,23,81,78,11,15,2,1,0,6,0,2,15,3,1,0.081,0,0
"Riley Owens","DP",0.269,0.345,0.385,0.729,9,29,26,3,7,1,1,0,3,0,3,8,4,1,0.163,0.2,0.163,0.363,16,46,43,4,7,0,0,0,1,0,2,12,2,1,0.106,0,0
"Gianna Sarlo","3B",0.267,0.327,0.422,0.749,20,54,45,7,12,4,0,1,8,1,4,3,2,1,0.255,0.316,0.373,0.688,19,60,51,10,13,6,0,0,2,1,4,13,1,0,0.012,0,0
"Kaelene Walter","RF",0.267,0.333,0.367,0.7,12,35,30,6,8,0,0,1,3,0,3,3,2,0,0.27,0.313,0.333,0.647,20,68,63,10,17,1,0,1,5,1,3,11,2,0,-0.003,0,0
"Michaela Carter","CF",0.267,0.302,0.283,0.585,20,64,60,8,16,1,0,0,5,0,3,9,0,0,0.273,0.322,0.455,0.777,18,59,55,10,15,3,2,1,6,0,4,11,3,0,-0.00600000000000001,0,0
"Olivia Moon","DP",0.267,0.303,0.5,0.803,12,33,30,2,8,4,0,1,8,0,2,7,0,0,0.091,0.139,0.182,0.321,13,37,33,NA,3,0,0,1,3,1,1,10,0,0,0.176,0,0
"Payge Suggs","RF",0.267,0.353,0.289,0.642,17,51,45,4,12,1,0,0,2,2,4,12,2,0,0.313,0.389,0.333,0.722,18,54,48,14,15,1,0,0,2,0,6,4,2,0,-0.046,0,0
"Natalie Sullivan","LF",0.267,0.476,0.422,0.898,17,64,45,13,12,4,0,1,9,0,18,8,4,1,0.371,0.463,0.557,1.021,23,88,70,16,26,4,3,1,11,2,10,20,6,1,-0.104,0,0
"Liz Sedakis","SS",0.262,0.326,0.333,0.659,14,48,42,4,11,1,1,0,5,0,4,6,5,1,0.306,0.362,0.435,0.798,21,70,62,5,19,5,0,1,12,0,6,13,4,1,-0.044,0,0
"Reese Torres","1B",0.257,0.409,0.457,0.866,22,44,35,6,9,1,0,2,7,2,7,7,5,0,0.368,0.429,0.737,1.165,16,43,38,10,14,5,0,3,14,0,4,6,1,0,-0.111,0,0
"Maddy Myers","1B",0.25,0.27,0.4,0.67,20,64,60,5,15,0,0,3,10,1,1,10,0,0,0.167,0.257,0.227,0.484,22,75,66,5,11,1,0,1,13,0,8,10,0,0,0.083,0,0
"Nicolette Papavasiliou","C",0.25,0.351,0.375,0.726,14,37,32,1,8,1,0,1,7,1,4,5,1,0,0.359,0.388,0.453,0.841,22,69,64,4,23,3,0,1,5,0,3,7,0,0,-0.109,0,0
"Abbie Gregus","C",0.25,0.344,0.286,0.629,13,33,28,0,7,1,0,0,1,0,4,3,0,0,0.19,0.277,0.405,0.681,20,47,42,4,8,0,0,3,7,0,5,8,0,0,0.06,0,0
"Hannah Her--dez","CF",0.25,0.34,0.273,0.613,15,52,44,8,11,1,0,0,4,0,6,3,6,0,0.14,0.232,0.14,0.372,19,56,50,6,7,0,0,0,0,0,6,3,5,1,0.11,0,0
"Lydia Castro","C",0.244,0.382,0.333,0.715,15,57,45,6,11,4,0,0,4,4,6,5,0,0,0.218,0.333,0.418,0.752,20,70,55,7,12,5,0,2,14,1,10,1,0,0,0.026,0,0
"Grace Walker","3B",0.241,0.267,0.241,0.508,12,31,29,3,7,0,0,0,4,1,0,8,1,0,0.189,0.302,0.27,0.573,16,43,37,4,7,0,0,1,3,1,5,7,1,1,0.052,0,0
"Bella Pantoja","3B",0.241,0.333,0.276,0.609,17,66,58,9,14,2,0,0,7,4,4,5,3,0,0.296,0.346,0.423,0.769,22,81,71,8,21,7,1,0,13,3,3,8,2,0,-0.055,0,0
"Chloe Rhine","SS",0.239,0.407,0.326,0.733,18,59,46,7,11,1,0,1,6,2,11,12,2,0,0.25,0.425,0.5,0.925,23,74,56,12,14,6,1,2,8,2,15,18,0,0,-0.011,0,0
"Abby Mallo","RF",0.226,0.281,0.491,0.771,17,58,53,7,12,2,0,4,12,4,0,15,2,0,0.242,0.315,0.424,0.739,22,73,66,9,16,3,0,3,11,1,6,18,1,0,-0.016,0,0
"Grace Cadden","1B",0.225,0.38,0.4,0.78,16,50,40,11,9,1,0,2,7,1,9,15,1,0,0.269,0.424,0.365,0.79,21,66,52,13,14,2,0,1,6,4,10,20,2,0,-0.044,0,0
"Meghan Sinkus","CF",0.212,0.235,0.455,0.69,12,35,33,5,7,2,0,2,11,0,1,7,3,0,0.228,0.224,0.246,0.47,21,62,57,7,13,1,0,0,7,0,0,13,3,0,-0.016,0,0
"Skyler Rapuano","RF",0.209,0.292,0.256,0.547,15,48,43,4,9,2,0,0,3,0,5,3,0,0,0.196,0.373,0.196,0.569,20,62,46,8,9,0,0,0,0,2,11,11,0,1,0.013,0,0
"Bella Ayala","2B",0.207,0.258,0.328,0.586,21,63,58,10,12,2,1,1,7,1,3,9,0,0,0.245,0.31,0.302,0.612,16,58,53,6,13,3,0,0,5,1,4,10,0,0,-0.038,0,0
"Odyssey Torres","SS",0.207,0.343,0.276,0.619,9,35,29,3,6,2,0,0,3,1,5,4,0,0,0.24,0.345,0.26,0.605,19,59,50,6,12,1,0,0,4,1,7,11,0,0,-0.033,0,0
"Kymora Wang","RF",0.206,0.308,0.294,0.602,13,40,34,6,7,3,0,0,2,0,5,10,0,0,0.25,0.271,0.393,0.664,19,59,56,3,14,3,1,1,7,0,2,11,1,0,-0.044,0,0
"Haley Wallace","2B",0.2,0.304,0.25,0.554,13,49,40,4,8,2,0,0,4,0,6,4,0,2,0.3,0.372,0.371,0.743,22,83,70,15,21,5,0,0,4,3,5,10,2,0,-0.1,0,0
"Elyse Graham","1B",0.192,0.344,0.308,0.651,12,32,26,2,5,3,0,0,3,0,6,7,0,0,0.081,0.292,0.108,0.4,19,49,37,1,3,1,0,0,0,0,11,15,0,0,0.111,0,0
"Sierra Sass","LF",0.192,0.222,0.231,0.453,12,27,26,5,5,1,0,0,0,0,1,8,2,0,0.245,0.255,0.245,0.5,21,56,53,5,13,0,0,0,2,0,1,7,5,1,-0.053,0,0
"Eva Koratsis","1B",0.19,0.254,0.381,0.634,21,71,63,6,12,3,0,3,15,1,5,10,0,0,0.25,0.404,0.568,0.972,18,57,44,6,11,5,0,3,14,4,8,17,0,0,-0.06,0,0
"Abby Packard","2B",0.185,0.254,0.296,0.551,17,60,54,6,10,0,0,2,8,1,4,12,0,1,0.242,0.296,0.318,0.614,22,72,66,4,16,5,0,0,8,1,4,10,2,1,-0.057,0,0
"Jocelyn Abbott","2B",0.184,0.212,0.224,0.436,19,55,49,5,9,2,0,0,8,0,2,15,2,0,0.3,0.29,0.45,0.74,21,65,60,7,18,4,1,1,10,0,0,12,0,1,-0.116,0,0
"Mandy Lauth","1B",0.169,0.389,0.2,0.589,29,94,65,11,11,2,0,0,10,1,23,10,1,0,0.263,0.491,0.342,0.833,16,56,38,10,10,1,1,0,4,2,15,10,1,0,-0.094,0,0
"Becca Zawistowski","1B",0.154,0.175,0.179,0.354,15,40,39,1,6,1,0,0,2,1,0,4,0,0,0.083,0.103,0.111,0.214,17,41,36,0,3,1,0,0,2,1,0,6,0,0,0.071,0,0
"Logan Pickford","C",0.133,0.212,0.167,0.379,13,33,30,2,4,1,0,0,3,1,2,7,1,0,0.216,0.222,0.51,0.732,19,54,51,8,11,3,0,4,11,0,1,12,1,0,-0.083,0,0
"Reanna Perkins","SS",0.125,0.12,0.125,0.245,12,25,24,1,3,0,0,0,2,0,0,10,0,0,0.125,0.125,0.15,0.275,19,40,40,1,5,1,0,0,1,0,0,6,0,0,0,0,0
"Nat Lesnicki","C",0.118,0.318,0.118,0.436,10,23,17,3,2,0,0,0,0,0,5,3,1,0,0.317,0.404,0.415,0.819,19,49,41,4,13,4,0,0,6,1,5,8,1,0,-0.199,0,0
"Kamryn Inman","3B",0.1,0.206,0.167,0.373,14,35,30,8,3,0,1,0,5,0,4,13,2,1,0.225,0.354,0.275,0.629,17,49,40,8,9,2,0,0,5,0,8,14,1,0,-0.125,0,0
"Abby Settlemyre","SS",0.473,0.532,0.727,1.26,19,63,55,18,26,6,1,2,17,0,7,3,3,0,0.318,0.385,0.591,0.976,15,53,44,9,14,4,1,2,7,0,6,5,1,0,0.155,0,1
"Cori McMillan","RF",0.469,0.565,1.061,1.626,17,62,49,25,23,3,1,8,28,0,12,5,9,0,0.365,0.456,0.851,1.307,24,90,74,22,27,4,1,10,28,1,13,12,6,0,0.104,0,1
"Carlli Kloss","C",0.464,0.529,0.589,1.119,17,68,56,19,26,5,1,0,9,3,7,3,8,0,0.196,0.224,0.25,0.474,15,60,56,9,11,1,1,0,4,0,2,7,1,0,0.268,0,1
"Emma Ritter","CF",0.456,0.523,0.772,1.295,17,65,57,23,26,6,0,4,15,1,7,3,4,2,0.372,0.433,0.617,1.05,26,104,94,23,35,3,1,6,18,2,8,3,13,1,0.084,0,1
"D'Auna Jennings","CF",0.448,0.48,0.5,0.98,32,105,96,22,43,3,1,0,12,0,6,15,10,2,0.338,0.365,0.423,0.787,21,75,71,21,24,1,1,1,6,0,3,10,3,0,0.11,1,1
"Jaysoni Beachum","3B",0.439,0.508,0.785,1.293,35,128,107,34,47,5,1,10,42,4,14,8,3,0,0.373,0.473,0.661,1.134,19,75,59,15,22,5,0,4,17,2,11,3,1,0,0.066,0,1
"Michele Tarpey","1B",0.438,0.507,0.828,1.335,26,75,64,15,28,6,2,5,21,2,8,6,2,0,0.188,0.263,0.219,0.482,13,38,32,4,6,1,0,0,7,0,4,5,0,0,0.25,0,1
"Valerie Cagle","1B",0.434,0.476,0.83,1.306,17,63,53,12,23,2,2,5,28,1,6,7,1,0,0.283,0.377,0.415,0.792,15,61,53,9,15,4,0,1,8,0,8,13,0,0,0.151,0,1
"Cameron Fagan","2B",0.429,0.525,0.816,1.341,17,61,49,20,21,4,0,5,27,0,11,0,1,0,0.349,0.43,0.5,0.93,26,100,86,18,30,4,0,3,13,1,12,7,1,0,0.08,0,1
"Claire Davidson","LF",0.419,0.534,0.872,1.407,32,118,86,33,36,9,0,10,30,7,19,13,2,1,0.414,0.488,0.814,1.302,21,82,70,21,29,6,2,6,22,1,10,8,1,1,0.005,1,1
"Hannah Slike","C",0.419,0.463,0.758,1.221,21,68,62,12,26,7,1,4,10,0,5,0,2,1,0.278,0.301,0.444,0.746,25,93,90,11,25,6,0,3,15,1,2,5,2,0,0.141,0,1
"Destiny Middleton","3B",0.408,0.471,0.408,0.879,27,87,76,14,31,0,0,0,7,2,8,10,7,0,0.386,0.46,0.386,0.846,16,51,44,3,17,0,0,0,4,2,4,4,0,0,0.022,0,1
"Jade Hylton","SS",0.407,0.478,0.712,1.19,20,69,59,10,24,6,0,4,15,0,9,7,4,3,0.284,0.383,0.593,0.976,25,94,81,16,23,6,2,5,16,0,13,18,5,1,0.123,0,1
"Maddie Moore","2B",0.406,0.519,0.688,1.206,24,81,64,17,26,2,2,4,18,0,16,11,8,3,0.357,0.479,0.696,1.175,17,71,56,18,20,4,0,5,13,6,8,13,6,2,0.049,0,1
"Sanaa Thompson","LF",0.405,0.515,0.608,1.123,27,98,79,25,32,4,0,4,27,1,17,9,6,2,0.371,0.395,0.571,0.966,12,38,35,4,13,2,1,1,5,0,2,5,0,1,0.034,0,1
"Michaela Edenfield","C",0.403,0.531,0.727,1.258,30,98,77,17,31,4,0,7,24,0,21,15,0,0,0.389,0.521,0.972,1.493,15,48,36,12,14,4,1,5,15,2,9,3,1,0,0.014,0,1
"Michelle Chatfield","1B",0.4,0.55,1.222,1.772,17,60,45,22,18,1,0,12,20,1,14,6,0,0,0.152,0.256,0.342,0.597,26,90,79,9,12,3,0,4,7,0,11,22,0,0,0.248,0,1
"Kaley Mudge","LF",0.398,0.495,0.554,1.049,29,102,83,19,33,7,3,0,12,2,15,1,1,1,0.262,0.338,0.443,0.781,19,69,61,15,16,3,1,2,11,0,7,3,1,0,0.136,0,1
"Isa Torres","SS",0.396,0.439,0.624,1.062,34,115,101,22,40,11,0,4,31,0,10,3,1,1,0.328,0.349,0.525,0.874,19,63,61,10,20,3,0,3,17,1,1,7,1,0,0.068,0,1
"Mallorie Black","3B",0.393,0.491,0.955,1.446,30,110,89,33,35,11,0,13,36,1,18,7,1,1,0.25,0.364,0.482,0.846,17,66,56,12,14,4,0,3,13,1,9,5,1,0,0.143,0,1
"Madison Dobbins","LF",0.393,0.495,0.869,1.364,30,103,84,24,33,5,1,11,45,3,15,16,1,2,0.25,0.345,0.396,0.741,15,56,48,10,12,2,1,1,8,1,6,5,0,0,0.143,0,1
"Kelly Breen","SS",0.391,0.431,0.5,0.931,17,53,46,3,18,2,0,1,3,1,3,6,0,0,0.148,0.25,0.185,0.435,21,64,54,6,8,2,0,0,4,2,6,7,0,0,0.243,0,1
"Addy Greene","LF",0.388,0.516,0.796,1.312,17,65,49,23,19,6,1,4,17,0,14,3,2,0,0.463,0.545,0.938,1.483,26,100,80,26,37,6,1,10,23,2,15,9,2,0,-0.075,0,1
"Alex Coleman","RF",0.379,0.476,0.391,0.867,28,105,87,27,33,1,0,0,14,0,16,7,13,0,0.483,0.5,0.5,1,16,60,58,12,28,1,0,0,4,0,2,3,3,0,-0.104,0,1
"Aminah Vega","2B",0.374,0.447,0.717,1.165,32,114,99,29,37,8,1,8,24,2,12,7,1,2,0.339,0.405,0.581,0.986,19,74,62,9,21,6,0,3,20,3,6,3,0,0,0.035,1,1
"Ella Edgmon","CF",0.372,0.481,0.465,0.946,29,106,86,27,32,2,0,2,7,8,10,12,7,1,0.263,0.4,0.333,0.733,18,70,57,15,15,4,0,0,4,5,8,11,2,1,0.109,0,1
"Jin Sileo","SS",0.371,0.421,0.6,1.021,28,80,70,18,26,3,2,3,5,0,6,6,8,0,0.267,0.3,0.333,0.633,18,51,45,9,12,3,0,0,4,0,3,7,3,0,0.104,0,1
"Riley Frizell","1B",0.367,0.424,0.6,1.024,19,66,60,5,22,6,1,2,16,2,4,17,0,0,0.314,0.422,0.729,1.15,22,83,70,14,22,2,0,9,20,0,13,15,1,0,0.053,0,1
"Isabela Emerling","1B",0.365,0.457,0.784,1.241,28,94,74,15,27,4,0,9,36,0,16,18,0,0,0.231,0.318,0.385,0.703,14,44,39,4,9,0,0,2,7,1,4,12,0,0,0.134,0,1
"Kat Rodriguez","2B",0.362,0.38,0.426,0.806,15,52,47,7,17,1,1,0,4,0,2,3,2,1,0.259,0.328,0.362,0.69,19,66,58,10,15,0,0,2,6,0,6,2,0,1,0.103,0,1
"Amanda Hasler","C",0.361,0.451,0.928,1.379,31,102,83,24,30,5,0,14,34,7,9,15,2,0,0.279,0.392,0.535,0.927,14,51,43,7,12,2,0,3,7,4,4,6,0,0,0.082,0,1
"Gisele Tapia","1B",0.359,0.438,0.489,0.927,32,107,92,17,33,4,1,2,24,2,11,2,0,0,0.19,0.271,0.27,0.541,21,72,63,9,12,2,0,1,7,0,7,4,0,0,0.169,1,1
"McKenzie Clark","CF",0.357,0.484,0.614,1.098,25,94,70,28,25,2,2,4,16,4,16,10,3,0,0.355,0.438,0.532,0.971,17,73,62,13,22,2,0,3,16,3,7,11,2,0,0.002,0,1
"Madelyn Lopez","RF",0.353,0.476,0.51,0.986,17,63,51,10,18,2,0,2,10,3,9,3,0,0,0.32,0.403,0.38,0.783,19,64,50,7,16,1,1,0,6,0,9,4,0,0,0.033,0,1
"Daisy Hess","SS",0.352,0.507,0.537,1.044,19,72,54,14,19,6,2,0,11,3,14,8,1,1,0.292,0.388,0.472,0.86,21,85,72,14,21,5,1,2,10,0,12,5,3,1,0.06,0,1
"Makenna Segal","1B",0.351,0.359,0.649,1.008,14,41,37,2,13,5,0,2,7,0,1,6,0,0,0.107,0.107,0.232,0.339,21,62,56,2,6,1,0,2,6,0,0,20,0,0,0.244,0,1
"Kelly Torres","C",0.344,0.417,0.478,0.894,32,108,90,25,31,3,3,1,20,6,8,5,4,1,0.338,0.436,0.462,0.897,21,80,65,13,22,2,0,2,13,7,5,7,1,1,0.00599999999999995,1,1
"Carsyn Snead","CF",0.343,0.392,0.388,0.78,26,74,67,13,23,1,1,0,5,1,5,6,11,1,0.278,0.316,0.278,0.594,15,40,36,3,10,0,0,0,2,1,1,9,1,0,0.065,0,1
"Kalei Harding","RF",0.342,0.423,0.73,1.153,35,130,111,32,38,10,0,11,43,1,16,7,2,0,0.309,0.4,0.455,0.855,18,65,55,9,17,2,0,2,13,1,8,7,0,0,0.033,0,1
"Taylor Ensley","RF",0.341,0.451,0.694,1.145,31,102,85,18,29,6,0,8,27,2,15,8,3,0,0.362,0.412,0.596,1.008,14,51,47,8,17,3,1,2,12,0,4,10,0,0,-0.021,0,1
"Bre Peck","3B",0.34,0.4,0.7,1.1,17,55,50,14,17,3,0,5,21,0,5,9,0,0,0.356,0.375,0.633,1.008,26,96,90,18,32,7,0,6,23,1,3,10,1,1,-0.016,0,1
"Alia Logoleo","SS",0.338,0.398,0.595,0.992,25,85,74,15,25,2,1,5,22,2,6,3,4,0,0.346,0.453,0.462,0.915,17,64,52,11,18,3,0,1,10,0,11,7,1,0,-0.00799999999999995,0,1
"Tori Ensley","LF",0.338,0.39,0.419,0.809,29,83,74,19,25,1,1,1,8,0,7,12,8,2,0.182,0.27,0.242,0.513,13,38,33,2,6,2,0,0,4,2,2,9,0,0,0.156,0,1
"Amaya Ross","1B",0.337,0.464,0.652,1.115,35,111,89,40,30,2,7,4,17,4,17,10,17,0,0.308,0.42,0.564,0.984,19,50,39,12,12,1,0,3,10,0,9,10,5,3,0.029,0,1
"Lindsey Garcia","RF",0.333,0.353,0.467,0.82,18,51,45,9,15,3,0,1,11,1,2,4,2,0,0.204,0.298,0.469,0.768,15,57,49,7,10,1,0,4,11,2,5,10,1,1,0.129,0,1
"Sara Beth Allen","DP",0.333,0.54,0.731,1.271,30,113,78,28,26,4,0,9,26,7,28,14,0,0,0.273,0.468,0.727,1.195,18,62,44,9,12,0,1,6,13,2,15,12,0,1,0.06,0,1
"MaKayla Marbury","SS",0.329,0.452,0.744,1.196,31,104,82,30,27,3,2,9,23,1,19,10,17,1,0.194,0.342,0.29,0.632,12,38,31,7,6,0,0,1,2,0,7,1,0,0,0.135,0,1
"Leah Boggs","C",0.326,0.347,0.478,0.825,19,50,46,9,15,4,0,1,6,0,2,5,5,0,0.283,0.316,0.34,0.655,22,58,53,8,15,3,0,0,4,0,3,6,3,0,0.043,0,1
"Rebecca Clyde","3B",0.325,0.404,0.475,0.879,18,48,40,6,13,3,0,1,7,1,5,7,0,0,0.132,0.207,0.189,0.396,19,59,53,9,7,0,0,1,3,1,4,17,1,0,0.193,0,1
"Nicole Giery","3B",0.323,0.361,0.554,0.915,21,73,65,10,21,6,0,3,13,0,5,5,6,2,0.361,0.398,0.59,0.988,25,90,83,14,30,8,1,3,11,1,4,10,2,2,-0.038,0,1
"Addison Amaral","2B",0.321,0.365,0.589,0.954,17,63,56,12,18,6,0,3,19,0,5,6,0,0,0.277,0.327,0.574,0.901,15,53,47,8,13,2,0,4,13,1,3,6,0,0,0.044,0,1
"Chelsea Mack","CF",0.316,0.339,0.316,0.655,19,64,57,11,18,0,0,0,2,0,2,8,2,1,0.273,0.322,0.273,0.595,19,61,55,5,15,0,0,0,1,0,4,1,2,1,0.043,0,1
"Skyler Brooks","2B",0.315,0.394,0.337,0.731,28,104,92,24,29,2,0,0,12,0,12,3,9,3,0.286,0.322,0.375,0.697,16,60,56,8,16,3,1,0,6,2,1,4,6,0,0.029,0,1
"Alex Brown","3B",0.315,0.351,0.506,0.857,25,96,89,20,28,2,3,3,7,1,4,8,1,2,0.333,0.423,0.45,0.873,17,73,60,11,20,2,1,1,13,1,9,6,1,0,-0.018,0,1
"Jahni Kerr","CF",0.311,0.374,0.611,0.985,30,99,90,13,28,5,2,6,25,0,9,5,2,0,0.275,0.302,0.471,0.772,18,55,51,9,14,1,0,3,10,0,2,6,0,0,0.036,0,1
"Desirae Martinez","3B",0.31,0.355,0.517,0.872,12,33,29,5,9,0,0,2,4,1,1,5,0,0,0.171,0.227,0.39,0.618,17,44,41,5,7,3,0,2,5,2,1,9,0,0,0.139,0,1
"Amiah Burgess","LF",0.3,0.391,0.45,0.841,29,69,60,17,18,4,1,1,16,0,9,10,2,0,0.364,0.481,0.591,1.072,18,54,44,13,16,0,2,2,12,3,7,7,2,0,-0.064,1,1
"Hannah Goodwin","3B",0.297,0.477,0.516,0.992,30,87,64,12,19,3,1,3,16,2,20,5,1,0,0.262,0.326,0.429,0.755,14,46,42,8,11,1,0,2,6,0,4,4,1,0,0.035,0,1
"Tiffany Domingue","2B",0.296,0.372,0.556,0.928,28,94,81,19,24,4,1,5,26,0,11,5,1,0,0.305,0.339,0.61,0.949,18,62,59,11,18,3,0,5,16,1,2,3,0,1,-0.00900000000000001,0,1
"KK Esparza","C",0.294,0.324,0.559,0.883,14,37,34,6,10,0,0,3,9,1,1,6,0,0,0.244,0.326,0.39,0.716,18,47,41,2,10,0,0,2,3,0,5,10,0,0,0.05,0,1
"Ana Gold","3B",0.29,0.373,0.581,0.953,32,111,93,20,27,0,3,7,27,1,13,12,4,1,0.254,0.378,0.358,0.736,21,83,67,17,17,4,0,1,11,2,12,9,4,1,0.036,1,1
"Ana Her--dez","SS",0.289,0.341,0.5,0.841,15,42,38,5,11,2,0,2,5,0,3,10,0,0,0.186,0.222,0.233,0.455,18,48,43,2,8,2,0,0,1,0,2,9,1,0,0.103,0,1
"Mickey Winchell","CF",0.283,0.333,0.302,0.635,17,58,53,6,15,1,0,0,3,0,4,8,1,0,0.195,0.25,0.22,0.47,15,44,41,3,8,1,0,0,4,0,3,5,1,2,0.088,0,1
"Amanda Ramirez","DP",0.282,0.364,0.462,0.825,15,45,39,2,11,1,0,2,9,0,5,5,0,0,0.234,0.345,0.383,0.728,19,57,47,3,11,1,0,2,7,2,6,8,0,0,0.048,0,1
"Francesca Frelick","DP",0.279,0.349,0.5,0.849,30,85,68,15,19,3,0,4,23,2,8,7,1,2,0.306,0.403,0.531,0.934,21,65,49,9,15,2,0,3,18,3,7,3,0,0,-0.027,1,1
"Shelby Barbee","3B",0.275,0.453,0.375,0.828,19,53,40,3,11,2,1,0,2,7,6,7,0,0,0.25,0.403,0.464,0.867,24,72,56,7,14,0,0,4,11,4,11,18,0,0,0.025,0,1
"Hallie Wacaser","RF",0.27,0.314,0.508,0.822,28,70,63,9,17,3,0,4,17,0,5,4,3,1,0.222,0.333,0.407,0.741,15,33,27,4,6,2,0,1,8,2,3,3,0,0,0.048,0,1
"Gator Robinson","SS",0.269,0.367,0.404,0.771,21,60,52,7,14,1,0,2,8,0,8,11,3,1,0.262,0.375,0.295,0.67,25,75,61,7,16,2,0,0,6,1,10,21,5,1,0.00700000000000001,0,1
"Jane Kronenberger","RF",0.268,0.407,0.293,0.7,17,56,41,8,11,1,0,0,3,2,9,7,0,0,0.119,0.245,0.214,0.459,15,50,42,4,5,1,0,1,3,2,5,8,0,0,0.149,0,1
"Angel Jasso","CF",0.263,0.295,0.351,0.646,18,63,57,9,15,2,0,1,9,1,2,8,3,0,0.403,0.413,0.611,1.024,21,75,72,16,29,4,4,1,17,0,2,9,6,1,-0.14,0,1
"Ellie Goins","CF",0.26,0.383,0.545,0.928,31,97,77,16,20,5,1,5,21,1,15,15,5,1,0.263,0.3,0.368,0.668,14,41,38,5,10,1,0,1,6,1,1,10,2,1,-0.003,0,1
"Arielle Oda","LF",0.259,0.403,0.278,0.681,23,67,54,17,14,1,0,0,1,1,12,2,3,2,0.326,0.456,0.478,0.934,17,57,46,15,15,2,1,1,10,3,8,6,1,0,-0.067,0,1
"Rachel Allen","DP",0.256,0.326,0.436,0.761,17,44,39,3,10,1,0,2,10,0,4,9,0,0,0.275,0.275,0.475,0.75,13,41,40,3,11,2,0,2,7,0,0,5,0,0,-0.019,0,1
"Makenzie Foster","2B",0.256,0.347,0.279,0.626,17,50,43,4,11,1,0,0,4,0,6,11,0,3,0.302,0.423,0.302,0.725,18,53,43,8,13,0,0,0,0,1,8,11,3,2,-0.046,0,1
"Karina Gaskins","1B",0.255,0.435,0.426,0.861,17,62,47,6,12,2,0,2,11,3,12,11,0,0,0.394,0.636,0.697,1.333,15,55,33,8,13,1,0,3,10,2,20,8,2,0,-0.139,0,1
"Autumn Owen","C",0.254,0.405,0.54,0.945,24,79,63,14,16,1,1,5,20,1,15,13,0,0,0.366,0.469,0.707,1.177,13,49,41,5,15,2,0,4,12,1,7,5,0,0,-0.112,0,1
"Bailee Richardson","3B",0.25,0.288,0.357,0.645,19,61,56,9,14,3,0,1,8,0,3,15,0,0,0.271,0.378,0.557,0.935,22,82,70,15,19,2,0,6,16,0,12,12,1,0,-0.021,0,1
"Bella Cabral","2B",0.246,0.313,0.377,0.69,20,67,61,3,15,6,1,0,8,2,4,9,0,0,0.28,0.308,0.5,0.808,25,91,82,14,23,3,0,5,18,1,4,10,2,0,-0.034,0,1
"Devyn Flaherty","2B",0.243,0.374,0.311,0.684,33,92,74,19,18,1,2,0,9,4,12,2,6,1,0.417,0.509,0.5,1.009,19,57,48,16,20,1,0,1,5,1,8,4,4,1,-0.174,0,1
"Reese Hunter","C",0.243,0.349,0.429,0.778,29,83,70,11,17,1,0,4,14,0,12,5,0,0,0.26,0.315,0.44,0.755,17,54,50,5,13,3,0,2,7,0,4,5,0,0,-0.017,0,1
"Kelsey Hackett","LF",0.242,0.359,0.303,0.662,15,40,33,7,8,2,0,0,5,3,3,5,1,1,0.22,0.339,0.26,0.599,20,59,50,8,11,2,0,0,5,0,9,11,0,0,0.022,0,1
"Cassidy Grimm","3B",0.241,0.279,0.241,0.52,17,62,58,14,14,0,0,0,7,0,3,10,4,1,0.442,0.479,0.512,0.991,15,50,43,9,19,3,0,0,9,0,4,2,2,0,-0.201,0,1
"Kelly Ayer","CF",0.24,0.283,0.28,0.563,18,53,50,9,12,0,1,0,3,0,3,3,1,0,0.184,0.2,0.245,0.445,19,51,49,1,9,1,1,0,5,0,1,14,1,0,0.056,0,1
"Annika Rohs","SS",0.24,0.345,0.28,0.625,14,30,25,6,6,1,0,0,5,0,4,4,0,0,0.163,0.182,0.163,0.345,22,45,43,4,7,0,0,0,0,0,1,8,1,0,0.077,0,1
"Macy Hamilton","LF",0.237,0.293,0.316,0.608,15,45,38,7,9,3,0,0,4,0,3,4,0,0,0.226,0.268,0.226,0.494,19,57,53,2,12,0,0,0,3,0,3,9,0,0,0.011,0,1
"Cami Compson","1B",0.233,0.34,0.674,1.014,15,50,43,7,10,1,0,6,13,1,6,7,0,0,0.163,0.268,0.347,0.615,19,58,49,4,8,0,0,3,6,1,6,15,0,0,0.07,0,1
"Paige Geraghty","LF",0.232,0.246,0.286,0.531,19,58,56,6,13,1,1,0,7,1,0,9,0,0,0.233,0.246,0.267,0.513,21,62,60,4,14,2,0,0,2,0,1,9,1,0,-0.001,0,1
"Aby Vieira","C",0.23,0.25,0.328,0.578,21,65,61,3,14,6,0,0,12,0,2,8,1,0,0.196,0.288,0.304,0.593,16,54,46,5,9,2,0,1,6,4,2,4,1,1,0.034,0,1
"Emily Tran","LF",0.229,0.269,0.229,0.498,17,55,48,5,11,0,0,0,7,0,3,1,1,0,0.217,0.265,0.217,0.483,15,50,46,5,10,0,0,0,2,0,3,4,4,1,0.012,0,1
"Emma Jackson","2B",0.228,0.302,0.263,0.565,21,63,57,8,13,2,0,0,4,1,5,10,3,2,0.231,0.306,0.277,0.582,25,74,65,9,15,1,1,0,1,0,7,19,2,0,-0.003,0,1
"Vanessa Miller","RF",0.22,0.281,0.288,0.569,19,64,59,3,13,1,0,1,7,1,4,20,3,1,0.313,0.403,0.761,1.164,22,77,67,13,21,3,0,9,20,2,8,16,4,1,-0.093,0,1
"Kylie Griggs","CF",0.219,0.479,0.531,1.01,13,49,32,9,7,1,0,3,9,5,11,1,5,0,0.306,0.443,0.612,1.055,19,62,49,9,15,3,0,4,10,3,9,8,1,0,-0.087,0,1
"Kali Case","CF",0.216,0.326,0.297,0.623,20,43,37,5,8,1,1,0,0,0,6,8,2,1,0.149,0.167,0.149,0.316,20,48,47,2,7,0,0,0,1,1,0,17,2,1,0.067,0,1
"Maddi Grant","3B",0.2,0.273,0.3,0.573,11,22,20,1,4,2,0,0,1,0,2,8,0,0,0.294,0.429,0.588,1.017,19,46,34,3,10,1,0,3,5,1,7,6,1,0,-0.094,0,1
"Jada Baker","SS",0.195,0.256,0.247,0.503,32,86,77,15,15,1,0,1,13,3,4,14,1,1,0.283,0.328,0.417,0.745,21,68,60,8,17,2,0,2,9,0,4,5,2,0,-0.088,1,1
"Sarah Coon","3B",0.193,0.288,0.281,0.569,20,66,57,6,11,2,0,1,10,4,4,9,1,1,0.214,0.304,0.314,0.618,24,80,70,6,15,1,0,2,8,1,8,16,1,0,-0.021,0,1
"Abby Weaver","RF",0.192,0.302,0.212,0.513,20,65,52,6,10,1,0,0,8,0,9,6,1,1,0.231,0.292,0.308,0.599,22,72,65,10,15,2,0,1,8,1,5,5,3,0,-0.039,0,1
"Kaylee Lambrecht","2B",0.184,0.311,0.211,0.522,31,91,76,11,14,2,0,0,7,0,14,7,3,0,0.188,0.333,0.281,0.615,14,40,32,9,6,3,0,0,4,0,7,5,1,0,-0.004,0,1
"Laila Morales-Alves","C",0.184,0.2,0.286,0.486,16,50,49,5,9,2,0,1,8,0,1,4,0,0,0.346,0.382,0.442,0.824,17,55,52,4,18,2,0,1,9,2,1,10,0,0,-0.162,0,1
"Macee Eaton","DP",0.171,0.227,0.195,0.422,16,44,41,2,7,1,0,0,0,0,3,8,0,0,0.243,0.293,0.324,0.617,25,83,74,9,18,3,0,1,11,1,5,16,2,0,-0.072,0,1
"Jordan Stephens","RF",0.167,0.25,0.278,0.528,17,41,36,3,6,2,1,0,2,0,4,4,1,0,0.235,0.257,0.368,0.625,24,70,68,4,16,1,1,2,10,0,2,7,1,0,-0.068,0,1
"Anna Holloway","SS",0.167,0.222,0.262,0.484,17,48,42,2,7,1,0,1,4,1,2,6,0,0,0.405,0.405,0.568,0.973,15,42,37,2,15,4,1,0,2,0,0,9,1,0,-0.238,0,1
"Kiley Goff","C",0.162,0.367,0.189,0.557,19,53,37,10,6,1,0,0,2,4,8,9,3,0,0.208,0.449,0.271,0.72,22,72,48,8,10,3,0,0,4,8,13,7,3,1,-0.046,0,1
"Taylor Posner","LF",0.149,0.255,0.17,0.425,18,56,47,8,7,1,0,0,3,3,4,9,2,0,0.371,0.413,0.743,1.156,21,75,70,18,26,5,0,7,25,2,3,10,5,0,-0.222,0,1
"Jules Shields","RF",0.098,0.191,0.122,0.313,18,48,41,2,4,1,0,0,3,0,5,5,1,0,0.18,0.397,0.18,0.577,25,69,50,7,9,0,0,0,1,3,15,13,6,1,-0.082,0,1
"Jeanay Riley","LF",0.443,0.494,0.8,1.294,22,77,70,21,31,10,3,3,17,1,6,7,4,1,0.348,0.358,0.485,0.843,17,67,66,15,23,3,0,2,18,0,1,7,3,0,0.095,0,0
"Felicity Frame","LF",0.441,0.492,0.475,0.967,19,69,59,14,26,0,1,0,4,0,6,4,7,0,0.24,0.283,0.24,0.523,16,57,50,7,12,0,0,0,1,0,3,6,1,0,0.201,0,0
"Kylie Campbell","1B",0.432,0.452,0.568,1.02,26,94,88,19,38,5,2,1,15,0,4,4,0,0,0.239,0.28,0.261,0.541,16,51,46,3,11,1,0,0,1,0,3,4,0,1,0.193,0,0
"Briley Dover","3B",0.407,0.484,0.648,1.132,19,64,54,11,22,3,2,2,12,5,3,5,4,1,0.302,0.422,0.472,0.894,18,64,53,11,16,4,1,1,4,4,7,4,3,1,0.105,0,0
"Kami Eppley","CF",0.389,0.433,0.484,0.917,32,106,95,12,37,2,2,1,16,5,3,10,16,3,0.28,0.308,0.3,0.608,18,54,50,2,14,1,0,0,3,1,1,10,3,1,0.109,0,0
"Madison Scott","2B",0.388,0.455,0.449,0.904,20,55,49,13,19,1,1,0,12,1,5,5,3,0,0.275,0.37,0.3,0.67,17,48,40,10,11,1,0,0,3,1,5,8,4,0,0.113,0,0
"Brie Howard","CF",0.388,0.511,0.716,1.228,26,88,67,21,26,2,1,6,25,12,7,12,1,0,0.206,0.404,0.412,0.816,15,47,34,10,7,1,0,2,5,5,7,8,0,0,0.182,0,0
"Nikki Gibson","3B",0.387,0.403,0.403,0.806,25,67,62,11,24,1,0,0,11,0,3,6,4,0,0.225,0.295,0.275,0.57,14,45,40,3,9,2,0,0,3,1,3,3,7,0,0.162,0,0
"Jaelin Haynes","CF",0.381,0.435,0.524,0.959,16,46,42,10,16,6,0,0,3,0,4,4,4,0,0.5,0.524,0.625,1.149,13,42,40,12,20,1,2,0,6,0,2,4,1,0,-0.119,0,0
"Kaylyn Belfield","LF",0.379,0.493,0.397,0.89,21,72,58,9,22,1,0,0,3,1,12,6,1,0,0.167,0.273,0.167,0.439,17,57,48,4,8,0,0,0,2,0,7,10,2,0,0.212,0,0
"Kayla Smith","SS",0.378,0.397,0.635,1.033,23,79,74,17,28,3,2,4,13,0,3,12,8,1,0.313,0.375,0.45,0.825,24,90,80,14,25,6,1,1,12,1,7,7,11,4,0.065,0,0
"Chloe Collins","DH",0.377,0.45,0.604,1.054,18,60,53,5,20,3,0,3,13,0,7,3,0,0,0.16,0.192,0.24,0.432,17,52,50,2,8,1,0,1,5,0,2,10,0,0,0.217,0,0
"Tremere Harris","CF",0.371,0.506,0.429,0.934,26,90,70,15,26,2,1,0,10,0,19,6,4,0,0.457,0.561,0.522,1.083,15,57,46,12,21,1,1,0,8,1,10,3,2,1,-0.086,0,0
"Riley Oakes","CF",0.367,0.411,0.469,0.881,31,107,98,13,36,3,2,1,17,0,8,8,8,2,0.298,0.313,0.447,0.759,14,48,47,7,14,3,2,0,3,0,1,9,3,0,0.069,0,0
"Madelyn Synoracki","RF",0.359,0.379,0.391,0.77,29,98,92,12,33,1,1,0,9,0,3,8,8,4,0.163,0.212,0.163,0.375,18,55,49,4,8,0,0,0,2,1,2,9,1,1,0.196,0,0
"Avery Viancos","LF",0.357,0.446,0.429,0.875,25,65,56,12,20,0,2,0,4,0,9,12,10,2,0.368,0.442,0.421,0.863,14,43,38,6,14,2,0,0,2,0,5,6,6,2,-0.011,0,0
"Olivia Black","RF",0.357,0.419,0.357,0.776,25,62,56,9,20,0,0,0,5,0,6,8,11,2,0.212,0.297,0.273,0.57,14,37,33,3,7,0,1,0,2,0,4,7,4,0,0.145,0,0
"Allison Benning","P",0.352,0.427,0.704,1.131,26,82,71,12,25,4,0,7,20,0,10,13,0,0,0.322,0.375,0.695,1.07,19,64,59,10,19,1,0,7,16,0,5,12,0,0,0.03,0,0
"Haven Kirby","SS",0.345,0.387,0.564,0.951,19,63,55,10,19,7,1,1,8,0,5,7,2,0,0.276,0.295,0.534,0.83,18,61,58,11,16,3,0,4,19,0,2,12,1,0,0.069,0,0
"Hadlee Reichert","2B",0.338,0.443,0.354,0.797,26,83,65,17,22,1,0,0,6,1,12,4,5,2,0.311,0.358,0.393,0.752,19,71,61,6,19,3,1,0,3,0,5,4,1,2,0.027,0,0
"Hailey Jones","2B",0.333,0.333,0.587,0.921,19,66,63,9,21,4,0,4,17,0,1,1,0,0,0.255,0.339,0.473,0.811,18,62,55,13,14,4,1,2,10,0,7,1,1,0,0.078,0,0
"Madison Bratek","CF",0.325,0.396,0.398,0.793,28,98,83,17,27,3,0,1,11,0,11,5,10,0,0.231,0.333,0.269,0.603,16,60,52,11,12,2,0,0,4,4,4,6,10,1,0.094,0,0
"Josey Polk","3B",0.325,0.381,0.364,0.745,25,86,77,4,25,3,0,0,4,1,6,7,2,0,0.25,0.291,0.288,0.579,17,57,52,1,13,2,0,0,3,0,3,4,0,0,0.075,0,0
"Maddi Rutan","P",0.317,0.405,0.571,0.977,22,74,63,14,20,1,0,5,19,0,10,16,0,0,0.26,0.406,0.5,0.906,17,64,50,9,13,4,1,2,12,1,12,9,0,0,0.057,0,0
"Kylie Griffin","3B",0.313,0.38,0.349,0.73,26,94,83,20,26,1,1,0,3,1,8,6,9,0,0.377,0.386,0.415,0.801,15,58,53,9,20,2,0,0,6,0,2,4,7,3,-0.064,0,0
"Elise Shewmaker","1B",0.311,0.433,0.467,0.9,21,61,45,11,14,4,0,1,11,0,12,6,2,0,0.149,0.245,0.234,0.479,18,54,47,2,7,4,0,0,3,3,3,15,1,1,0.162,0,0
"Kendyl Weinzapfel","LF",0.309,0.341,0.506,0.847,26,87,81,10,25,3,2,3,14,0,4,8,2,1,0.356,0.396,0.4,0.796,16,49,45,4,16,2,0,0,5,0,3,3,3,0,-0.047,0,0
"Kassidy Amerson-Fox","CF",0.309,0.427,0.471,0.897,27,84,68,10,21,3,1,2,10,1,13,19,7,1,0.206,0.289,0.294,0.584,11,38,34,6,7,0,0,1,6,1,3,10,0,1,0.103,0,0
"Megan Hodum","RF",0.308,0.366,0.385,0.751,25,71,65,9,20,1,2,0,6,0,6,8,6,0,0.241,0.313,0.276,0.588,12,35,29,1,7,1,0,0,0,0,3,2,0,0,0.067,0,0
"Addison Foster","SS",0.308,0.433,0.397,0.83,29,99,78,20,24,4,0,1,8,1,17,9,15,1,0.321,0.377,0.357,0.734,18,61,56,9,18,2,0,0,5,1,4,9,9,1,-0.013,0,0
"Tiffany Meek","2B",0.306,0.362,0.329,0.691,31,94,85,11,26,2,0,0,6,0,8,10,5,2,0.225,0.262,0.275,0.537,14,44,40,6,9,0,1,0,4,1,1,3,2,1,0.081,0,0
"Macyn Kirby","RF",0.302,0.351,0.302,0.653,18,57,53,4,16,0,0,0,5,1,3,9,2,0,0.154,0.19,0.154,0.344,16,42,39,3,6,0,0,0,1,0,2,8,3,1,0.148,0,0
"Renee Christian","LF",0.301,0.363,0.337,0.7,26,92,83,17,25,1,1,0,2,0,8,16,7,1,0.327,0.368,0.423,0.791,15,58,52,11,17,2,0,1,6,0,4,8,5,1,-0.026,0,0
"Ashlyn Mickler","2B",0.297,0.387,0.313,0.699,23,77,64,15,19,1,0,0,3,2,8,4,4,1,0.296,0.405,0.324,0.729,24,87,71,10,21,2,0,0,6,2,11,13,7,0,0.001,0,0
"Annabella McClerren","LF",0.286,0.394,0.381,0.775,32,101,84,14,24,5,0,1,10,2,13,8,2,0,0.136,0.283,0.205,0.488,18,55,44,4,6,0,0,1,2,3,6,7,0,0,0.15,0,0
"Madisyn Federico","CF",0.284,0.337,0.42,0.757,26,91,81,14,23,2,0,3,13,3,4,11,14,1,0.265,0.333,0.388,0.721,14,54,49,7,13,3,0,1,1,0,5,4,5,1,0.019,0,0
"Alyssa Hastings","SS",0.284,0.391,0.284,0.675,25,89,74,8,21,0,0,0,3,1,12,4,1,0,0.319,0.407,0.362,0.769,17,55,47,3,15,2,0,0,5,1,6,3,1,0,-0.035,0,0
"Allison Bratek","3B",0.283,0.362,0.413,0.775,31,105,92,21,26,6,0,2,8,2,10,9,5,0,0.267,0.377,0.444,0.822,16,56,45,11,12,2,0,2,7,0,8,5,0,0,0.016,0,0
"Gracie St. Hilaire","RF",0.283,0.45,0.45,0.9,26,80,60,11,17,2,4,0,14,1,18,17,2,0,0.205,0.286,0.25,0.536,15,49,44,4,9,2,0,0,9,3,2,6,0,0,0.078,0,0
"Stella Henry","CF",0.281,0.378,0.354,0.733,31,113,96,24,27,1,3,0,6,0,15,18,13,4,0.298,0.298,0.333,0.632,16,60,57,3,17,0,1,0,2,0,0,7,7,0,-0.017,0,0
"Morgan Zuege","2B",0.28,0.392,0.305,0.697,26,101,82,20,23,0,1,0,5,3,12,6,3,0,0.208,0.222,0.226,0.449,16,55,53,2,11,1,0,0,0,0,1,11,0,0,0.072,0,0
"Neely Peterson","C",0.28,0.345,0.427,0.772,28,84,75,6,21,6,1,1,14,1,7,14,1,0,0.311,0.354,0.511,0.865,14,48,45,6,14,3,0,2,11,0,3,7,2,0,-0.031,0,0
"Lilly Hood","2B",0.279,0.343,0.426,0.77,24,67,61,11,17,7,1,0,12,0,6,9,2,0,0.191,0.235,0.234,0.469,15,52,47,4,9,2,0,0,10,0,3,6,0,0,0.088,0,0
"Vianna Barron","1B",0.277,0.351,0.446,0.798,22,76,65,9,18,2,0,3,15,3,5,4,0,0,0.281,0.359,0.439,0.798,17,65,57,6,16,6,0,1,15,2,5,6,0,0,-0.004,0,0
"Morgan Nelson","1B",0.274,0.372,0.493,0.865,26,86,73,6,20,10,0,2,27,3,9,13,0,0,0.348,0.412,0.761,1.173,15,52,46,8,16,1,0,6,18,1,4,8,0,0,-0.074,0,0
"Lath Freeman","DP",0.267,0.354,0.442,0.795,30,99,86,4,23,1,1,4,14,1,11,10,0,0,0.32,0.321,0.42,0.741,17,53,50,1,16,2,0,1,10,0,1,5,0,0,-0.053,0,0
"Macee Roberts","3B",0.265,0.3,0.386,0.686,26,90,83,8,22,7,0,1,11,0,5,2,1,0,0.239,0.28,0.261,0.541,16,50,46,3,11,1,0,0,4,2,1,3,0,0,0.026,0,0
"Kailey Harrigan","1B",0.264,0.361,0.403,0.764,28,85,72,4,19,7,0,1,17,2,9,8,0,0,0.184,0.295,0.388,0.683,17,63,49,7,9,1,0,3,10,4,5,2,0,0,0.08,0,0
"Briyana Wright","2B",0.262,0.34,0.333,0.674,18,47,42,6,11,3,0,0,4,0,5,9,3,0,0.233,0.258,0.333,0.591,15,32,30,3,7,0,0,1,1,0,1,7,0,0,0.029,0,0
"Shannon Glover","LF",0.259,0.299,0.42,0.719,26,87,81,15,21,3,2,2,17,2,3,11,5,0,0.283,0.358,0.567,0.925,19,67,60,8,17,5,0,4,18,4,3,8,0,0,-0.024,0,0
"Megan Konermann","1B",0.259,0.293,0.481,0.775,18,58,54,6,14,7,1,1,14,0,3,3,0,0,0.184,0.212,0.224,0.436,17,52,49,1,9,2,0,0,2,1,1,11,0,0,0.075,0,0
"Mea Clark","C",0.25,0.373,0.375,0.748,24,67,56,1,14,4,0,1,16,0,11,9,0,0,0.212,0.297,0.212,0.509,14,38,33,2,7,0,0,0,4,0,4,12,0,0,0.038,0,0
"Brenna Sherman","C",0.246,0.309,0.344,0.653,22,68,61,6,15,4,1,0,8,0,6,3,0,1,0.132,0.175,0.132,0.307,14,40,38,0,5,0,0,0,1,2,0,6,0,0,0.114,0,0
"Harlie Bickett","SS",0.241,0.328,0.278,0.606,18,61,54,11,13,2,0,0,4,3,4,6,2,0,0.408,0.446,0.551,0.997,17,56,49,7,20,2,1,1,5,3,2,4,2,0,-0.167,0,0
"Kari Holzrichter","DP",0.239,0.36,0.284,0.644,28,86,67,5,16,0,0,1,11,0,15,5,0,0,0.327,0.431,0.388,0.819,18,58,49,6,16,3,0,0,14,1,8,3,0,0,-0.088,0,0
"Lilly Davis","C",0.235,0.458,0.5,0.958,17,48,34,6,8,3,0,2,8,0,14,9,1,0,0.211,0.365,0.5,0.865,16,52,38,6,8,2,0,3,14,2,9,9,0,0,0.024,0,0
"Alison Carter","RF",0.234,0.355,0.338,0.693,30,93,77,6,18,5,0,1,6,5,10,13,2,0,0.36,0.441,0.64,1.081,17,59,50,16,18,6,1,2,12,2,6,5,2,0,-0.126,0,0
"Savannah Channell","SS",0.233,0.387,0.283,0.67,26,75,60,9,14,0,0,1,5,1,14,14,1,0,0.298,0.433,0.383,0.816,19,61,47,11,14,1,0,1,7,0,12,5,1,0,-0.065,0,0
"Maggie Pertee","SS",0.233,0.309,0.433,0.742,21,70,60,13,14,4,1,2,8,4,3,9,1,1,0.271,0.333,0.333,0.667,15,57,48,15,13,3,0,0,4,2,3,4,4,0,-0.038,0,0
"Nicole Waters","C",0.233,0.25,0.395,0.645,17,45,43,5,10,1,0,2,8,0,1,8,2,0,0.095,0.136,0.119,0.255,15,44,42,1,4,1,0,0,0,0,2,15,0,0,0.138,0,0
"Ava Guzowski","SS",0.23,0.315,0.324,0.639,27,90,74,7,17,1,0,2,16,3,8,17,3,2,0.238,0.365,0.405,0.77,15,52,42,6,10,1,0,2,6,0,9,11,0,0,-0.00799999999999998,0,0
"Serenity Shemwell","3B",0.229,0.309,0.438,0.747,18,55,48,6,11,1,0,3,9,0,6,11,1,0,0.205,0.255,0.341,0.596,16,47,44,2,9,0,0,2,6,0,3,13,0,0,0.024,0,0
"Meagan Ricks","1B",0.225,0.356,0.324,0.68,30,90,71,9,16,2,1,1,3,3,12,13,7,0,0.2,0.3,0.314,0.614,14,41,35,8,7,1,0,1,5,1,4,7,5,0,0.025,0,0
"Evette Morgan","2B",0.225,0.319,0.325,0.644,22,48,40,3,9,1,0,1,6,6,0,10,0,0,0.278,0.341,0.306,0.647,15,42,36,1,10,1,0,0,5,3,1,10,2,0,-0.053,0,0
"Jasmine Miller","3B",0.224,0.391,0.429,0.819,22,64,49,9,11,1,0,3,11,7,7,13,2,1,0.22,0.358,0.415,0.773,17,53,41,7,9,2,0,2,9,3,7,16,4,0,0.004,0,0
"Gabi Robles","LF",0.22,0.281,0.271,0.552,25,64,59,10,13,1,1,0,3,1,4,4,2,2,0.286,0.302,0.286,0.588,14,44,42,5,12,0,0,0,3,0,1,2,2,1,-0.066,0,0
"Caroline Shumeyko","1B",0.219,0.278,0.288,0.566,30,82,73,5,16,2,0,1,7,2,4,19,0,0,0.091,0.139,0.091,0.23,14,36,33,3,3,0,0,0,2,1,1,10,0,0,0.128,0,0
"Kiera Cooper","DP",0.218,0.266,0.345,0.611,31,94,87,15,19,8,0,1,14,0,6,22,2,0,0.116,0.174,0.233,0.406,16,46,43,3,5,2,0,1,3,2,1,11,0,0,0.102,0,0
"Brooke Shewmaker","RF",0.218,0.295,0.218,0.513,18,61,55,8,12,0,0,0,2,0,6,10,3,0,0.18,0.255,0.2,0.455,16,55,50,4,9,1,0,0,2,1,4,7,2,0,0.038,0,0
"Gabi Apiag","SS",0.217,0.27,0.319,0.589,26,75,69,8,15,1,3,0,5,0,5,7,0,0,0.152,0.222,0.242,0.465,16,37,33,0,5,1,1,0,5,0,3,4,1,0,0.065,0,0
"Madison Davis","LF",0.217,0.25,0.261,0.511,18,48,46,5,10,2,0,0,4,0,2,3,1,0,0.189,0.25,0.189,0.439,17,41,37,2,7,0,0,0,1,0,3,6,1,0,0.028,0,0
"Elle Smith","CF",0.217,0.362,0.217,0.579,23,59,46,5,10,0,0,0,5,0,11,9,3,2,0.286,0.362,0.286,0.647,16,47,42,5,12,0,0,0,0,1,4,6,1,0,-0.069,0,0
"Sidney Bevis","RF",0.214,0.313,0.214,0.527,15,49,42,8,9,0,0,0,4,5,1,3,0,0,0.222,0.288,0.315,0.603,18,60,54,6,12,1,2,0,2,3,2,6,0,0,-0.00800000000000001,0,0
"Gia Napoli","3B",0.214,0.343,0.232,0.575,27,72,56,11,12,1,0,0,3,0,11,11,7,1,0.143,0.333,0.143,0.476,10,19,14,3,2,0,0,0,0,0,4,7,1,1,0.071,0,0
"Macie Howes","C",0.211,0.283,0.356,0.638,31,99,90,9,19,4,0,3,13,2,7,21,1,0,0.213,0.302,0.426,0.727,16,53,47,5,10,1,0,3,7,1,5,9,0,0,-0.002,0,0
"Kirsten Caravaca","C",0.209,0.346,0.233,0.579,20,54,43,6,9,1,0,0,2,0,9,4,0,0,0.242,0.308,0.273,0.58,14,40,33,7,8,1,0,0,4,0,4,3,0,0,-0.033,0,0
"Reese Evans","3B",0.209,0.253,0.267,0.52,31,91,86,6,18,2,0,1,6,3,2,14,1,0,0.239,0.286,0.239,0.525,16,49,46,2,11,0,0,0,5,0,3,7,0,0,-0.03,0,0
"Raegan Clem","C",0.207,0.303,0.276,0.579,14,34,29,3,6,2,0,0,2,2,2,7,1,0,0.083,0.244,0.083,0.328,17,46,36,0,3,0,0,0,3,2,6,8,0,0,0.124,0,0
"Madison Cantoni","C",0.207,0.361,0.241,0.602,15,37,29,3,6,1,0,0,1,0,7,3,1,0,0.096,0.203,0.096,0.3,23,66,52,0,5,0,0,0,2,0,7,21,0,0,0.111,0,0
"Lillyanna Cartee","1B",0.204,0.241,0.347,0.588,18,55,49,3,10,2,1,1,8,1,2,5,0,0,0.333,0.42,0.5,0.92,15,51,42,5,14,7,0,0,7,2,5,5,1,0,-0.129,0,0
"Madison Reynolds","SS",0.2,0.391,0.229,0.62,29,96,70,11,14,2,0,0,3,0,22,16,6,1,0.293,0.379,0.362,0.741,18,67,58,12,17,4,0,0,9,0,8,8,8,1,-0.093,0,0
"Ty Hardeman","2B",0.197,0.254,0.311,0.565,25,68,61,7,12,3,2,0,5,1,4,14,5,0,0.2,0.234,0.222,0.456,16,47,45,3,9,1,0,0,1,0,2,13,0,1,-0.003,0,0
"Marissa Baxter","1B",0.194,0.242,0.242,0.484,24,67,62,2,12,1,1,0,7,0,4,11,0,0,0.129,0.229,0.194,0.422,13,35,31,2,4,2,0,0,2,0,4,6,0,0,0.065,0,0
"Logan Jackson","1B",0.188,0.236,0.25,0.486,25,73,64,4,12,2,1,0,14,0,5,6,1,0,0.322,0.355,0.525,0.88,19,62,59,8,19,3,0,3,10,0,3,6,0,0,-0.134,0,0
"Kennedy Fisher","C",0.186,0.271,0.302,0.573,24,49,43,4,8,2,0,1,7,1,4,9,2,0,0.167,0.265,0.167,0.431,15,35,30,3,5,0,0,0,1,1,3,9,2,0,0.019,0,0
"Madison Miller","LF",0.18,0.24,0.191,0.431,31,104,89,9,16,1,0,0,5,0,7,9,7,0,0.175,0.233,0.25,0.483,16,48,40,5,7,1,1,0,4,0,3,9,3,0,0.005,0,0
"Brooke Piper","3B",0.178,0.362,0.244,0.607,21,61,45,5,8,0,0,1,9,3,10,10,3,0,0.227,0.354,0.288,0.642,24,81,66,8,15,1,0,1,4,1,12,12,3,0,-0.049,0,0
"Abi Annett","3B",0.175,0.3,0.246,0.546,26,72,57,5,10,1,0,1,9,1,10,15,1,0,0.236,0.263,0.4,0.663,19,58,55,5,13,3,0,2,8,0,2,6,0,0,-0.061,0,0
"Averi Harcus","C",0.172,0.231,0.276,0.507,24,66,58,6,10,3,0,1,13,0,5,4,1,1,0.333,0.365,0.417,0.782,17,54,48,7,16,1,0,1,12,1,2,5,2,0,-0.161,0,0
"Olivia Bricker","CF",0.158,0.319,0.158,0.477,18,47,38,9,6,0,0,0,1,0,9,8,0,0,0.083,0.214,0.083,0.298,17,42,36,4,3,0,0,0,0,0,6,16,0,0,0.075,0,0
"Kasidi Staley","CF",0.152,0.278,0.196,0.473,19,55,46,3,7,2,0,0,4,1,7,10,1,0,0.298,0.459,0.319,0.778,21,64,47,3,14,1,0,0,4,0,14,8,0,0,-0.146,0,0
"Sophie Wylie","SS",0.146,0.205,0.171,0.375,27,47,41,3,6,1,0,0,4,0,3,8,1,0,0.04,0.038,0.04,0.078,14,30,25,1,1,0,0,0,1,0,0,1,0,0,0.106,0,0
"Chloe Culp","RF",0.133,0.246,0.25,0.496,25,69,60,8,8,4,0,1,3,0,9,8,1,0,0.279,0.311,0.372,0.683,15,48,43,5,12,1,0,1,1,0,2,0,1,0,-0.146,0,0
"Lauren Higginbotham","1B",0.118,0.195,0.118,0.313,19,42,34,2,4,0,0,0,5,0,4,4,0,0,0.217,0.28,0.348,0.628,12,25,23,3,5,1,1,0,2,1,1,4,1,0,-0.099,0,0
"Lindsey BeRoeck","1B",0.118,0.303,0.157,0.46,22,70,51,8,6,0,1,0,6,0,14,8,4,0,0.226,0.304,0.306,0.611,23,69,62,5,14,2,0,1,3,1,6,13,1,1,-0.108,0,0
"Huntyr Ava","1B",0.518,0.569,0.946,1.516,17,65,56,13,29,6,0,6,27,3,5,0,1,0,0.281,0.305,0.404,0.709,18,59,57,2,16,1,0,2,11,1,1,5,0,0,0.237,0,1
"Jayda Coleman","CF",0.466,0.58,0.822,1.402,29,102,73,31,34,6,1,6,21,1,23,3,3,1,0.404,0.586,0.723,1.309,17,71,47,24,19,0,0,5,14,2,20,2,1,0,0.062,1,1
"Reese Atwood","C",0.465,0.56,0.907,1.467,31,109,86,22,40,8,0,10,42,6,15,12,0,0,0.359,0.421,0.756,1.177,25,95,78,13,28,2,1,9,35,4,8,4,1,1,0.106,1,1
"Shaylon Govan","1B",0.458,0.636,0.78,1.416,28,88,59,12,27,4,0,5,17,1,28,8,0,0,0.45,0.532,0.7,1.232,21,77,60,6,27,3,0,4,12,1,13,3,0,0,0.00800000000000001,0,1
"Angelina Allen","LF",0.457,0.5,0.783,1.283,15,52,46,13,21,6,0,3,10,0,5,4,3,0,0.354,0.404,0.671,1.075,24,89,82,16,29,11,0,5,18,0,7,12,3,0,0.103,0,1
"Alyssa Brito","3B",0.44,0.543,0.905,1.448,30,105,84,26,37,11,2,8,30,1,19,10,2,0,0.362,0.418,0.759,1.177,17,67,58,18,21,3,1,6,15,0,7,4,0,0,0.078,1,1
"Alynah Torres","2B",0.439,0.529,0.789,1.319,28,70,57,16,25,5,0,5,20,0,11,3,1,0,0.205,0.279,0.385,0.664,17,45,39,3,8,1,0,2,4,1,3,5,0,0,0.234,1,1
"Ailana Agbayani","SS",0.431,0.541,0.759,1.299,18,74,58,24,25,6,2,3,12,4,11,1,3,1,0.382,0.521,0.527,1.048,19,71,55,11,21,2,0,2,9,6,10,5,5,2,0.049,0,1
"Turiya Coleman","C",0.429,0.515,0.69,1.206,30,102,84,23,36,3,2,5,27,4,11,8,4,2,0.311,0.419,0.508,0.927,22,75,61,14,19,1,1,3,17,5,7,10,2,1,0.118,0,1
"Ella Parker","DP",0.429,0.531,0.779,1.31,30,98,77,28,33,9,0,6,33,2,17,8,7,2,0.356,0.482,0.622,1.104,17,56,45,14,16,3,0,3,11,2,9,6,7,1,0.073,1,1
"Rylie Boone","LF",0.425,0.471,0.55,1.021,30,88,80,24,34,7,0,1,5,2,5,1,2,1,0.346,0.37,0.365,0.736,17,54,52,10,18,1,0,0,11,0,2,4,3,0,0.079,1,1
"Kailey Wyckoff","DP",0.423,0.5,0.808,1.308,19,62,52,14,22,6,1,4,16,3,6,5,0,0,0.415,0.5,0.569,1.069,22,76,65,16,27,5,1,1,12,0,11,7,2,0,0.00800000000000001,0,1
"Caroline Wang","C",0.418,0.461,0.672,1.132,24,76,67,16,28,2,0,5,16,0,7,7,0,0,0.36,0.391,0.802,1.194,28,93,86,16,31,5,0,11,29,1,4,8,0,0,0.058,1,1
"Kasidi Pickering","RF",0.418,0.544,0.851,1.395,30,90,67,21,28,6,1,7,24,0,21,9,3,0,0.325,0.481,0.675,1.156,17,52,40,11,13,2,0,4,13,0,12,5,1,0,0.093,1,1
"Katie Stewart","1B",0.415,0.529,0.744,1.273,31,104,82,25,34,6,0,7,30,2,19,14,3,0,0.281,0.403,0.438,0.84,21,77,64,13,18,4,0,2,12,0,13,17,1,0,0.134,1,1
"Abbie Orrick","SS",0.408,0.426,0.694,1.12,18,54,49,14,20,2,0,4,13,0,3,7,1,0,0.284,0.351,0.567,0.919,22,74,67,12,19,4,0,5,17,1,6,11,5,0,0.124,0,1
"Micaela Wark","DP",0.408,0.53,0.898,1.428,24,66,49,10,20,3,0,7,18,2,13,6,0,0,0.172,0.264,0.391,0.655,25,73,64,6,11,2,0,4,10,2,6,12,0,0,0.236,1,1
"Lexi McDonald","RF",0.406,0.512,0.563,1.075,17,42,32,5,13,5,0,0,8,1,7,6,0,0,0.318,0.412,0.568,0.98,25,51,44,5,14,2,0,3,7,3,4,7,0,0,0.088,1,1
"Bella Dayton","LF",0.403,0.449,0.597,1.046,28,78,67,18,27,2,4,1,12,0,8,7,4,0,0.321,0.471,0.434,0.905,25,75,53,18,17,3,0,1,13,0,16,7,8,1,0.082,1,1
"Alesia Ranches","SS",0.395,0.458,0.767,1.226,15,49,43,9,17,0,2,4,11,1,4,4,1,0,0.274,0.361,0.411,0.772,24,84,73,6,20,8,1,0,10,0,10,21,1,1,0.121,0,1
"Kennedy Crites","C",0.395,0.425,0.526,0.951,16,41,38,3,15,2,0,1,6,1,1,3,0,0,0.269,0.296,0.365,0.662,19,55,52,5,14,2,0,1,4,0,2,3,0,0,0.126,0,1
"Viviana Martinez","SS",0.395,0.448,0.618,1.067,27,89,76,16,30,10,2,1,21,4,5,8,1,1,0.39,0.44,0.622,1.062,25,91,82,22,32,8,1,3,23,0,8,7,1,0,0.005,1,1
"Karli Godwin","1B",0.394,0.469,0.833,1.302,24,81,66,20,26,2,0,9,23,5,7,7,0,0,0.312,0.343,0.591,0.935,28,99,93,13,29,8,0,6,21,0,5,11,0,0,0.082,1,1
"Maddie Udall","3B",0.393,0.422,0.574,0.996,18,64,61,8,24,4,2,1,11,1,2,5,0,0,0.231,0.268,0.404,0.672,19,58,52,7,12,3,0,2,6,2,1,11,1,0,0.162,0,1
"Ashton Maloney","RF",0.391,0.397,0.406,0.803,29,75,69,17,27,1,0,0,11,0,2,4,6,1,0.378,0.432,0.392,0.824,25,81,74,19,28,1,0,0,6,0,7,4,3,1,0.013,1,1
"Joley Mitchell","DP",0.39,0.506,0.661,1.168,27,79,59,24,23,5,1,3,18,0,16,12,6,0,0.348,0.45,0.53,0.98,23,82,66,18,23,3,0,3,12,0,13,9,3,1,0.042,1,1
"Mia Scott","3B",0.388,0.486,0.729,1.215,31,108,85,34,33,6,4,5,22,2,16,4,2,1,0.443,0.5,0.671,1.171,24,91,79,26,35,4,1,4,29,0,10,4,2,0,-0.055,1,1
"Lair Beautae","2B",0.381,0.485,0.714,1.2,30,105,84,33,32,10,0,6,16,3,15,12,4,0,0.31,0.467,0.466,0.932,21,75,58,19,18,3,0,2,10,3,14,11,1,1,0.071,0,1
"Kayden Henry","CF",0.378,0.398,0.533,0.931,31,94,90,23,34,5,0,3,14,0,3,19,12,2,0.39,0.46,0.584,1.044,24,88,77,25,30,3,0,4,13,0,10,11,14,1,-0.012,1,1
"Kinzie Hansen","C",0.375,0.444,0.667,1.111,26,81,72,18,27,3,0,6,20,0,9,5,2,0,0.524,0.543,0.81,1.353,15,46,42,9,22,3,0,3,11,0,3,2,1,0,-0.149,1,1
"Riley Love","3B",0.375,0.5,0.958,1.458,18,62,48,17,18,5,1,7,22,4,9,8,0,0,0.25,0.351,0.594,0.945,22,74,64,15,16,4,0,6,18,4,6,4,1,0,0.125,0,1
"Jazmyn Rollin","3B",0.372,0.417,0.628,1.045,30,103,94,25,35,5,2,5,18,0,8,8,2,0,0.328,0.456,0.705,1.161,22,79,61,19,20,5,0,6,24,2,14,12,4,2,0.044,0,1
"Kennedy Thomas","CF",0.366,0.423,0.43,0.853,30,106,93,22,34,3,0,1,16,3,7,2,6,0,0.286,0.439,0.349,0.788,22,82,63,20,18,2,1,0,11,3,15,7,3,1,0.08,0,1
"Jilyen Poullard","CF",0.366,0.449,0.854,1.303,17,50,41,15,15,2,0,6,18,1,6,8,2,0,0.25,0.386,0.554,0.939,22,70,56,18,14,2,0,5,16,1,12,12,1,0,0.116,1,1
"Jada Cody","3B",0.362,0.419,0.628,1.047,31,108,94,16,34,10,3,3,15,0,10,5,1,0,0.205,0.265,0.455,0.72,14,49,44,11,9,0,1,3,9,1,3,1,0,0,0.157,0,1
"Sierra Humphreys","3B",0.355,0.414,0.484,0.898,26,71,62,12,22,3,1,1,19,1,6,12,5,0,0.333,0.333,0.519,0.852,12,27,27,3,9,2,0,1,6,0,0,7,1,0,0.022,0,1
"Rosie Davis","2B",0.353,0.405,0.5,0.905,24,74,68,15,24,8,1,0,14,0,6,8,0,0,0.316,0.435,0.632,1.066,28,92,76,18,24,3,0,7,11,0,16,10,0,3,0.037,1,1
"Ana Watson","RF",0.351,0.413,0.491,0.904,24,64,57,10,20,5,0,1,15,4,2,3,3,1,0.226,0.255,0.34,0.594,18,55,53,7,12,1,1,1,9,1,1,10,0,0,0.125,0,1
"Alyssa Washington","2B",0.345,0.42,0.621,1.041,26,71,58,17,20,4,0,4,15,2,7,6,2,0,0.306,0.397,0.484,0.881,22,73,62,14,19,2,0,3,14,2,8,5,4,0,0.039,1,1
"Tiana Poole","RF",0.344,0.452,0.469,0.921,14,42,32,10,11,1,0,1,7,1,7,5,2,0,0.25,0.351,0.391,0.742,24,75,64,6,16,3,0,2,10,0,10,16,0,0,0.094,0,1
"Lily Owens","3B",0.333,0.35,0.596,0.946,18,61,57,11,19,2,2,3,18,1,1,6,2,0,0.26,0.278,0.38,0.658,17,54,50,6,13,3,0,1,9,0,2,2,3,0,0.073,0,1
"Emily Hott","LF",0.33,0.412,0.602,1.014,28,102,88,25,29,4,4,4,13,2,11,10,1,1,0.349,0.462,0.746,1.208,22,78,63,14,22,3,2,6,14,4,10,11,2,1,-0.019,0,1
"Demi Elder","RF",0.327,0.393,0.564,0.957,19,61,55,11,18,7,0,2,14,0,6,7,1,0,0.309,0.397,0.564,0.96,18,63,55,15,17,2,0,4,14,1,7,6,1,1,0.018,0,1
"Cydney Sanders","1B",0.321,0.494,0.964,1.458,27,77,56,15,18,3,0,11,35,1,19,11,1,0,0.135,0.4,0.297,0.697,17,55,37,5,5,0,0,2,7,2,15,5,0,0,0.186,1,1
"Violet Zavodnik","CF",0.318,0.423,0.591,1.014,13,52,44,14,14,0,0,4,13,1,7,8,4,0,0.27,0.426,0.595,1.02,13,47,37,8,10,3,0,3,7,3,7,5,2,0,0.048,0,1
"Ashlyn Anderson","3B",0.314,0.429,0.457,0.886,17,44,35,5,11,1,2,0,2,0,7,7,1,0,0.265,0.308,0.286,0.593,17,54,49,5,13,1,0,0,3,0,3,5,0,0,0.049,0,1
"Taylor Strain","CF",0.314,0.385,0.414,0.799,26,79,70,12,22,7,0,0,5,2,6,10,3,1,0.222,0.265,0.267,0.532,16,50,45,9,10,2,0,0,4,0,3,10,2,1,0.092,0,1
"Tiare Jennings","SS",0.31,0.41,0.678,1.088,30,105,87,19,27,8,0,8,21,1,15,9,2,0,0.361,0.437,0.836,1.273,17,71,61,18,22,2,0,9,26,0,9,4,1,0,-0.051,1,1
"Johneisha Rowe","CF",0.309,0.356,0.324,0.68,29,75,68,17,21,1,0,0,2,0,5,6,9,2,0.37,0.452,0.37,0.822,13,34,27,10,10,0,0,0,1,0,4,3,7,0,-0.061,0,1
"Campbell Bagshaw","1B",0.306,0.333,0.49,0.823,17,52,49,5,15,0,0,3,15,0,2,11,0,0,0.246,0.324,0.295,0.619,22,69,61,7,15,3,0,0,8,1,6,10,1,0,0.06,0,1
"Chloe Evans","RF",0.305,0.359,0.495,0.854,31,103,95,20,29,7,1,3,22,1,7,12,5,1,0.314,0.34,0.51,0.849,15,53,51,8,16,4,0,2,10,0,2,10,3,1,-0.00900000000000001,0,1
"Shelby Smith","P",0.302,0.413,0.434,0.847,21,63,53,7,16,1,0,2,9,2,8,12,0,0,0.352,0.438,0.519,0.956,20,64,54,9,19,6,0,1,15,0,9,11,0,0,-0.05,0,1
"Arriana Villa","LF",0.302,0.403,0.642,1.045,19,62,53,14,16,6,0,4,7,0,9,9,0,0,0.456,0.557,0.772,1.329,20,70,57,16,26,7,1,3,11,0,13,8,0,0,-0.154,0,1
"Bree Cantu","1B",0.292,0.478,0.692,1.171,29,93,65,15,19,5,0,7,29,3,22,15,0,0,0.236,0.416,0.327,0.743,22,77,55,10,13,2,0,1,14,2,17,14,0,0,0.056,0,1
"Hailey Morrow","C",0.288,0.345,0.635,0.979,17,58,52,11,15,0,0,6,15,3,2,10,0,0,0.289,0.396,0.6,0.996,17,53,45,12,13,3,1,3,10,2,6,7,0,0,-0.001,0,1
"Keila Kamoku","2B",0.286,0.364,0.612,0.976,17,56,49,11,14,1,0,5,15,2,4,6,0,0,0.311,0.415,0.467,0.882,18,55,45,4,14,4,0,1,7,0,8,7,1,0,-0.025,0,1
"Claire Timm","RF",0.279,0.315,0.515,0.83,24,74,68,17,19,4,0,4,17,1,3,9,1,0,0.267,0.313,0.48,0.793,28,82,75,14,20,4,0,4,7,2,3,12,1,0,0.012,1,1
"Aliyah Binford","P",0.275,0.327,0.333,0.661,21,56,51,4,14,3,0,0,10,2,2,11,4,0,0.302,0.351,0.472,0.823,19,58,53,9,16,3,0,2,10,0,4,9,1,1,-0.027,0,1
"Sydney Collazos","C",0.273,0.385,0.318,0.703,26,81,66,6,18,3,0,0,5,5,7,3,1,0,0.338,0.386,0.492,0.878,22,74,65,10,22,4,0,2,7,0,5,2,0,1,-0.065,0,1
"Stormy Kotzelnick","DP",0.271,0.354,0.4,0.754,27,79,70,10,19,6,0,1,12,1,8,10,3,0,0.243,0.282,0.378,0.66,15,40,37,2,9,2,0,1,3,0,2,8,0,0,0.028,0,1
"Tallen Edwards","3B",0.267,0.397,0.4,0.797,22,76,60,17,16,3,1,1,7,2,11,3,4,1,0.29,0.41,0.551,0.96,24,85,69,13,20,6,0,4,15,3,11,6,3,0,-0.023,1,1
"Aubrey Evans","2B",0.266,0.363,0.38,0.742,29,91,79,15,21,6,0,1,11,1,11,6,3,0,0.219,0.342,0.25,0.592,13,39,32,5,7,1,0,0,2,1,5,4,0,0,0.047,0,1
"Logan Halleman","CF",0.265,0.306,0.265,0.57,14,36,34,7,9,0,0,0,1,0,2,2,5,1,0.378,0.5,0.378,0.878,17,49,37,13,14,0,0,0,4,1,9,5,11,0,-0.113,0,1
"Carli Spelhaug","1B",0.262,0.295,0.548,0.843,15,44,42,9,11,4,1,2,8,1,1,5,3,0,0.25,0.28,0.444,0.724,23,77,72,12,18,3,1,3,10,0,3,9,3,0,0.012,0,1
"Angela Price","CF",0.258,0.415,0.355,0.769,18,43,31,3,8,1,1,0,3,5,4,4,2,0,0.25,0.393,0.409,0.802,22,57,44,8,11,4,0,1,7,4,7,8,4,0,0.00800000000000001,0,1
"Shannon Doherty","1B",0.257,0.389,0.392,0.781,29,93,74,14,19,1,0,3,17,5,11,7,1,0,0.405,0.522,0.541,1.062,15,48,37,7,15,2,0,1,9,1,8,7,2,1,-0.148,0,1
"Hailey Cripe","SS",0.25,0.368,0.479,0.848,18,58,48,8,12,3,1,2,10,1,8,13,0,1,0.302,0.413,0.587,1.001,22,77,63,15,19,3,0,5,17,2,10,9,3,1,-0.052,0,1
"Ashley Minor","3B",0.242,0.444,0.636,1.081,15,45,33,5,8,1,0,4,10,8,4,2,2,0,0.263,0.44,0.474,0.914,24,75,57,7,15,3,0,3,8,4,14,14,0,0,-0.021,0,1
"Lyric Moore","C",0.229,0.315,0.271,0.586,17,54,48,11,11,2,0,0,1,2,4,10,3,0,0.333,0.397,0.53,0.928,22,74,66,14,22,1,0,4,12,3,4,8,5,0,-0.104,0,1
"Aynslee Linduff","RF",0.218,0.259,0.255,0.513,17,59,55,6,12,2,0,0,3,0,3,3,1,0,0.261,0.301,0.391,0.693,22,78,69,11,18,3,0,2,10,1,3,8,0,0,-0.043,0,1
"Aubrey Barnhart","1B",0.211,0.362,0.553,0.914,15,47,38,10,8,1,0,4,9,3,6,8,0,0,0.273,0.39,0.364,0.754,15,41,33,6,9,0,0,1,7,3,4,10,0,0,-0.062,0,1
"Milaysia Ochoa","CF",0.209,0.34,0.372,0.712,15,53,43,11,9,4,0,1,4,1,8,4,4,0,0.333,0.44,0.587,1.026,24,91,75,16,25,10,0,3,10,3,12,12,3,0,-0.124,0,1
"Olivia Wardlow","2B",0.207,0.233,0.207,0.44,14,31,29,3,6,0,0,0,1,0,1,1,2,0,0.27,0.292,0.302,0.594,24,65,63,7,17,2,0,0,3,0,2,11,3,0,-0.063,0,1
"Maddie Bejarano","LF",0.205,0.476,0.487,0.963,18,68,39,16,8,2,0,3,11,2,20,2,1,0,0.146,0.288,0.229,0.517,19,65,48,8,7,1,0,1,4,1,9,14,0,0,0.059,0,1
"Megan Bloodworth","SS",0.205,0.283,0.364,0.647,24,57,44,9,9,2,1,1,9,1,5,6,4,0,0.164,0.164,0.328,0.492,27,66,61,6,10,0,2,2,13,0,0,4,1,1,0.041,1,1
"Olivia Bruno","DH",0.171,0.268,0.257,0.525,16,42,35,1,6,0,0,1,5,0,5,8,0,0,0.175,0.267,0.325,0.592,16,45,40,7,7,0,0,2,4,0,5,11,0,0,-0.00399999999999998,0,1
"Sara Roszak","2B",0.162,0.22,0.189,0.409,17,42,37,1,6,1,0,0,4,0,3,6,0,0,0.256,0.273,0.419,0.691,18,48,43,6,11,4,0,1,7,0,1,2,0,0,-0.094,0,1
"Presleigh Pilon","SS",0.154,0.183,0.167,0.35,28,85,78,12,12,1,0,0,6,1,2,5,6,0,0.319,0.314,0.406,0.72,22,73,69,9,22,3,0,1,12,0,0,4,2,0,-0.165,0,1
"Lexi Hastings","LF",0.451,0.491,0.667,1.158,16,57,51,14,23,3,1,2,8,1,4,8,6,3,0.44,0.482,0.587,1.069,22,83,75,19,33,3,1,2,10,0,7,18,16,4,0.011,0,0
"Madeline Vejvoda","2B",0.446,0.5,0.646,1.146,21,75,65,14,29,8,1,1,14,2,6,4,0,1,0.274,0.333,0.356,0.689,24,82,73,11,20,3,0,1,8,0,7,8,1,0,0.172,0,0
"Jess Bianco","CF",0.425,0.521,0.45,0.971,14,49,40,11,17,1,0,0,1,0,8,6,6,2,0.373,0.439,0.373,0.812,17,67,59,8,22,0,0,0,1,0,7,14,6,0,0.052,0,0
"Olivia Gilbert","1B",0.417,0.586,0.813,1.398,19,70,48,12,20,7,0,4,17,5,16,4,0,0,0.281,0.387,0.438,0.824,20,75,64,9,18,4,0,2,10,2,9,12,0,0,0.136,0,0
"Jacque Harrington","C",0.408,0.491,0.714,1.206,17,57,49,15,20,7,1,2,14,2,6,5,0,0,0.269,0.377,0.538,0.916,18,61,52,7,14,5,0,3,6,3,6,8,0,0,0.139,0,0
"Lily West","C",0.397,0.431,0.619,1.05,21,73,63,13,25,5,0,3,16,1,5,6,1,0,0.266,0.293,0.291,0.584,24,85,79,10,21,2,0,0,3,3,0,7,0,0,0.131,0,0
"Cayla Nielsen","LF",0.394,0.45,0.62,1.07,21,80,71,18,28,10,0,2,20,1,7,9,2,0,0.278,0.345,0.354,0.699,24,87,79,4,22,3,0,1,7,3,5,9,2,0,0.116,0,0
"Claire Turner","CF",0.394,0.545,0.545,1.091,12,45,33,8,13,1,2,0,3,2,9,7,4,1,0.308,0.345,0.385,0.73,18,56,52,6,16,1,0,1,4,0,3,4,3,3,0.086,0,0
"Elaina Wagner","RF",0.387,0.506,0.5,1.006,21,79,62,10,24,7,0,0,8,2,14,4,1,0,0.254,0.302,0.373,0.674,19,63,59,9,15,4,0,1,11,0,4,11,0,0,0.133,0,0
"Hope Jenkins","DH",0.385,0.418,0.615,1.034,18,55,52,4,20,3,0,3,12,1,2,9,0,0,0.231,0.261,0.385,0.645,20,69,65,3,15,4,0,2,9,1,2,19,0,0,0.154,0,0
"Grace Jenkins","C",0.382,0.443,0.618,1.061,17,61,55,14,21,4,0,3,13,0,6,8,2,0,0.268,0.388,0.536,0.924,18,67,56,12,15,6,0,3,12,2,9,3,0,0,0.114,0,0
"Gabriella Lee","CF",0.378,0.429,0.4,0.829,17,50,45,11,17,1,0,0,4,0,4,1,2,1,0.276,0.311,0.328,0.639,18,63,58,9,16,3,0,0,5,2,1,10,0,1,0.102,0,0
"Sofia Peterson","3B",0.366,0.422,0.805,1.227,15,48,41,9,15,6,0,4,14,0,4,1,0,0,0.196,0.237,0.357,0.594,18,62,56,5,11,3,0,2,4,2,1,12,0,0,0.17,0,0
"Sydney Potter","1B",0.366,0.458,0.927,1.385,15,48,41,6,15,5,0,6,17,1,6,17,1,0,0.14,0.232,0.2,0.432,21,56,50,1,7,3,0,0,4,2,4,22,0,0,0.226,0,0
"Ella Dalton","CF",0.364,0.446,0.509,0.955,20,65,55,13,20,3,1,1,10,1,8,9,3,1,0.288,0.344,0.424,0.767,22,65,59,10,17,3,1,1,12,0,5,15,2,0,0.076,0,0
"London Jarrard","SS",0.362,0.483,0.787,1.27,17,58,47,16,17,3,1,5,18,2,9,7,4,0,0.303,0.352,0.485,0.837,28,109,99,12,30,6,0,4,21,6,2,11,0,0,0.059,0,0
"Camryn Wincher","1B",0.357,0.441,0.357,0.798,11,35,28,3,10,0,0,0,1,0,5,5,0,0,0.091,0.2,0.136,0.336,18,50,44,3,4,2,0,0,3,1,5,11,0,0,0.266,0,0
"Lilly St. Jean","2B",0.351,0.441,0.561,1.003,19,68,57,12,20,6,0,2,19,2,8,10,0,0,0.347,0.429,0.694,1.122,17,56,49,11,17,8,0,3,16,3,4,7,0,0,0.004,0,0
"Kelsey Carr","DP",0.345,0.472,0.655,1.127,19,73,58,18,20,6,0,4,11,1,13,8,0,0,0.242,0.351,0.47,0.82,20,77,66,9,16,3,0,4,11,1,10,16,0,0,0.103,0,0
"Olivia Moxley","SS",0.345,0.472,0.448,0.92,14,39,29,6,10,0,0,1,1,1,6,9,0,0,0.306,0.342,0.361,0.703,14,40,36,7,11,0,1,0,3,0,2,5,1,0,0.039,0,0
"Hanna Aldrich","RF",0.341,0.483,0.5,0.983,17,58,44,15,15,2,1,1,9,2,11,11,2,1,0.333,0.422,0.389,0.811,18,64,54,5,18,3,0,0,11,2,7,11,2,1,0.00800000000000001,0,0
"Katey Bren--","LF",0.339,0.433,0.482,0.915,18,67,56,7,19,6,1,0,12,2,8,5,0,0,0.317,0.394,0.492,0.886,20,71,63,8,20,2,0,3,15,0,8,4,0,0,0.022,0,0
"Erin Howard","C",0.328,0.4,0.448,0.848,19,66,58,3,19,1,0,2,11,0,7,9,0,0,0.317,0.388,0.433,0.821,20,67,60,1,19,4,0,1,8,0,7,7,0,0,0.011,0,0
"Paige Dorsett","1B",0.326,0.37,0.465,0.835,14,47,43,1,14,3,0,1,6,1,2,3,0,0,0.306,0.389,0.468,0.857,19,74,62,3,19,4,0,2,15,1,8,7,0,0,0.02,0,0
"Ava Franz","SS",0.323,0.377,0.774,1.151,19,69,62,14,20,7,0,7,21,0,6,8,1,0,0.328,0.394,0.547,0.941,20,71,64,9,21,3,1,3,16,2,5,10,0,0,-0.005,0,0
"Dayanara Campos","3B",0.316,0.426,0.737,1.162,12,47,38,8,12,1,0,5,17,1,7,11,0,0,0.244,0.37,0.6,0.97,18,54,45,7,11,4,0,4,12,0,9,10,0,0,0.072,0,0
"Cate Lehner","RF",0.314,0.375,0.353,0.728,15,58,51,10,16,0,1,0,4,0,5,1,4,1,0.425,0.432,0.452,0.884,19,77,73,12,31,2,0,0,5,0,1,7,13,0,-0.111,0,0
"Monique Hoosen","LF",0.31,0.355,0.828,1.182,12,31,29,4,9,3,0,4,11,0,2,7,1,0,0.319,0.393,0.681,1.074,18,56,47,9,15,2,0,5,15,2,5,10,3,0,-0.00900000000000001,0,0
"Rosie Garcia","3B",0.3,0.403,0.64,1.043,18,62,50,8,15,2,0,5,12,4,6,8,1,1,0.233,0.361,0.5,0.861,20,72,60,7,14,2,1,4,16,4,8,15,3,1,0.067,0,0
"Savannah Ring","2B",0.297,0.35,0.297,0.647,16,42,37,6,11,0,0,0,1,0,3,10,2,1,0.167,0.255,0.167,0.422,19,47,42,6,7,0,0,0,2,0,5,7,1,0,0.13,0,0
"Lela Allen","3B",0.293,0.362,0.345,0.707,19,69,58,4,17,3,0,0,9,0,8,8,0,0,0.288,0.347,0.348,0.696,20,73,66,5,19,4,0,0,11,1,5,5,0,0,0.005,0,0
"Ally Jones","C",0.289,0.517,0.5,1.017,17,58,38,9,11,2,0,2,9,1,18,6,1,0,0.292,0.477,0.458,0.935,19,65,48,11,14,5,0,1,8,2,15,9,0,0,-0.003,0,0
"Rachael Petrarca","SS",0.286,0.388,0.381,0.769,16,51,42,8,12,2,1,0,5,0,7,6,3,1,0.286,0.412,0.333,0.745,17,54,42,6,12,2,0,0,5,0,9,4,1,1,0,0,0
"Hailey Conger","CF",0.286,0.388,0.286,0.673,14,51,42,6,12,0,0,0,4,0,7,4,1,1,0.266,0.368,0.297,0.665,19,78,64,12,17,2,0,0,4,1,10,13,4,0,0.02,0,0
"Tess Cites","LF",0.284,0.41,0.433,0.842,21,83,67,19,19,4,0,2,10,6,9,5,0,0,0.281,0.418,0.516,0.933,20,79,64,17,18,3,0,4,8,2,13,11,1,0,0.00299999999999995,0,0
"Julia Renny","1B",0.28,0.4,0.48,0.88,13,31,25,3,7,2,0,1,6,1,4,6,0,0,0.205,0.279,0.436,0.715,16,45,39,3,8,3,0,2,4,2,2,5,0,0,0.075,0,0
"Alyssa Gappa","3B",0.279,0.404,0.465,0.869,19,54,43,3,12,5,0,1,7,5,4,10,0,0,0.155,0.227,0.19,0.417,23,67,58,3,9,2,0,0,7,0,6,13,0,0,0.124,0,0
"Ashten Pierson","SS",0.279,0.404,0.279,0.683,21,55,43,10,12,0,0,0,2,0,9,6,2,0,0.138,0.206,0.155,0.362,24,64,58,3,8,1,0,0,2,3,2,12,0,0,0.141,0,0
"Brooke Johnson","1B",0.27,0.413,0.459,0.873,13,47,37,7,10,1,0,2,6,0,9,3,1,0,0.302,0.483,0.512,0.994,18,58,43,10,13,0,0,3,5,1,14,3,2,2,-0.032,0,0
"Ella White","3B",0.268,0.396,0.317,0.713,15,55,41,4,11,2,0,0,11,4,6,8,1,0,0.305,0.438,0.729,1.167,19,76,59,15,18,5,1,6,17,1,13,10,3,0,-0.037,0,0
"Taylor Hill","RF",0.267,0.405,0.633,1.039,19,74,60,21,16,7,0,5,14,0,14,17,0,0,0.338,0.423,0.485,0.908,20,78,68,16,23,2,1,2,6,0,10,18,1,0,-0.071,0,0
"Gabby Park","RF",0.267,0.421,0.4,0.821,12,40,30,1,8,2,1,0,6,3,5,7,1,0,0.2,0.25,0.233,0.483,15,33,30,4,6,1,0,0,0,1,1,9,0,1,0.067,0,0
"Sydney Carter","2B",0.263,0.317,0.289,0.607,15,43,38,3,10,1,0,0,4,0,3,7,0,0,0.264,0.273,0.358,0.631,18,58,53,2,14,5,0,0,4,0,1,12,2,0,-0.001,0,0
"Cassidy Stouffer","2B",0.263,0.302,0.342,0.644,14,43,38,4,10,3,0,0,8,0,3,13,2,0,0.25,0.309,0.393,0.701,26,96,84,8,21,6,0,2,14,0,8,18,1,0,0.013,0,0
"Emma Eichten","RF",0.255,0.28,0.34,0.62,16,53,47,8,12,4,0,0,7,0,2,6,1,0,0.268,0.305,0.304,0.609,17,62,56,5,15,2,0,0,6,1,2,3,0,0,-0.013,0,0
"Emma Rosonke","DP",0.254,0.389,0.39,0.779,21,72,59,4,15,2,0,2,13,1,12,9,0,0,0.172,0.275,0.207,0.482,22,69,58,6,10,2,0,0,9,1,8,20,1,1,0.082,0,0
"Chloe Smith","3B",0.25,0.344,0.304,0.647,21,64,56,8,14,3,0,0,5,1,7,8,1,0,0.208,0.367,0.292,0.658,18,60,48,5,10,4,0,0,5,1,11,9,0,0,0.042,0,0
"Riley Pool","C",0.25,0.372,0.25,0.622,13,43,36,2,9,0,0,0,4,0,7,8,0,0,0.304,0.377,0.413,0.79,18,53,46,5,14,2,0,1,9,0,6,7,0,0,-0.054,0,0
"Brooke Cwick","DH",0.241,0.333,0.241,0.575,13,34,29,4,7,0,0,0,6,0,4,6,0,0,0.094,0.147,0.094,0.241,13,35,32,2,3,0,0,0,0,0,2,10,0,0,0.147,0,0
"Amy Mallah","3B",0.238,0.353,0.262,0.615,17,51,42,3,10,1,0,0,6,3,5,5,1,1,0.241,0.326,0.304,0.63,28,91,79,14,19,5,0,0,7,5,5,6,3,0,-0.003,0,0
"Haley Coupal","1B",0.231,0.333,0.308,0.641,16,48,39,6,9,3,0,0,3,0,6,8,1,1,0.109,0.268,0.109,0.377,20,62,46,5,5,0,0,0,1,0,10,18,1,1,0.122,0,0
"Caroline Hobbes","2B",0.229,0.327,0.229,0.556,19,57,48,2,11,0,0,0,3,3,4,6,1,0,0.117,0.185,0.167,0.351,20,68,60,3,7,0,0,1,4,1,4,6,0,0,0.112,0,0
"Jana Sanden","SS",0.212,0.317,0.346,0.663,18,60,52,7,11,4,0,1,5,2,6,8,1,0,0.281,0.365,0.406,0.771,21,74,64,5,18,3,1,1,14,3,6,7,0,0,-0.069,0,0
"Emily Strittmatter","3B",0.211,0.279,0.289,0.569,12,46,38,4,8,0,0,1,4,1,3,5,1,1,0.277,0.34,0.383,0.723,18,55,47,3,13,5,0,0,8,0,5,9,1,0,-0.066,0,0
"Sydney Totarsky","LF",0.205,0.279,0.231,0.51,15,43,39,4,8,1,0,0,2,0,4,6,3,0,0.315,0.351,0.479,0.83,25,77,73,13,23,3,0,3,10,1,3,6,5,0,-0.11,0,0
"Andrea Perez","SS",0.2,0.311,0.22,0.531,19,63,50,6,10,1,0,0,5,1,8,5,0,0,0.231,0.268,0.269,0.537,17,56,52,2,12,2,0,0,5,0,3,8,0,0,-0.031,0,0
"Morgan Rogers","CF",0.2,0.333,0.24,0.573,13,31,25,2,5,1,0,0,0,2,3,9,5,0,0.053,0.143,0.053,0.195,11,24,19,1,1,0,0,0,0,0,2,5,1,1,0.147,0,0
"Carly Alvers","3B",0.195,0.195,0.22,0.415,13,42,41,4,8,1,0,0,2,0,0,10,1,0,0.288,0.327,0.346,0.673,18,55,52,9,15,0,0,1,6,0,3,5,4,0,-0.093,0,0
"Bibianna Rodriguez","SS",0.192,0.276,0.192,0.468,12,31,26,2,5,0,0,0,3,0,3,5,2,1,0.175,0.214,0.325,0.539,18,46,40,7,7,1,1,1,11,0,2,13,1,2,0.017,0,0
"Kaitlyn Kibling","CF",0.171,0.25,0.2,0.45,16,44,35,3,6,1,0,0,2,1,3,16,1,2,0.222,0.311,0.333,0.645,22,63,54,10,12,0,0,2,4,2,5,20,7,2,-0.051,0,0
"Makena Alexander","SS",0.171,0.256,0.286,0.542,14,41,35,3,6,1,0,1,3,0,4,10,0,0,0.3,0.451,0.425,0.876,18,52,40,4,12,2,0,1,5,2,9,10,1,0,-0.129,0,0
"Brooklyn Ostrowski","1B",0.151,0.25,0.264,0.514,21,60,53,7,8,0,0,2,5,0,7,17,1,0,0.22,0.266,0.475,0.74,19,64,59,8,13,0,0,5,10,0,4,14,0,0,-0.069,0,0
"Maicie Levitt","SS",0.143,0.286,0.229,0.514,12,42,35,5,5,0,0,1,3,5,2,16,0,0,0.189,0.318,0.324,0.643,15,46,37,4,7,2,0,1,5,3,4,11,1,0,-0.046,0,0
"Kieli Ryan","C",0.111,0.368,0.111,0.48,14,39,27,1,3,0,0,0,2,5,6,4,0,0,0.175,0.389,0.25,0.639,17,56,40,4,7,0,0,1,7,5,9,10,0,0,-0.064,0,0
"Teagan O'Rilley","DP",0.091,0.3,0.136,0.436,12,31,22,0,2,1,0,0,3,0,7,8,0,0,0.237,0.31,0.474,0.783,19,44,38,3,9,3,0,2,6,0,4,10,0,0,-0.146,0,0
"Baylee Cosgrove","2B",0.077,0.2,0.077,0.277,11,30,26,2,2,0,0,0,1,2,2,5,1,1,0.244,0.304,0.39,0.695,16,46,41,5,10,3,0,1,8,3,1,4,2,0,-0.167,0,0
"Brooke Rebhan","2B",0.065,0.237,0.097,0.334,12,38,31,4,2,1,0,0,0,0,7,7,2,0,0.294,0.321,0.412,0.733,17,54,51,11,15,4,1,0,4,0,2,5,2,0,-0.229,0,0
"Hollie Pardini","C",0.063,0.111,0.063,0.174,10,19,16,2,1,0,0,0,1,0,1,4,0,0,0.094,0.094,0.188,0.281,14,32,32,2,3,0,0,1,1,0,0,10,0,0,-0.031,0,0
"Gracie Smith","LF",0.471,0.654,0.941,1.595,6,26,17,7,8,0,1,2,8,1,8,5,3,0,0.386,0.442,0.557,0.999,23,79,70,18,27,5,2,1,3,0,7,27,8,0,0.085,0,0
"Riley Peschek","SS",0.441,0.513,0.765,1.278,22,78,68,19,30,8,4,2,20,1,9,9,2,0,0.25,0.325,0.333,0.658,13,40,36,6,9,1,1,0,3,0,4,3,0,0,0.191,0,0
"Angelica Cano","1B",0.44,0.462,0.68,1.142,6,26,25,5,11,0,0,2,6,0,1,1,1,0,0.229,0.267,0.375,0.642,27,101,96,9,22,5,0,3,11,1,4,14,2,0,0.211,0,0
"Lewa Day","3B",0.436,0.531,1.026,1.556,15,50,39,12,17,1,2,6,22,1,8,5,1,0,0.271,0.352,0.5,0.852,15,55,48,11,13,2,0,3,11,2,4,7,1,0,0.165,0,0
"Presley Jantzi","RF",0.414,0.475,0.586,1.061,22,81,70,21,29,6,0,2,15,2,7,7,4,0,0.45,0.511,0.625,1.136,13,45,40,8,18,5,1,0,5,0,5,5,0,1,-0.036,0,0
"Sabrina Javorsky","C",0.405,0.463,0.514,0.977,13,41,37,4,15,2,1,0,6,1,3,0,0,0,0.18,0.275,0.279,0.554,19,69,61,4,11,3,0,1,7,3,5,3,2,1,0.225,0,0
"Lorraine Alo","DP",0.404,0.517,0.532,1.049,17,58,47,6,19,3,0,1,13,3,8,11,0,0,0.429,0.481,0.735,1.216,16,54,49,10,21,4,1,3,16,3,2,6,0,0,-0.025,0,0
"Hannah Jablonski","1B",0.397,0.443,0.651,1.094,22,71,63,10,25,11,1,1,10,4,2,9,0,0,0.206,0.27,0.235,0.506,13,37,34,0,7,1,0,0,3,1,2,2,0,0,0.191,0,0
"Gwen Ludwig","SS",0.396,0.408,0.417,0.825,16,54,48,6,19,1,0,0,0,0,1,6,4,3,0.323,0.364,0.339,0.702,20,70,62,11,20,1,0,0,2,0,4,11,7,1,0.073,0,0
"Mia Rushton","CF",0.394,0.487,0.424,0.911,11,39,33,7,13,1,0,0,0,0,6,0,3,0,0.313,0.395,0.418,0.813,20,76,67,13,21,4,0,1,6,1,8,10,1,0,0.081,0,0
"Nya Chacon","CF",0.382,0.417,0.588,1.005,11,36,34,4,13,5,1,0,7,0,2,3,0,0,0.305,0.311,0.542,0.854,19,61,59,12,18,2,0,4,14,0,1,10,1,0,0.077,0,0
"Alexis Parish","LF",0.375,0.388,0.479,0.867,16,49,48,6,18,1,2,0,4,0,1,4,0,0,0.356,0.424,0.39,0.814,20,68,59,8,21,0,1,0,6,0,7,2,1,0,0.019,0,0
"Abby Grundy","3B",0.367,0.441,0.5,0.941,11,35,30,4,11,2,1,0,7,0,4,3,1,0,0.322,0.394,0.593,0.987,20,68,59,10,19,8,1,2,11,3,4,8,1,0,0.045,0,0
"Kelly Sweyer","DP",0.349,0.37,0.605,0.974,19,46,43,3,15,6,1,1,11,1,1,8,1,0,0.241,0.281,0.31,0.592,12,32,29,1,7,2,0,0,7,1,1,5,0,0,0.108,0,0
"Makayla Donahoo","2B",0.348,0.5,0.609,1.109,11,32,23,5,8,3,0,1,6,1,6,4,1,0,0.259,0.31,0.278,0.588,20,61,54,9,14,1,0,0,1,1,3,12,0,1,0.089,0,0
"Olivia Robison","C",0.348,0.483,0.522,1.004,7,29,23,3,8,1,0,1,5,0,6,2,0,0,0.31,0.352,0.512,0.864,26,91,84,6,26,6,1,3,20,0,6,12,0,0,0.038,0,0
"Ella Gonzales","DP",0.342,0.419,0.605,1.024,13,43,38,9,13,4,0,2,8,1,4,3,2,0,0.316,0.426,0.404,0.83,20,70,57,4,18,5,0,0,10,6,5,5,0,0,0.026,0,0
"Haley Hanson","RF",0.34,0.389,0.36,0.749,15,56,50,13,17,1,0,0,6,0,4,3,7,0,0.309,0.329,0.324,0.652,20,73,68,8,21,1,0,0,3,0,2,14,7,0,0.031,0,0
"Skyler Sethman","2B",0.333,0.313,0.4,0.713,7,16,15,1,5,1,0,0,2,0,0,2,0,0,0.224,0.257,0.269,0.526,24,70,67,4,15,3,0,0,5,0,3,12,0,0,0.109,0,0
"Taegan Smith","SS",0.333,0.429,0.433,0.862,11,35,30,4,10,1,1,0,6,1,4,7,3,1,0.138,0.19,0.19,0.38,20,65,58,4,8,0,0,1,6,0,4,11,3,2,0.195,0,0
"Camryn McDonald","SS",0.333,0.44,0.476,0.916,7,25,21,3,7,0,0,1,3,0,4,1,0,0,0.364,0.379,0.473,0.852,24,61,55,13,20,6,0,0,10,0,2,8,4,1,-0.031,0,0
"Maddie Thompson","2B",0.327,0.407,0.327,0.734,16,61,52,14,17,0,0,0,4,0,7,3,5,0,0.322,0.355,0.373,0.728,16,62,59,11,19,3,0,0,4,0,3,4,2,2,0.005,0,0
"Alexa Cepeda","RF",0.308,0.4,0.436,0.836,18,48,39,9,12,2,0,1,2,0,6,4,1,2,0.22,0.289,0.244,0.533,16,47,41,8,9,1,0,0,4,0,4,11,1,0,0.088,0,0
"Natalia Martinez","3B",0.306,0.424,0.367,0.791,18,59,49,6,15,1,1,0,7,3,7,13,0,0,0.349,0.417,0.442,0.859,15,48,43,2,15,1,0,1,4,4,1,6,1,0,-0.043,0,0
"Alison Steinker","3B",0.303,0.415,0.394,0.809,13,41,33,3,10,0,0,1,9,1,6,2,0,0,0.255,0.417,0.327,0.744,20,72,55,6,14,1,0,1,13,5,11,11,0,0,0.048,0,0
"Kiaira Smith","DP",0.303,0.395,0.576,0.97,11,38,33,6,10,3,0,2,5,1,4,4,0,0,0.338,0.368,0.585,0.952,20,68,65,8,22,4,0,4,11,2,1,11,0,0,-0.035,0,0
"Amailee Morales","1B",0.3,0.404,0.8,1.204,13,47,40,8,12,5,0,5,14,0,7,11,0,0,0.298,0.434,0.737,1.171,20,76,57,12,17,7,0,6,28,2,14,9,0,0,0.002,0,0
"Kennedy Echols","CF",0.289,0.308,0.289,0.597,16,40,38,6,11,0,0,0,1,0,1,2,0,2,0.196,0.196,0.239,0.435,18,47,46,4,9,0,1,0,3,0,0,8,2,0,0.093,0,0
"Andrea Lira","DP",0.286,0.289,0.405,0.694,15,45,42,5,12,2,0,1,9,0,1,9,0,0,0.31,0.365,0.379,0.744,17,63,58,10,18,4,0,0,4,1,4,12,1,0,-0.024,0,0
"Victoria Rey","LF",0.278,0.316,0.278,0.594,11,20,18,1,5,0,0,0,0,0,1,5,0,1,0.273,0.314,0.364,0.678,17,37,33,5,9,1,1,0,3,0,2,6,2,0,0.005,0,0
"Jocelyn Eisen","3B",0.273,0.407,0.455,0.862,19,56,44,9,12,5,0,1,10,2,8,12,1,0,0.2,0.263,0.314,0.577,13,42,35,2,7,1,0,1,4,1,2,9,0,0,0.073,0,0
"Paetynn Lopez","C",0.261,0.368,0.304,0.673,16,58,46,5,12,2,0,0,9,2,7,7,1,0,0.269,0.377,0.462,0.839,17,63,52,6,14,2,1,2,13,2,7,7,0,1,-0.00800000000000001,0,0
"Eva Richardson","C",0.259,0.375,0.481,0.856,11,35,27,2,7,3,0,1,6,0,5,5,0,0,0.233,0.292,0.283,0.576,20,66,60,6,14,3,0,0,7,3,2,9,2,0,0.026,0,0
"Kennedy Dudley","3B",0.25,0.4,0.5,0.9,7,25,20,5,5,2,0,1,5,2,3,2,0,0,0.224,0.367,0.327,0.693,23,60,49,11,11,2,0,1,4,5,6,12,2,0,0.026,0,0
"Alyssa Yee","RF",0.25,0.308,0.25,0.558,7,26,24,3,6,0,0,0,1,0,2,5,1,0,0.279,0.344,0.465,0.809,27,98,86,14,24,5,1,3,19,1,8,7,4,1,-0.029,0,0
"Logan Riggenbach","CF",0.231,0.268,0.346,0.614,18,61,52,7,12,4,1,0,8,0,3,8,1,0,0.309,0.339,0.473,0.812,17,60,55,7,17,6,0,1,8,1,2,7,0,0,-0.078,0,0
"Ava Brown","CF",0.217,0.333,0.435,0.768,7,27,23,4,5,2,0,1,5,0,4,5,2,0,0.304,0.351,0.667,1.017,23,78,69,11,21,5,1,6,19,0,6,16,1,0,-0.087,0,0
"Gianna Memoli","RF",0.208,0.208,0.292,0.5,11,27,24,1,5,2,0,0,2,0,0,3,1,0,0.186,0.205,0.209,0.414,19,46,43,2,8,1,0,0,4,0,1,11,0,0,0.022,0,0
"Madison Tarrant","DP",0.2,0.319,0.3,0.619,19,49,40,4,8,2,1,0,5,0,7,4,0,0,0.133,0.278,0.133,0.411,10,19,15,1,2,0,0,0,2,1,2,5,0,0,0.067,0,0
"Emily Johansen","1B",0.196,0.339,0.326,0.665,18,62,46,7,9,1,1,1,6,4,7,2,1,0,0.35,0.435,0.4,0.835,12,47,40,11,14,2,0,0,8,1,5,1,0,0,-0.154,0,0
"Pese Matautia","SS",0.194,0.265,0.226,0.491,12,34,31,3,6,1,0,0,3,0,3,4,1,0,0.25,0.318,0.325,0.643,14,45,40,5,10,3,0,0,7,0,4,9,2,0,-0.056,0,0
"Jessica Stanfield","LF",0.189,0.302,0.243,0.546,17,43,37,5,7,2,0,0,7,0,6,5,3,0,0.1,0.27,0.1,0.37,13,39,30,3,3,0,0,0,0,0,7,4,1,2,0.089,0,0
"Samantha Parish","C",0.162,0.244,0.216,0.46,15,41,37,6,6,2,0,0,3,1,3,4,0,0,0.25,0.353,0.295,0.648,18,54,44,6,11,2,0,0,9,4,3,3,0,0,-0.088,0,0
"Jaycie Gandert","SS",0.105,0.32,0.105,0.425,10,25,19,6,2,0,0,0,0,2,4,6,3,1,0.149,0.268,0.191,0.459,19,56,47,11,7,2,0,0,3,1,7,14,1,0,-0.044,0,0
"Paige Simpson","SS",0,0.333,0,0.333,4,9,6,5,0,0,0,0,0,1,2,4,1,1,0.34,0.439,0.447,0.885,20,60,47,17,16,0,1,1,3,0,9,10,8,0,-0.34,0,0
"Lexie Roberts","CF",0.484,0.522,0.548,1.07,20,72,62,20,30,0,2,0,3,1,5,4,17,0,0.255,0.294,0.362,0.656,15,53,47,5,12,1,2,0,3,0,3,7,2,1,0.229,0,0
"Lauren Fox","LF",0.451,0.472,0.49,0.962,15,53,51,8,23,0,1,0,4,0,2,7,5,0,0.313,0.353,0.313,0.665,20,68,64,9,20,0,0,0,1,0,4,7,2,0,0.138,0,0
"Kari Shedrick","1B",0.438,0.518,0.896,1.414,17,56,48,14,21,5,1,5,20,1,7,7,1,2,0.268,0.302,0.439,0.741,14,43,41,6,11,1,0,2,8,0,2,7,1,0,0.17,0,0
"Denver Lauer","CF",0.405,0.51,0.557,1.067,27,98,79,26,32,3,0,3,16,2,15,8,31,1,0.298,0.355,0.386,0.741,17,62,57,11,17,2,0,1,7,0,5,15,8,3,0.107,0,0
"Kayley DeVivi","RF",0.383,0.473,0.617,1.09,16,55,47,9,18,2,0,3,12,1,7,10,2,1,0.232,0.271,0.429,0.7,18,59,56,9,13,3,1,2,6,1,2,14,1,1,0.151,0,0
"Carsten Sandveg","DP",0.379,0.41,0.552,0.962,20,62,58,10,22,5,1,1,10,0,3,9,9,5,0.111,0.184,0.156,0.339,15,51,45,2,5,2,0,0,5,0,4,5,2,3,0.268,0,0
"Madelyne Lee","2B",0.372,0.398,0.449,0.846,25,85,78,14,29,6,0,0,6,0,4,18,3,0,0.229,0.283,0.229,0.512,16,54,48,5,11,0,0,0,3,0,4,10,9,0,0.143,0,0
"Taliyah Thomas","RF",0.371,0.406,0.548,0.954,21,71,62,16,23,2,0,3,20,0,5,6,18,2,0.207,0.22,0.207,0.427,17,60,58,5,12,0,0,0,5,0,1,5,4,1,0.164,0,0
"KaDedra Temple","2B",0.364,0.493,0.564,1.057,23,73,55,12,20,5,0,2,15,4,11,13,0,0,0.328,0.387,0.567,0.954,23,75,67,10,22,5,1,3,16,1,6,11,4,0,0.036,0,0
"Annicka McLaughlin","2B",0.361,0.432,0.375,0.807,29,83,72,11,26,1,0,0,4,0,9,12,5,0,0.22,0.304,0.22,0.524,19,60,50,7,11,0,0,0,5,0,6,9,0,0,0.141,0,0
"Amie Johnson","LF",0.36,0.411,0.38,0.791,26,59,50,13,18,1,0,0,5,0,5,9,12,0,0.273,0.294,0.273,0.567,16,34,33,3,9,0,0,0,3,0,1,8,4,2,0.087,0,0
"Kasey Wolfe","3B",0.351,0.432,0.519,0.951,27,90,77,9,27,7,0,2,16,0,11,18,1,0,0.182,0.309,0.255,0.563,20,69,55,5,10,1,0,1,7,0,11,8,1,0,0.169,0,0
"Sophia Knock","1B",0.349,0.5,0.488,0.988,16,56,43,4,15,3,0,1,6,2,11,11,1,0,0.216,0.349,0.353,0.702,20,63,51,4,11,1,0,2,9,2,9,15,0,0,0.133,0,0
"Weslin Jones","CF",0.338,0.405,0.38,0.785,25,81,71,10,24,1,1,0,6,1,7,3,5,0,0.255,0.269,0.294,0.563,16,52,51,7,13,0,1,0,3,0,1,7,5,1,0.083,0,0
"Ashton VanHouse","CF",0.333,0.359,0.387,0.746,23,82,75,12,25,0,2,0,5,0,3,11,11,1,0.282,0.329,0.296,0.625,22,80,71,8,20,1,0,0,4,0,6,16,7,0,0.051,0,0
"Kelby Goodrum","3B",0.33,0.364,0.372,0.736,27,101,94,19,31,2,1,0,9,1,4,17,4,1,0.229,0.28,0.286,0.566,21,76,70,4,16,1,0,1,3,1,4,18,0,0,0.101,0,0
"Paige Rivas","RF",0.329,0.365,0.371,0.736,23,78,70,20,23,1,1,0,3,0,4,16,15,0,0.197,0.282,0.237,0.519,24,85,76,12,15,0,0,1,5,1,8,14,10,2,0.132,0,0
"Cassi Barbato","2B",0.321,0.345,0.585,0.93,19,58,53,11,17,2,0,4,21,0,3,7,2,0,0.317,0.364,0.341,0.705,15,46,41,2,13,1,0,0,5,0,3,1,0,0,0.004,0,0
"Reese Basinger","P",0.321,0.322,0.429,0.751,19,60,56,4,18,0,0,2,15,1,0,8,0,0,0.206,0.239,0.279,0.519,22,72,68,10,14,5,0,0,9,0,3,14,1,1,0.115,0,0
"Adrienne Visintine","LF",0.321,0.426,0.548,0.973,29,101,84,19,27,5,1,4,21,1,15,8,2,0,0.291,0.394,0.527,0.921,19,66,55,10,16,1,0,4,13,2,8,5,1,0,0.03,0,0
"Emma Jackson","3B",0.306,0.463,0.592,1.055,21,67,49,10,15,3,1,3,16,2,14,8,1,1,0.152,0.286,0.217,0.503,18,57,46,6,7,3,0,0,6,0,9,11,1,0,0.154,0,0
"Ella Christopher","SS",0.299,0.345,0.468,0.813,28,85,77,13,23,5,4,0,13,0,6,10,3,1,0.232,0.241,0.429,0.67,19,58,56,6,13,2,0,3,15,0,1,2,0,0,0.067,0,0
"Araceli Pesqueira","3B",0.296,0.378,0.451,0.829,26,82,71,5,21,7,2,0,14,3,7,12,0,0,0.283,0.353,0.391,0.744,17,52,46,7,13,5,0,0,2,4,1,6,1,0,0.013,0,0
"Ansley Lee","1B",0.296,0.391,0.426,0.817,21,65,54,7,16,2,1,1,8,5,4,15,0,0,0.254,0.347,0.365,0.712,24,72,63,3,16,1,0,2,7,5,4,14,0,0,0.042,0,0
"Peyton Rivas","LF",0.294,0.385,0.294,0.679,18,40,34,8,10,0,0,0,1,0,5,12,7,1,0.222,0.271,0.222,0.493,20,49,45,5,10,0,0,0,1,0,3,15,6,1,0.072,0,0
"Celeste Delorenzo","3B",0.294,0.473,0.471,0.943,27,94,68,15,20,3,0,3,13,9,14,6,3,1,0.213,0.373,0.213,0.586,17,61,47,4,10,0,0,0,9,3,9,6,0,0,0.081,0,0
"Rachel Smith","SS",0.29,0.323,0.629,0.952,20,65,62,15,18,4,1,5,11,0,3,17,3,0,0.195,0.283,0.293,0.575,15,46,41,3,8,1,0,1,7,0,5,10,2,0,0.095,0,0
"Taylor Dreher","C",0.29,0.429,0.403,0.832,27,79,62,13,18,7,0,0,10,1,14,8,5,2,0.22,0.264,0.32,0.584,17,53,50,8,11,2,0,1,6,0,3,7,5,0,0.07,0,0
"Megan Powell","DP",0.288,0.373,0.407,0.78,22,67,59,5,17,1,0,2,9,4,4,11,0,0,0.228,0.265,0.418,0.683,24,83,79,6,18,3,0,4,10,0,4,16,0,0,0.06,0,0
"Korynna Anderson","3B",0.278,0.316,0.333,0.649,16,57,54,10,15,3,0,0,7,1,2,7,4,1,0.246,0.279,0.439,0.717,20,62,57,7,14,3,1,2,11,2,1,10,0,0,0.032,0,0
"Carson Shaw","DP",0.278,0.412,0.537,0.949,23,68,54,5,15,2,0,4,14,6,7,6,0,0,0.132,0.233,0.158,0.39,16,43,38,1,5,1,0,0,1,1,4,8,0,0,0.146,0,0
"Abby Wilson","C",0.276,0.358,0.672,1.031,20,67,58,16,16,5,0,6,15,0,8,6,1,0,0.143,0.25,0.19,0.44,15,50,42,4,6,2,0,0,1,3,3,5,0,0,0.133,0,0
"Harper Schoeneweis","1B",0.276,0.362,0.345,0.707,23,70,58,2,16,4,0,0,5,0,9,11,7,2,0.163,0.182,0.186,0.368,14,45,43,1,7,1,0,0,3,0,1,8,1,1,0.113,0,0
"Avery Drake","2B",0.268,0.362,0.317,0.679,16,47,41,6,11,2,0,0,5,0,6,5,7,0,0.227,0.277,0.273,0.549,18,47,44,4,10,0,1,0,1,1,2,3,0,0,0.041,0,0
"Emily Vinson","CF",0.267,0.34,0.4,0.74,16,50,45,9,12,1,1,1,8,0,5,8,7,0,0.25,0.339,0.288,0.627,19,60,52,6,13,2,0,0,5,2,5,10,1,3,0.017,0,0
"Kendall Owens","1B",0.267,0.3,0.372,0.672,27,90,86,9,23,6,0,1,18,0,4,12,3,0,0.286,0.343,0.381,0.724,21,71,63,4,18,3,0,1,10,0,6,8,1,0,-0.019,0,0
"Lauren Taylor","SS",0.264,0.304,0.491,0.794,16,56,53,10,14,0,0,4,11,1,2,6,3,0,0.309,0.387,0.473,0.86,20,64,55,7,17,0,0,3,6,2,5,7,3,2,-0.045,0,0
"Kaitlyn Tucker","2B",0.264,0.386,0.347,0.734,27,93,72,12,19,4,1,0,6,0,15,9,3,0,0.333,0.507,0.451,0.958,21,74,51,12,17,6,0,0,5,0,18,12,1,0,-0.069,0,0
"Alanna Deal","SS",0.26,0.356,0.429,0.784,27,92,77,19,20,4,0,3,19,8,4,11,8,0,0.256,0.439,0.302,0.741,17,59,43,9,11,2,0,0,6,6,8,4,1,1,0.004,0,0
"Jailyn Tineo","3B",0.243,0.404,0.324,0.729,26,94,74,15,18,4,1,0,7,0,20,16,1,0,0.25,0.419,0.333,0.753,17,62,48,8,12,1,0,1,5,3,11,8,0,0,-0.00700000000000001,0,0
"Cassie Norris","1B",0.242,0.288,0.355,0.643,25,68,62,3,15,4,0,1,8,1,3,7,1,1,0.273,0.319,0.409,0.728,17,48,44,6,12,3,0,1,9,0,3,6,1,0,-0.031,0,0
"Abby Polk","2B",0.242,0.354,0.288,0.642,27,79,66,19,16,3,0,0,10,5,7,6,15,1,0.213,0.245,0.277,0.521,17,49,47,7,10,1,1,0,4,1,1,7,4,1,0.029,0,0
"Emily Garcia","RF",0.241,0.302,0.31,0.612,25,64,58,6,14,4,0,0,5,2,3,10,0,0,0.277,0.314,0.319,0.633,18,51,47,7,13,2,0,0,10,1,2,5,2,0,-0.036,0,0
"Abby Bossler","RF",0.233,0.361,0.233,0.594,17,36,30,2,7,0,0,0,2,2,4,9,1,0,0.172,0.265,0.172,0.437,13,35,29,1,5,0,0,0,1,1,3,6,1,0,0.061,0,0
"Charlee Yourman","3B",0.23,0.29,0.262,0.552,24,72,61,1,14,2,0,0,6,0,6,3,0,0,0.167,0.239,0.167,0.406,16,46,42,0,7,0,0,0,2,1,3,8,0,0,0.063,0,0
"Abigail Pippen","C",0.23,0.275,0.311,0.586,26,81,74,6,17,6,0,0,11,2,3,14,1,0,0.311,0.392,0.4,0.792,16,52,45,9,14,1,0,1,8,0,6,5,1,0,-0.081,0,0
"Andrea Lyon","P",0.229,0.365,0.386,0.75,27,85,70,6,16,5,0,2,10,4,11,6,0,0,0.352,0.417,0.426,0.843,18,60,54,5,19,4,0,0,9,1,5,7,0,0,-0.123,0,0
"Maggie Hiatt","C",0.226,0.342,0.548,0.89,13,39,31,4,7,1,0,3,7,1,5,9,0,0,0.184,0.225,0.316,0.541,16,42,38,1,7,2,0,1,8,1,1,12,0,0,0.042,0,0
"Emma Yanes","SS",0.213,0.24,0.277,0.517,20,54,47,4,10,0,0,1,5,0,2,4,2,0,0.241,0.288,0.278,0.566,19,61,54,4,13,2,0,0,7,0,4,9,0,0,-0.028,0,0
"Mallory Fletcher","RF",0.197,0.264,0.258,0.521,24,74,66,2,13,4,0,0,4,1,5,16,2,0,0.241,0.288,0.37,0.659,19,61,54,7,13,4,0,1,6,0,4,7,0,0,-0.044,0,0
"Avery Miller","C",0.192,0.29,0.346,0.636,11,31,26,1,5,1,0,1,5,0,4,10,0,0,0.171,0.171,0.257,0.429,16,35,35,1,6,0,0,1,3,0,0,11,0,0,0.021,0,0
"Grayson Buckner","SS",0.188,0.235,0.208,0.444,19,51,48,3,9,1,0,0,6,0,3,9,3,0,0.254,0.286,0.328,0.614,22,70,67,10,17,2,0,1,6,0,3,11,4,0,-0.066,0,0
"Emma Villaescusa","SS",0.174,0.188,0.217,0.405,18,51,46,6,8,2,0,0,5,0,1,10,1,0,0.261,0.393,0.348,0.741,12,28,23,4,6,2,0,0,0,2,3,9,2,0,-0.087,0,0
"Amanda Lee","3B",0.171,0.293,0.171,0.464,17,43,35,4,6,0,0,0,2,1,5,9,6,0,0.091,0.143,0.091,0.234,13,37,33,2,3,0,0,0,0,0,2,8,3,0,0.08,0,0
"Emily Smith","LF",0.167,0.375,0.4,0.775,18,43,30,11,5,1,0,2,5,2,8,10,0,0,0.143,0.231,0.143,0.374,15,40,35,2,5,0,0,0,0,1,3,10,0,1,0.024,0,0
"Gracie Prince","C",0.152,0.152,0.227,0.379,23,66,66,4,10,2,0,1,6,0,0,16,0,0,0.268,0.302,0.366,0.668,16,45,41,3,11,1,0,1,3,0,2,6,0,0,-0.116,0,0
"Kyleigh Sand","SS",0.5,0.553,0.605,1.158,12,47,38,13,19,2,1,0,4,1,6,1,4,1,0.366,0.454,0.439,0.893,24,98,82,26,30,1,1,1,8,0,14,7,2,1,0.134,0,1
"Jena Young","2B",0.486,0.581,0.686,1.267,12,44,35,8,17,3,2,0,1,1,7,1,1,0,0.312,0.369,0.532,0.902,22,88,77,13,24,3,1,4,12,0,7,4,3,1,0.174,0,1
"Morgan Smith","CF",0.485,0.6,1.364,1.964,12,45,33,17,16,6,1,7,18,1,10,3,4,0,0.382,0.462,0.816,1.277,24,92,76,18,29,5,2,8,29,0,13,6,2,0,0.103,0,1
"Kansas Robinson","2B",0.449,0.556,0.918,1.474,17,63,49,13,22,5,0,6,13,1,12,9,2,1,0.325,0.481,0.575,1.056,13,52,40,10,13,2,1,2,7,1,11,2,3,0,0.124,0,1
"Michaela Jones","3B",0.443,0.514,0.738,1.252,22,72,61,17,27,7,1,3,16,3,7,9,0,0,0.203,0.299,0.339,0.637,21,69,59,8,12,2,0,2,6,3,5,9,1,0,0.24,0,1
"Taylor Krapf","C",0.432,0.523,0.703,1.225,12,44,37,5,16,7,0,1,10,2,5,1,0,1,0.323,0.438,0.726,1.163,20,80,62,14,20,4,0,7,26,5,10,4,0,0,0.109,0,1
"Soo-Jin Berry","3B",0.429,0.409,0.571,0.981,6,22,21,5,9,1,1,0,6,0,0,1,0,0,0.288,0.344,0.424,0.767,18,64,59,9,17,5,0,1,10,1,4,6,2,1,0.141,0,1
"Jaeda McFarland","CF",0.426,0.487,0.912,1.399,22,79,68,23,29,8,5,5,18,3,6,8,11,0,0.293,0.333,0.413,0.747,21,81,75,12,22,2,2,1,13,3,2,13,6,2,0.133,0,1
"Aly VanBrandt","2B",0.423,0.5,0.462,0.962,20,61,52,14,22,2,0,0,4,0,8,3,6,1,0.262,0.29,0.277,0.567,20,71,65,7,17,1,0,0,7,0,3,3,1,2,0.161,0,1
"Ellie Sieler","LF",0.421,0.507,0.684,1.192,18,69,57,18,24,3,0,4,6,1,9,1,2,0,0.327,0.41,0.558,0.968,17,66,52,12,17,4,1,2,9,1,7,3,1,0,0.094,0,1
"Maddie Lawson","2B",0.414,0.486,0.552,1.037,12,35,29,7,12,4,0,0,7,3,2,2,0,0,0.161,0.27,0.161,0.432,24,75,62,11,10,0,0,0,7,7,3,7,2,0,0.253,0,1
"Ava Kuszak","SS",0.412,0.455,0.843,1.298,14,55,51,15,21,7,0,5,13,0,4,15,1,0,0.26,0.351,0.5,0.851,17,57,50,9,13,4,1,2,7,1,6,10,2,0,0.152,0,1
"Peyton Bannon","CF",0.405,0.422,0.643,1.065,14,45,42,10,17,3,2,1,8,1,1,8,3,1,0.205,0.262,0.282,0.544,17,46,39,2,8,3,0,0,1,1,2,7,7,1,0.2,0,1
"Diamond Williams","1B",0.403,0.442,0.778,1.219,22,77,72,15,29,4,1,7,18,0,5,13,1,0,0.214,0.295,0.414,0.709,21,78,70,8,15,2,0,4,11,0,8,16,0,0,0.189,0,1
"Khloe Banks","RF",0.393,0.435,0.536,0.971,18,63,56,9,22,6,1,0,8,0,5,8,7,1,0.277,0.414,0.277,0.69,17,60,47,10,13,0,0,0,4,0,11,9,9,3,0.116,0,1
"Liana Jones","CF",0.391,0.533,0.826,1.359,19,63,46,11,18,4,2,4,17,3,11,13,4,1,0.18,0.236,0.34,0.576,18,57,50,5,9,5,0,1,6,0,4,12,1,1,0.211,0,1
"Jess Oakland","SS",0.389,0.522,0.694,1.216,12,46,36,18,14,8,0,1,9,0,10,3,0,0,0.47,0.576,1.121,1.698,20,85,66,29,31,7,0,12,25,0,18,7,2,1,-0.081,0,1
"Sydney Strelow","2B",0.378,0.489,0.649,1.138,12,45,37,8,14,4,0,2,11,0,8,3,0,0,0.308,0.425,0.508,0.933,20,80,65,15,20,5,1,2,15,1,13,10,0,0,0.07,0,1
"Gaby Garcia","C",0.377,0.433,0.774,1.207,17,60,53,11,20,3,0,6,23,0,6,11,0,0,0.3,0.386,0.58,0.966,18,58,50,8,15,2,0,4,8,4,3,4,0,0,0.077,0,1
"Mazie Macfarlane","RF",0.377,0.467,0.656,1.122,22,75,61,16,23,5,0,4,15,1,11,5,4,1,0.255,0.388,0.327,0.715,20,68,55,7,14,1,0,1,6,0,12,15,1,2,0.122,0,1
"McKenzie Bump","3B",0.37,0.42,0.565,0.985,16,51,46,11,17,3,0,2,9,0,4,2,2,0,0.3,0.417,0.433,0.85,21,73,60,16,18,2,0,2,9,7,5,11,3,0,0.07,0,1
"Emily Maddock","3B",0.367,0.433,0.483,0.916,19,70,60,13,22,5,1,0,4,1,6,2,1,1,0.208,0.218,0.264,0.482,18,57,53,1,11,3,0,0,1,1,0,3,0,0,0.159,0,1
"Kelsey Nader","RF",0.365,0.421,0.692,1.113,16,57,52,12,19,2,0,5,13,0,5,2,3,0,0.455,0.5,0.614,1.114,13,51,44,13,20,4,0,1,11,0,5,2,3,1,-0.09,0,1
"Morgan DeBord","CF",0.364,0.405,0.515,0.921,12,38,33,5,12,2,0,1,9,0,3,0,0,0,0.273,0.355,0.418,0.773,20,71,55,15,15,5,0,1,11,1,6,9,1,0,0.091,0,1
"Hannah Hawley","3B",0.364,0.522,0.606,1.128,12,46,33,9,12,2,0,2,4,4,8,4,0,1,0.344,0.44,0.719,1.159,21,75,64,10,22,3,0,7,12,1,10,12,2,1,0.02,0,1
"Adisyn Caryl","3B",0.364,0.391,0.455,0.846,15,46,44,7,16,4,0,0,4,1,1,3,0,0,0.344,0.423,0.443,0.865,20,73,61,9,21,3,0,1,14,4,5,6,0,2,0.02,0,1
"Kami Kortokrax","SS",0.362,0.423,0.809,1.232,15,52,47,9,17,6,0,5,16,1,4,8,0,0,0.294,0.377,0.529,0.906,21,77,68,15,20,4,0,4,16,0,9,6,0,0,0.068,0,1
"Maddie Erickson","3B",0.361,0.403,0.557,0.96,18,67,61,10,22,6,0,2,19,1,4,7,0,0,0.322,0.344,0.661,1.005,17,61,59,8,19,5,0,5,14,0,2,3,0,0,0.039,0,1
"Britain Beshears","1B",0.361,0.465,0.778,1.243,12,43,36,5,13,3,0,4,14,1,6,7,0,1,0.217,0.273,0.433,0.706,21,66,60,5,13,1,0,4,10,1,4,10,1,0,0.144,0,1
"Kelly Ryono","RF",0.358,0.364,0.604,0.967,15,56,53,7,19,7,0,2,6,0,1,14,1,1,0.365,0.427,0.703,1.13,20,82,74,17,27,5,1,6,18,0,8,9,5,2,-0.00700000000000001,0,1
"Megan Ward","SS",0.356,0.362,0.378,0.739,15,48,45,5,16,1,0,0,5,1,0,4,0,1,0.254,0.288,0.286,0.574,20,70,63,10,16,2,0,0,5,0,3,10,0,0,0.102,0,1
"Jazzy Burns","C",0.354,0.446,0.521,0.967,16,57,48,6,17,2,0,2,8,0,8,11,0,0,0.233,0.288,0.466,0.753,21,80,73,8,17,2,0,5,16,3,3,16,0,0,0.121,0,1
"Alex Cooper","3B",0.353,0.4,0.549,0.949,20,56,51,10,18,4,0,2,17,0,4,10,6,0,0.218,0.368,0.291,0.659,20,68,55,11,12,2,1,0,7,1,12,15,3,1,0.135,0,1
"Sydney Doloszycki","RF",0.351,0.4,0.757,1.157,12,44,37,9,13,0,3,3,8,0,3,7,1,0,0.169,0.197,0.237,0.434,20,61,59,3,10,1,0,1,3,0,2,14,1,0,0.182,0,1
"Brianna Copeland","P",0.35,0.458,0.467,0.925,20,72,60,13,21,4,0,1,7,1,11,8,5,2,0.311,0.398,0.473,0.871,21,88,74,20,23,3,0,3,13,3,9,10,3,1,0.039,0,1
"Samantha Bland","LF",0.348,0.419,0.53,0.949,20,75,66,14,23,6,0,2,13,2,6,5,2,0,0.265,0.357,0.449,0.806,14,56,49,8,13,3,0,2,9,0,7,4,2,0,0.083,0,1
"Rylie Moss","RF",0.344,0.333,0.344,0.677,9,33,32,3,11,0,0,0,2,0,0,5,0,0,0.39,0.438,0.407,0.844,18,66,59,11,23,1,0,0,4,0,5,8,4,0,-0.046,0,1
"Brooke Andrews","CF",0.343,0.421,0.463,0.884,21,78,67,17,23,8,0,0,10,0,9,12,2,0,0.22,0.283,0.341,0.624,13,48,41,10,9,2,0,1,9,1,3,10,0,0,0.123,0,1
"Nani Valencia","RF",0.343,0.375,0.457,0.832,12,40,35,5,12,1,0,1,7,0,3,6,0,0,0.195,0.283,0.293,0.575,17,46,41,6,8,1,0,1,4,0,5,8,0,0,0.148,0,1
"Billie Andrews","SS",0.342,0.435,0.699,1.134,21,85,73,22,25,5,0,7,25,2,10,9,5,0,0.268,0.412,0.39,0.802,12,51,41,13,11,0,1,1,5,0,10,7,3,1,0.074,0,1
"Sarah Stone","1B",0.339,0.424,0.589,1.014,20,66,56,11,19,8,0,2,17,0,9,3,2,0,0.303,0.41,0.439,0.85,21,79,66,9,20,0,0,3,15,2,10,4,1,0,0.036,0,1
"Taylor Heckman","RF",0.333,0.451,0.595,1.046,15,53,42,9,14,2,0,3,9,1,8,11,0,0,0.322,0.425,0.424,0.848,20,78,59,10,19,3,0,1,13,0,12,8,1,0,0.011,0,1
"Ava Bredwell","C",0.333,0.457,0.667,1.124,20,70,57,13,19,5,1,4,13,1,12,9,0,1,0.316,0.435,0.553,0.987,13,47,38,6,12,4,1,1,4,6,2,7,0,0,0.017,0,1
"Kaitlyn Farley","2B",0.333,0.478,0.611,1.089,16,46,36,10,12,2,1,2,8,1,9,5,0,0,0.306,0.411,0.323,0.734,21,73,62,11,19,1,0,0,7,1,10,11,0,0,0.027,0,1
"Hilary Blomberg","DP",0.333,0.362,0.556,0.917,14,47,45,4,15,4,0,2,9,0,2,8,0,0,0.333,0.396,0.69,1.086,16,49,42,3,14,6,0,3,13,2,3,3,0,0,0,0,1
"Sydney Lewis","DP",0.328,0.37,0.563,0.932,22,73,64,5,21,6,0,3,21,2,4,13,0,0,0.273,0.351,0.348,0.7,21,74,66,2,18,2,0,1,13,2,6,9,0,0,0.055,0,1
"Katelyn Caneda","2B",0.327,0.418,0.364,0.782,21,67,55,13,18,2,0,0,10,1,9,6,0,1,0.243,0.317,0.378,0.695,14,44,37,4,9,2,0,1,5,0,4,8,0,0,0.084,0,1
"Ella McVey","SS",0.326,0.383,0.349,0.732,18,51,43,7,14,1,0,0,5,1,3,3,1,0,0.317,0.391,0.341,0.733,17,48,41,6,13,1,0,0,5,1,4,4,0,0,0.00900000000000001,0,1
"Kaitlyn Morrison","SS",0.321,0.413,0.66,1.073,17,63,53,16,17,7,4,1,11,3,6,14,3,0,0.333,0.373,0.611,0.984,18,60,54,10,18,5,2,2,6,1,3,9,0,0,-0.012,0,1
"Brooke Benson","SS",0.318,0.389,0.636,1.025,20,54,44,14,14,3,1,3,15,1,6,8,1,0,0.262,0.318,0.344,0.662,21,70,61,15,16,5,0,0,4,2,3,7,3,2,0.056,0,1
"Emma Raye","C",0.318,0.444,0.75,1.194,17,54,44,12,14,1,0,6,15,1,9,10,2,0,0.167,0.239,0.333,0.572,13,46,42,5,7,1,0,2,5,2,2,13,0,0,0.151,0,1
"Maddie Gordon","2B",0.317,0.362,0.651,1.013,19,70,63,18,20,6,0,5,19,0,5,13,5,0,0.404,0.426,0.754,1.181,18,61,57,14,23,5,0,5,13,0,3,10,2,1,-0.087,0,1
"Ella Stephenson","RF",0.315,0.373,0.556,0.928,18,60,54,9,17,3,2,2,13,0,5,7,0,0,0.345,0.368,0.527,0.896,17,57,55,11,19,8,1,0,15,0,2,5,0,0,-0.03,0,1
"Megan Mikami","LF",0.314,0.4,0.471,0.871,22,80,70,18,22,3,4,0,3,4,6,6,7,2,0.301,0.363,0.315,0.678,21,82,73,9,22,1,0,0,3,5,2,11,8,1,0.013,0,1
"Ashlynn Campbell","2B",0.313,0.404,0.333,0.737,18,58,48,3,15,1,0,0,4,0,8,8,2,0,0.214,0.279,0.214,0.493,18,61,56,8,12,0,0,0,5,0,5,12,1,0,0.099,0,1
"Taylor Minnick","LF",0.306,0.403,0.597,1,20,72,62,12,19,3,0,5,13,2,8,4,1,0,0.361,0.519,0.689,1.207,21,83,61,14,22,8,0,4,18,1,19,6,2,1,-0.055,0,1
"Avery Parker","C",0.298,0.365,0.719,1.084,20,63,57,15,17,3,0,7,21,4,2,1,2,1,0.29,0.372,0.464,0.836,21,78,69,9,20,3,0,3,14,2,7,10,0,2,0.00800000000000001,0,1
"Emmy Wells","C",0.297,0.449,0.73,1.179,14,50,37,6,11,1,0,5,11,1,10,10,0,0,0.146,0.222,0.396,0.618,17,55,48,5,7,0,0,4,9,0,5,13,0,0,0.151,0,1
"Indiana Langford","2B",0.296,0.367,0.352,0.719,18,63,54,15,16,0,0,1,9,1,5,8,1,0,0.282,0.391,0.282,0.673,14,47,39,8,11,0,0,0,2,1,6,5,4,2,0.014,0,1
"Paige Berkmeyer","C",0.293,0.388,0.537,0.924,15,49,41,4,12,1,0,3,10,1,6,9,0,0,0.288,0.417,0.492,0.908,20,73,59,8,17,3,0,3,16,4,9,5,2,0,0.005,0,1
"Tory Bennett","2B",0.292,0.414,0.375,0.789,10,30,24,1,7,2,0,0,5,1,4,1,0,0,0.3,0.377,0.333,0.71,20,70,60,8,18,2,0,0,5,2,6,4,1,1,-0.00800000000000001,0,1
"Kayla Chavez","3B",0.289,0.319,0.356,0.675,12,47,45,5,13,3,0,0,2,1,1,3,0,0,0.365,0.427,0.608,1.035,20,83,74,18,27,4,1,4,17,1,7,9,0,0,-0.076,0,1
"Sydney Malott","2B",0.286,0.4,0.321,0.721,12,35,28,3,8,1,0,0,4,0,6,7,0,0,0.288,0.415,0.327,0.742,20,68,52,8,15,2,0,0,6,1,11,12,0,0,-0.002,0,1
"Keke Tholl","1B",0.283,0.492,0.783,1.275,18,65,46,8,13,2,0,7,15,2,17,2,0,0,0.308,0.373,0.731,1.104,17,59,52,10,16,1,0,7,15,1,5,8,0,1,-0.025,0,1
"Katie Wingert","C",0.278,0.395,0.722,1.118,12,44,36,8,10,1,0,5,12,1,6,6,0,0,0.219,0.363,0.359,0.722,24,83,64,5,14,6,0,1,11,4,11,17,0,0,0.059,0,1
"Payton Lincavage","3B",0.278,0.395,0.722,1.118,12,43,36,9,10,2,1,4,8,1,6,8,2,0,0.265,0.361,0.426,0.788,23,83,68,15,18,3,1,2,11,5,7,5,3,2,0.013,0,1
"Alexis Ross","CF",0.276,0.364,0.345,0.708,12,34,29,5,8,0,1,0,3,0,4,2,6,1,0.19,0.217,0.19,0.406,21,61,58,2,11,0,0,0,1,0,2,13,6,1,0.086,0,1
"Delanie Cox","1B",0.273,0.351,0.424,0.776,12,38,33,7,9,3,1,0,5,0,4,6,1,0,0.347,0.484,0.429,0.912,19,64,49,8,17,4,0,0,6,1,12,5,0,0,-0.074,0,1
"Stevie Meade","LF",0.268,0.375,0.39,0.765,15,54,41,5,11,2,0,1,4,1,6,7,1,0,0.367,0.473,0.583,1.056,20,77,60,17,22,4,0,3,8,3,10,3,1,1,-0.099,0,1
"Delaney Reefe","C",0.267,0.286,0.378,0.663,19,49,45,3,12,2,0,1,10,0,2,11,0,1,0.154,0.254,0.269,0.523,20,59,52,2,8,3,0,1,7,1,6,6,0,0,0.113,0,1
"Ainsley Muno","1B",0.267,0.45,0.5,0.95,17,44,30,5,8,1,0,2,8,6,4,5,0,0,0.278,0.297,0.389,0.686,13,38,36,2,10,1,0,1,3,1,0,11,0,0,-0.011,0,1
"Bridget Donahey","SS",0.263,0.472,0.553,1.024,17,53,38,13,10,2,0,3,4,4,11,17,3,1,0.229,0.325,0.486,0.811,13,43,35,5,8,1,1,2,8,1,4,7,1,0,0.034,0,1
"Hannah Church","C",0.261,0.452,0.522,0.973,12,31,23,4,6,1,1,1,8,0,8,7,0,0,0.225,0.311,0.45,0.761,16,45,40,5,9,3,0,2,9,1,4,9,0,0,0.036,0,1
"Abby Ryniec","DP",0.257,0.366,0.314,0.68,15,41,35,0,9,0,1,0,2,2,4,4,0,0,0.333,0.446,0.463,0.909,20,66,54,6,18,4,0,1,11,1,10,15,0,0,-0.076,0,1
"Alivia Bark","LF",0.257,0.333,0.343,0.676,14,45,35,6,9,3,0,0,5,0,5,6,2,0,0.225,0.273,0.275,0.548,15,45,40,7,9,2,0,0,3,0,3,5,0,0,0.032,0,1
"Kirsten Eppele","CF",0.256,0.326,0.513,0.838,15,43,39,8,10,2,1,2,11,0,4,11,0,0,0.25,0.338,0.589,0.928,19,66,56,14,14,2,1,5,12,1,7,12,2,1,0.00600000000000001,0,1
"Macy Lee","C",0.256,0.318,0.282,0.6,12,44,39,3,10,1,0,0,6,0,4,7,0,0,0.246,0.317,0.263,0.581,20,63,57,2,14,1,0,0,4,1,5,11,0,0,0.01,0,1
"Haylie Brunson","RF",0.255,0.364,0.436,0.8,19,67,55,13,14,2,1,2,10,1,9,10,0,0,0.154,0.214,0.269,0.484,18,56,52,3,8,3,0,1,6,1,3,11,1,0,0.101,0,1
"Lilly Vallimont","C",0.255,0.344,0.436,0.78,18,64,55,7,14,4,0,2,12,1,7,8,0,0,0.196,0.309,0.37,0.679,17,55,46,8,9,2,0,2,9,1,7,4,0,0,0.059,0,1
"Moriah Polar","LF",0.255,0.371,0.431,0.802,18,63,51,10,13,1,4,0,7,1,9,12,4,1,0.311,0.4,0.41,0.81,18,70,61,9,19,2,2,0,5,0,9,16,6,2,-0.056,0,1
"Cora Bassett","RF",0.25,0.403,0.538,0.941,20,67,52,14,13,3,0,4,12,6,8,4,6,2,0.222,0.333,0.403,0.736,21,84,72,12,16,1,0,4,10,0,12,4,3,2,0.028,0,1
"LA Matthews","1B",0.25,0.289,0.472,0.762,12,43,36,6,9,1,2,1,7,0,2,5,0,0,0.309,0.364,0.432,0.796,24,90,81,13,25,8,1,0,16,0,7,7,0,0,-0.059,0,1
"Ayana Lindsey","CF",0.25,0.391,0.333,0.725,17,47,36,10,9,3,0,0,9,1,8,10,3,0,0.273,0.4,0.424,0.824,13,40,33,6,9,1,2,0,2,2,5,3,0,1,-0.023,0,1
"Bella Bacon","1B",0.25,0.35,0.288,0.638,18,60,52,7,13,2,0,0,4,4,4,6,0,0,0.279,0.333,0.302,0.636,14,49,43,5,12,1,0,0,4,4,0,2,0,0,-0.029,0,1
"Jenissa Conway","CF",0.25,0.393,0.5,0.893,18,62,48,14,12,3,0,3,6,1,11,9,5,0,0.255,0.39,0.681,1.071,17,59,47,18,12,1,2,5,11,0,11,16,3,1,-0.005,0,1
"Tegan Cortelletti","LF",0.241,0.281,0.315,0.596,16,59,54,10,13,4,0,0,5,0,3,5,2,1,0.448,0.479,0.507,0.986,18,72,67,12,30,0,2,0,6,2,2,4,7,2,-0.207,0,1
"Kayla Bock","DP",0.241,0.353,0.414,0.767,12,34,29,6,7,2,0,1,5,1,4,4,0,0,0.24,0.296,0.4,0.696,23,54,50,7,12,2,0,2,9,2,2,11,0,0,0.001,0,1
"Fiona Girardot","1B",0.238,0.373,0.357,0.73,14,51,42,7,10,0,1,1,5,3,6,5,0,0,0.27,0.44,0.459,0.899,17,52,37,4,10,4,0,1,5,5,7,6,0,0,-0.032,0,1
"Caitlynn Neal","RF",0.237,0.237,0.368,0.605,17,40,38,8,9,2,0,1,7,0,0,5,0,0,0.226,0.333,0.355,0.688,12,37,31,7,7,1,0,1,5,3,2,1,0,0,0.011,0,1
"Angela Zedak","LF",0.236,0.288,0.327,0.615,17,60,55,8,13,2,0,1,7,0,4,12,1,0,0.381,0.449,0.929,1.378,13,50,42,11,16,2,0,7,15,0,6,7,3,0,-0.145,0,1
"Sage Scarmardo","3B",0.229,0.327,0.229,0.556,18,56,48,7,11,0,0,0,8,4,3,13,2,0,0.271,0.453,0.292,0.745,18,66,48,10,13,1,0,0,7,7,9,6,2,0,-0.042,0,1
"Eileen Donahue","1B",0.226,0.235,0.355,0.59,14,34,31,4,7,1,0,1,6,0,1,2,0,0,0.163,0.294,0.163,0.457,17,53,43,4,7,0,0,0,1,2,6,8,0,0,0.063,0,1
"Brooke Kuffel","RF",0.222,0.286,0.389,0.675,14,42,36,5,8,0,0,2,7,1,3,9,0,0,0.262,0.34,0.5,0.84,17,47,42,6,11,1,0,3,9,3,2,10,0,0,-0.04,0,1
"Sammi Woods","SS",0.22,0.281,0.271,0.552,21,64,59,4,13,3,0,0,7,1,4,5,1,1,0.167,0.224,0.185,0.409,20,60,54,7,9,1,0,0,3,1,3,11,0,0,0.053,0,1
"Serena Starks","CF",0.219,0.242,0.313,0.555,13,33,32,8,7,1,1,0,0,0,1,1,2,0,0.255,0.314,0.277,0.59,19,54,47,11,12,1,0,0,3,0,4,10,0,0,-0.036,0,1
"Breezy Burnett","LF",0.208,0.269,0.25,0.519,12,28,24,5,5,1,0,0,2,1,1,3,2,0,0.137,0.237,0.216,0.453,20,60,51,10,7,1,0,1,7,1,6,16,4,0,0.071,0,1
"Ellie Hubbard","2B",0.207,0.281,0.345,0.626,14,38,29,4,6,2,1,0,4,0,3,10,0,0,0.257,0.297,0.343,0.64,14,38,35,3,9,3,0,0,1,0,2,9,0,0,-0.05,0,1
"Gianna Poletti","1B",0.2,0.333,0.257,0.59,18,45,35,7,7,2,0,0,6,0,7,8,0,1,0.129,0.156,0.161,0.318,14,34,31,2,4,1,0,0,2,0,1,12,0,0,0.071,0,1
"Jenae Wash","LF",0.194,0.316,0.387,0.703,12,39,31,5,6,0,0,2,6,5,1,12,0,0,0.217,0.345,0.283,0.628,19,55,46,5,10,3,0,0,3,4,5,13,0,0,-0.023,0,1
"Sam Hackenbracht","1B",0.194,0.341,0.472,0.813,15,44,36,11,7,1,0,3,8,2,6,1,0,0,0.23,0.242,0.525,0.767,21,62,61,8,14,1,1,5,15,0,1,15,0,0,-0.036,0,1
"Addison Leschber","RF",0.194,0.342,0.258,0.6,11,38,31,2,6,2,0,0,1,3,4,4,0,0,0.204,0.278,0.49,0.768,18,54,49,5,10,5,0,3,8,0,5,7,1,2,-0.00999999999999998,0,1
"Destinee Noury","1B",0.192,0.276,0.462,0.737,12,29,26,2,5,1,0,2,4,2,1,11,0,0,0.227,0.37,0.386,0.757,17,55,44,6,10,1,0,2,5,1,9,15,0,0,-0.035,0,1
"Leilani Chavez","RF",0.192,0.3,0.308,0.608,11,31,26,5,5,3,0,0,0,0,4,4,0,0,0.273,0.314,0.273,0.587,24,70,66,8,18,0,0,0,4,1,3,8,2,1,-0.081,0,1
"Tyrina Jones","SS",0.191,0.269,0.468,0.737,17,52,47,6,9,2,1,3,8,0,5,13,2,0,0.271,0.338,0.424,0.762,18,65,59,8,16,2,2,1,6,2,4,8,3,0,-0.08,0,1
"Sydney Gray","3B",0.177,0.301,0.306,0.608,21,74,62,6,11,2,0,2,6,0,11,8,0,2,0.44,0.463,0.76,1.223,14,54,50,11,22,4,0,4,19,0,3,6,1,0,-0.263,0,1
"Isabel Cunnea","DP",0.171,0.216,0.371,0.588,16,38,35,4,6,1,0,2,5,1,1,9,0,0,0.233,0.343,0.467,0.81,13,35,30,5,7,1,0,2,5,3,2,6,0,0,-0.062,0,1
"Hannah Cady","3B",0.156,0.345,0.378,0.723,17,58,45,10,7,1,0,3,10,6,7,11,2,0,0.25,0.347,0.3,0.647,13,49,40,4,10,2,0,0,5,2,5,7,0,0,-0.094,0,1
"Grace Banes","CF",0.152,0.3,0.242,0.542,12,41,33,6,5,0,0,1,1,3,4,2,0,0,0.293,0.365,0.44,0.805,22,85,75,14,22,5,0,2,13,3,6,8,1,1,-0.141,0,1
"Kiara Dillon","CF",0.143,0.294,0.214,0.508,16,36,28,6,4,0,1,0,1,1,5,10,4,1,0.225,0.326,0.225,0.551,18,49,40,5,9,0,0,0,1,1,5,13,4,1,-0.082,0,1
"Sammy Diaz","1B",0.139,0.179,0.139,0.318,12,39,36,0,5,0,0,0,6,0,2,3,0,0,0.222,0.282,0.236,0.518,22,80,72,4,16,1,0,0,8,0,6,17,1,0,-0.083,0,1
"Jillian Anderson","LF",0.125,0.176,0.25,0.426,12,35,32,2,4,1,0,1,3,1,1,8,0,0,0.347,0.443,0.367,0.81,23,64,49,14,17,1,0,0,3,0,10,7,1,0,-0.222,0,1
"Collette Allen","2B",0.118,0.318,0.176,0.495,10,24,17,2,2,1,0,0,0,2,3,8,1,0,0.146,0.241,0.188,0.428,20,55,48,5,7,2,0,0,1,0,6,19,0,0,-0.028,0,1
"Maddy Ehlke","DP",0,0.077,0,0.077,10,13,12,0,0,0,0,0,1,0,1,2,0,0,0.156,0.309,0.156,0.465,20,55,45,4,7,0,0,0,6,2,8,11,0,0,-0.156,0,1
"Megan Delgadillo","CF",0.44,0.48,0.571,1.051,28,100,91,25,40,6,3,0,9,1,6,4,26,3,0.372,0.395,0.462,0.857,20,82,78,15,29,3,2,0,6,1,2,4,10,0,0.068,0,0
"Kika Ramirez","1B",0.426,0.5,0.553,1.053,28,56,47,3,20,0,0,2,10,3,5,3,0,0,0.179,0.343,0.214,0.557,19,35,28,0,5,1,0,0,3,1,6,3,0,0,0.247,0,0
"Madelyn McNally","SS",0.415,0.43,0.476,0.906,24,88,82,19,34,5,0,0,8,1,2,5,7,0,0.418,0.484,0.491,0.975,15,63,55,13,23,2,1,0,5,0,7,6,7,0,-0.003,0,0
"Jessica Clements","CF",0.409,0.509,0.614,1.123,14,55,44,12,18,1,1,2,5,1,8,0,4,1,0.466,0.506,0.671,1.177,20,81,73,17,34,7,1,2,11,2,5,5,4,4,-0.0570000000000001,0,0
"Peyton Toto","1B",0.4,0.449,0.486,0.934,28,80,70,8,28,4,1,0,13,4,3,7,9,1,0.368,0.397,0.509,0.906,19,68,57,5,21,3,1,1,10,1,3,3,1,0,0.032,0,0
"Lulu Sanchez","CF",0.393,0.439,0.492,0.931,20,66,61,7,24,1,1,1,9,2,3,5,0,0,0.31,0.375,0.548,0.923,16,50,42,4,13,2,1,2,10,1,4,4,1,0,0.083,0,0
"Mikayla Carman","LF",0.386,0.443,0.486,0.929,22,79,70,14,27,5,1,0,9,3,5,8,1,1,0.421,0.484,0.526,1.011,18,65,57,4,24,4,1,0,8,1,6,5,2,0,-0.035,0,0
"Jocylyn Vidal","DP",0.383,0.517,0.574,1.091,21,61,47,6,18,6,0,1,9,2,11,5,0,0,0.273,0.342,0.485,0.827,14,38,33,3,9,1,0,2,8,0,4,3,0,0,0.11,0,0
"Elicia Acosta","C",0.369,0.431,0.554,0.984,24,72,65,7,24,2,2,2,16,2,5,14,0,0,0.256,0.36,0.395,0.755,15,50,43,2,11,3,0,1,5,2,5,11,0,1,0.113,0,0
"Kat Montuya","SS",0.363,0.435,0.688,1.122,27,95,80,16,29,9,1,5,15,3,8,6,7,0,0.35,0.422,0.625,1.047,12,46,40,9,14,2,0,3,11,1,4,5,2,0,0.013,0,0
"Shaylan Whatman","3B",0.362,0.476,0.565,1.041,23,85,69,21,25,4,2,2,8,8,7,14,2,2,0.309,0.424,0.691,1.115,18,68,55,17,17,3,0,6,16,4,7,8,0,1,0.053,0,0
"Nadia Witt","LF",0.36,0.424,0.528,0.952,27,99,89,21,32,7,1,2,11,0,10,9,11,0,0.425,0.531,0.475,1.006,12,49,40,6,17,2,0,0,9,0,9,6,3,1,-0.065,0,0
"Makayla Medellin","CF",0.357,0.403,0.457,0.86,22,77,70,18,25,5,1,0,7,2,4,4,2,1,0.511,0.52,0.723,1.243,14,50,47,11,24,4,0,2,7,0,2,3,2,1,-0.154,0,0
"Haley Johnson","DH",0.354,0.42,0.468,0.889,27,88,79,7,28,4,1,1,9,1,8,21,2,0,0.229,0.372,0.286,0.658,14,43,35,5,8,2,0,0,0,0,8,5,1,0,0.125,0,0
"Anna Dethlefson","RF",0.344,0.4,0.489,0.889,30,101,90,22,31,2,1,3,11,0,9,1,23,3,0.234,0.294,0.255,0.549,14,52,47,7,11,1,0,0,2,0,4,0,11,1,0.11,0,0
"Jazzy Santos","2B",0.342,0.407,0.447,0.854,24,86,76,16,26,2,0,2,13,2,7,11,3,0,0.236,0.311,0.364,0.675,15,62,55,8,13,1,0,2,4,0,6,8,1,0,0.106,0,0
"Juju Sargent","RF",0.341,0.412,0.341,0.753,14,54,44,10,15,0,0,0,3,0,6,2,0,1,0.3,0.351,0.329,0.679,20,79,70,12,21,2,0,0,8,1,5,4,1,0,0.041,0,0
"Bailey Wallace","LF",0.338,0.388,0.403,0.791,28,89,77,11,26,5,0,0,12,1,6,20,4,1,0.308,0.333,0.385,0.718,20,74,65,5,20,5,0,0,7,0,3,10,2,1,0.03,0,0
"Leah Polson","CF",0.333,0.424,0.405,0.829,30,100,84,16,28,2,2,0,11,1,13,11,4,1,0.289,0.36,0.356,0.716,14,52,45,7,13,3,0,0,4,1,4,5,1,1,0.044,0,0
"Kiara Blanchard","LF",0.333,0.44,0.405,0.845,14,52,42,4,14,3,0,0,8,0,8,1,1,0,0.231,0.292,0.262,0.553,20,72,65,5,15,2,0,0,9,1,5,12,0,0,0.102,0,0
"Brooklyn Lee","C",0.333,0.4,0.386,0.786,23,65,57,0,19,3,0,0,11,2,5,8,0,0,0.238,0.273,0.262,0.535,14,44,42,2,10,1,0,0,6,1,1,5,0,0,0.095,0,0
"Jackie Alday","C",0.327,0.371,0.423,0.794,19,62,52,6,17,3,1,0,5,0,6,7,1,0,0.171,0.19,0.268,0.459,12,42,41,3,7,1,0,1,8,0,1,8,0,0,0.156,0,0
"Bella Pahulu","3B",0.323,0.434,0.419,0.854,26,77,62,3,20,3,0,1,10,2,11,8,0,0,0.273,0.442,0.394,0.836,13,44,33,3,9,2,1,0,4,1,9,9,0,0,0.05,0,0
"Dallas Millwood","1B",0.319,0.388,0.435,0.822,27,80,69,7,22,2,0,2,15,4,5,17,1,0,0.128,0.209,0.231,0.44,14,44,39,3,5,1,0,1,9,0,4,3,0,0,0.191,0,0
"Deena Pederson","2B",0.319,0.383,0.403,0.785,25,84,72,9,23,3,0,1,8,2,6,8,13,2,0.24,0.264,0.34,0.604,16,53,50,8,12,1,2,0,9,1,1,7,6,0,0.079,0,0
"Karissa Munsey","DP",0.316,0.316,0.368,0.684,21,57,57,0,18,3,0,0,6,0,0,9,0,0,0.204,0.25,0.315,0.565,21,61,54,4,11,1,1,1,8,0,4,16,0,1,0.112,0,0
"Alexis Chavez","1B",0.311,0.34,0.333,0.674,16,49,45,5,14,1,0,0,4,1,1,2,2,0,0.14,0.196,0.14,0.335,16,49,43,6,6,0,0,0,1,1,2,1,0,1,0.171,0,0
"Ka'ena Keliinoi","3B",0.308,0.372,0.423,0.795,27,92,78,13,24,3,0,2,10,3,5,6,1,1,0.304,0.327,0.326,0.653,14,51,46,8,14,1,0,0,3,0,2,0,0,0,0.004,0,0
"Sara Olson","LF",0.308,0.41,0.431,0.841,22,78,65,18,20,6,1,0,4,0,12,4,4,1,0.225,0.367,0.3,0.667,14,49,40,5,9,0,0,1,5,0,9,3,1,2,0.083,0,0
"Izabella Martinez","C",0.307,0.416,0.347,0.762,27,90,75,5,23,3,0,0,13,2,12,10,0,0,0.326,0.367,0.395,0.763,14,49,43,4,14,3,0,0,7,0,4,3,0,0,-0.019,0,0
"Ainsley Waddell","DP",0.306,0.351,0.583,0.934,24,78,72,15,22,6,1,4,17,0,5,14,0,1,0.353,0.421,0.471,0.892,15,57,51,6,18,6,0,0,9,0,6,8,1,0,-0.047,0,0
"Hannah Becerra","3B",0.301,0.414,0.507,0.921,27,88,73,16,22,3,0,4,23,1,13,16,3,2,0.315,0.493,0.463,0.956,20,74,54,10,17,2,0,2,4,2,17,7,0,0,-0.014,0,0
"Logan-Ray Gaspar","SS",0.3,0.379,0.4,0.779,19,58,50,9,15,2,0,1,6,3,4,7,0,1,0.298,0.373,0.316,0.689,20,67,57,8,17,1,0,0,5,2,6,5,1,1,0.002,0,0
"Mya'liah Bethea","LF",0.299,0.356,0.672,1.028,27,77,67,19,20,1,0,8,15,0,6,16,2,0,0.091,0.184,0.364,0.548,13,38,33,5,3,0,0,3,5,1,3,8,0,0,0.208,0,0
"Mia Perez","DP",0.297,0.395,0.351,0.747,14,46,37,2,11,2,0,0,6,1,5,6,0,0,0.156,0.278,0.267,0.544,16,56,45,3,7,2,0,1,8,0,8,5,0,0,0.141,0,0
"Lexi O'Gorman","CF",0.288,0.329,0.333,0.662,22,71,66,8,19,1,1,0,11,1,3,7,1,0,0.291,0.304,0.345,0.649,16,56,55,5,16,3,0,0,6,0,1,6,0,0,-0.003,0,0
"Alexa Sams","LF",0.286,0.333,0.365,0.698,23,70,63,9,18,3,1,0,11,3,2,11,0,0,0.447,0.481,0.489,0.97,15,54,47,8,21,2,0,0,10,1,3,6,1,0,-0.161,0,0
"Ashley Donaldson","1B",0.284,0.385,0.433,0.817,24,78,67,12,19,5,1,1,18,0,11,5,8,1,0.298,0.382,0.426,0.807,15,56,47,10,14,3,0,1,7,0,7,4,1,0,-0.014,0,0
"Gigi Araki","1B",0.284,0.38,0.448,0.828,27,79,67,9,19,8,0,1,10,3,8,18,1,0,0.406,0.472,0.719,1.191,12,37,32,9,13,4,0,2,7,0,4,7,0,0,-0.122,0,0
"Lauryn Garewal","CF",0.28,0.322,0.402,0.725,27,95,82,12,23,4,0,2,10,0,6,1,5,3,0.238,0.289,0.262,0.551,12,47,42,4,10,1,0,0,2,0,3,3,2,1,0.042,0,0
"Xiara Diaz","SS",0.28,0.333,0.4,0.733,14,54,50,8,14,2,2,0,5,0,4,4,3,2,0.339,0.435,0.357,0.792,19,74,56,12,19,1,0,0,10,2,9,7,5,1,-0.059,0,0
"Alexa DeMarse","3B",0.279,0.31,0.324,0.633,25,71,68,7,19,3,0,0,4,1,2,9,2,1,0.227,0.306,0.25,0.556,16,50,44,3,10,1,0,0,5,2,3,6,0,0,0.052,0,0
"Selena Perez","SS",0.279,0.311,0.349,0.66,19,45,43,3,12,3,0,0,5,0,2,3,1,0,0.048,0.2,0.048,0.248,11,26,21,1,1,0,0,0,0,1,3,1,0,0,0.231,0,0
"Sarah Starks","1B",0.277,0.368,0.494,0.862,31,95,83,14,23,6,0,4,20,1,11,8,1,0,0.419,0.538,0.677,1.216,12,40,31,6,13,2,0,2,8,0,8,1,1,0,-0.142,0,0
"Jacquelyn Bickar","2B",0.275,0.386,0.406,0.791,23,85,69,10,19,4,1,1,7,0,13,4,6,1,0.27,0.413,0.297,0.71,13,48,37,6,10,1,0,0,3,0,9,4,3,1,0.005,0,0
"Kaia Johnson","CF",0.27,0.281,0.317,0.599,21,67,63,7,17,3,0,0,6,1,0,11,9,3,0.339,0.448,0.464,0.912,23,69,56,15,19,3,2,0,8,5,6,7,13,0,-0.069,0,0
"Shay Fuimaono","2B",0.27,0.3,0.405,0.705,17,42,37,2,10,5,0,0,2,0,2,8,0,0,0.214,0.313,0.357,0.67,19,49,42,6,9,3,0,1,7,2,4,8,0,0,0.056,0,0
"Julia Barnett","C",0.268,0.311,0.317,0.628,14,47,41,0,11,2,0,0,5,0,3,3,0,0,0.246,0.296,0.292,0.588,20,73,65,3,16,3,0,0,7,1,4,3,0,0,0.022,0,0
"Chloe Borges","CF",0.268,0.414,0.536,0.95,26,70,56,9,15,0,0,5,15,3,11,10,0,0,0.25,0.311,0.375,0.686,14,45,40,2,10,2,0,1,11,2,2,12,0,0,0.018,0,0
"Corissa Sweet","RF",0.268,0.367,0.293,0.66,20,50,41,2,11,1,0,0,5,2,5,4,1,1,0.143,0.2,0.179,0.379,12,30,28,4,4,1,0,0,1,1,1,1,0,0,0.125,0,0
"Libbie McMahan","SS",0.267,0.301,0.326,0.627,32,93,86,9,23,3,1,0,12,2,3,9,0,0,0.088,0.205,0.206,0.411,14,39,34,2,3,1,0,1,3,2,3,5,0,1,0.179,0,0
"Kaylee Escutia","RF",0.267,0.292,0.433,0.726,21,65,60,10,16,4,0,2,10,0,3,10,0,0,0.25,0.351,0.313,0.664,13,37,32,3,8,2,0,0,2,4,1,1,0,0,0.017,0,0
"Ava Arce","DP",0.255,0.263,0.436,0.7,25,57,55,6,14,4,0,2,11,0,1,7,0,0,0.264,0.273,0.264,0.537,20,56,53,1,14,0,0,0,9,0,1,5,0,0,-0.00900000000000001,0,0
"Morgan Eng","LF",0.25,0.4,0.297,0.697,25,81,64,14,16,1,1,0,3,7,9,6,11,3,0.333,0.439,0.333,0.772,16,57,48,13,16,0,0,0,1,4,5,7,13,1,-0.083,0,0
"Hailey Mulligan","SS",0.25,0.258,0.391,0.648,22,69,64,7,16,2,2,1,11,0,1,12,1,0,0.375,0.444,0.438,0.882,16,54,48,6,18,3,0,0,7,1,5,9,0,2,-0.125,0,0
"Sinclair Lawhorn","1B",0.245,0.393,0.347,0.74,22,61,49,7,12,3,1,0,11,2,10,7,1,0,0.31,0.412,0.448,0.86,12,34,29,4,9,1,0,1,6,0,5,1,0,0,-0.065,0,0
"Elise Nishimura","2B",0.24,0.296,0.26,0.556,23,56,50,5,12,1,0,0,7,2,2,7,1,0,0.286,0.375,0.286,0.661,12,35,28,5,8,0,0,0,2,1,3,3,2,0,-0.046,0,0
"Rebeca Cabezas","3B",0.239,0.299,0.254,0.552,27,79,71,7,17,1,0,0,8,0,6,6,2,0,0.344,0.382,0.344,0.726,12,37,32,4,11,0,0,0,3,1,1,5,0,0,-0.105,0,0
"Mylina Garza","3B",0.238,0.273,0.286,0.558,14,44,42,0,10,2,0,0,5,1,1,3,0,0,0.211,0.288,0.228,0.516,20,68,57,5,12,1,0,0,5,1,6,4,0,0,0.027,0,0
"Sarah Nakahara","LF",0.234,0.314,0.325,0.639,30,86,77,11,18,3,2,0,10,0,9,9,14,2,0.239,0.234,0.261,0.495,14,49,46,3,11,1,0,0,5,0,0,3,6,0,-0.00499999999999998,0,0
"Jessi Alcala","C",0.232,0.276,0.348,0.624,25,78,69,10,16,2,0,2,11,3,2,9,3,2,0.348,0.373,0.522,0.894,16,54,46,7,16,6,1,0,10,0,3,4,0,0,-0.116,0,0
"Carly Robbins","3B",0.231,0.286,0.323,0.609,23,71,65,6,15,4,1,0,9,3,2,4,0,0,0.211,0.244,0.237,0.481,14,42,38,5,8,1,0,0,5,2,0,6,0,0,0.02,0,0
"Rebekah Durazo","C",0.231,0.298,0.365,0.664,19,57,52,2,12,4,0,1,9,2,3,11,0,0,0.3,0.364,0.567,0.93,12,33,30,4,9,2,0,2,11,2,1,4,0,0,-0.069,0,0
"Dani Hunter","1B",0.216,0.322,0.294,0.616,21,59,51,2,11,1,0,1,2,2,6,16,0,0,0.319,0.396,0.383,0.779,16,53,47,1,15,3,0,0,6,1,5,10,2,0,-0.103,0,0
"Malia Xiao Gin","SS",0.214,0.258,0.238,0.497,26,93,84,9,18,2,0,0,6,0,5,11,1,0,0.34,0.404,0.34,0.744,14,53,47,5,16,0,0,0,1,2,3,2,0,0,-0.126,0,0
"Marley Panziera","2B",0.212,0.283,0.365,0.649,25,62,52,6,11,0,1,2,9,1,5,8,0,1,0.219,0.219,0.469,0.688,11,33,32,2,7,2,0,2,4,0,0,6,0,0,-0.00700000000000001,0,0
"Grace Kilday","C",0.207,0.303,0.293,0.596,25,68,58,9,12,2,0,1,7,2,6,13,3,1,0.065,0.094,0.065,0.158,12,33,31,1,2,0,0,0,1,0,1,3,0,0,0.142,0,0
"Vinessa Nunez","SS",0.196,0.229,0.196,0.425,22,51,46,4,9,0,0,0,4,1,1,6,0,0,0.216,0.237,0.243,0.48,17,39,37,3,8,1,0,0,3,0,1,2,0,0,-0.02,0,0
"Zoe Richards","1B",0.192,0.246,0.365,0.611,23,59,52,5,10,0,3,1,7,0,4,13,0,0,0.233,0.281,0.4,0.681,12,32,30,6,7,0,1,1,3,0,2,8,1,0,-0.041,0,0
"Emily Carr","3B",0.19,0.244,0.333,0.578,18,46,42,4,8,3,0,1,9,1,2,5,1,0,0.162,0.225,0.216,0.441,12,40,37,3,6,2,0,0,4,0,3,14,0,0,0.028,0,0
"Teagan Dobson","DP",0.18,0.3,0.24,0.54,21,61,50,3,9,3,0,0,6,0,9,7,0,1,0.136,0.321,0.182,0.503,11,28,22,3,3,1,0,0,0,1,5,3,0,0,0.044,0,0
"Maya Molina-Villareal","C",0.176,0.194,0.382,0.577,15,36,34,3,6,1,0,2,4,0,1,4,1,0,0.222,0.255,0.267,0.522,19,49,45,3,10,2,0,0,3,0,2,2,1,2,-0.046,0,0
"Erin Mendoza","CF",0.167,0.255,0.167,0.422,20,47,42,4,7,0,0,0,0,0,5,7,4,0,0.206,0.308,0.206,0.514,14,43,34,2,7,0,0,0,2,1,4,6,0,1,-0.039,0,0
"Hailey Brooks","LF",0.167,0.212,0.271,0.482,19,52,48,3,8,2,0,1,4,0,3,11,0,0,0.137,0.228,0.216,0.444,22,62,51,3,7,4,0,0,2,3,3,18,1,0,0.03,0,0
"Maya Williams","RF",0.164,0.224,0.246,0.47,21,67,61,6,10,2,0,1,2,1,4,14,3,1,0.321,0.406,0.429,0.835,20,66,56,11,18,1,1,1,5,3,5,9,3,1,-0.157,0,0
"Kai Barrett","1B",0.118,0.211,0.118,0.328,8,22,17,1,2,0,0,0,2,0,2,4,0,0,0.36,0.439,0.48,0.919,18,59,50,9,18,3,0,1,6,0,7,8,0,0,-0.242,0,0
"Violet Salazar","3B",0.1,0.143,0.1,0.243,17,46,40,1,4,0,0,0,1,2,0,5,0,0,0.309,0.356,0.327,0.683,19,63,55,3,17,1,0,0,6,1,3,3,0,0,-0.209,0,0
"Grace Abbonizio","CF",0.459,0.545,0.703,1.248,14,44,37,12,17,3,0,2,7,1,6,5,2,1,0.359,0.398,0.474,0.872,25,84,78,13,28,4,1,1,6,2,3,10,4,1,0.1,0,0
"Chelsea Manto","CF",0.452,0.452,0.524,0.976,15,42,42,8,19,1,1,0,6,0,0,8,5,1,0.192,0.208,0.192,0.4,18,53,52,10,10,0,0,0,3,0,1,11,4,1,0.26,0,0
"Catherine Anne Kupinski","LF",0.444,0.52,0.841,1.361,21,75,63,17,28,5,1,6,20,2,9,6,3,0,0.344,0.417,0.547,0.964,21,75,64,17,22,5,1,2,18,2,6,5,0,1,0.1,0,0
"Tyra Parker","LF",0.438,0.493,0.469,0.962,24,74,64,13,28,0,1,0,5,0,8,2,14,2,0.274,0.308,0.29,0.598,21,70,62,11,17,1,0,0,6,0,3,8,6,1,0.164,0,0
"Dani Dabroski","LF",0.397,0.478,0.483,0.96,18,68,58,17,23,3,1,0,5,0,9,5,10,0,0.245,0.444,0.264,0.709,20,72,53,10,13,1,0,0,1,0,19,9,8,0,0.152,0,0
"Alicia Orosco","CF",0.391,0.468,0.464,0.932,21,82,69,18,27,2,0,1,10,1,9,11,4,1,0.239,0.308,0.324,0.632,20,80,71,11,17,1,1,1,5,2,5,7,4,0,0.152,0,0
"Brooke Marquez","SS",0.384,0.415,0.5,0.915,27,97,86,18,33,7,0,1,13,1,5,4,6,1,0.237,0.286,0.373,0.659,20,66,59,11,14,3,1,1,2,1,3,5,3,2,0.147,0,0
"Kyra McFarland","SS",0.384,0.418,0.507,0.925,21,82,73,19,28,4,1,1,12,0,5,7,7,0,0.457,0.486,0.514,1.001,21,77,70,16,32,1,0,1,5,0,4,7,6,1,-0.073,0,0
"Becca Vaillancourt","C",0.375,0.426,0.813,1.238,15,54,48,8,18,6,0,5,14,2,3,4,0,0,0.394,0.423,0.591,1.013,20,71,66,9,26,4,0,3,11,1,3,6,0,0,-0.019,0,0
"Morgan Britt","RF",0.37,0.433,0.494,0.927,29,90,81,11,30,5,1,1,15,1,8,7,6,1,0.145,0.217,0.226,0.443,22,70,62,11,9,2,0,1,6,0,6,9,6,2,0.225,0,0
"Sydney Shaffer","DP",0.369,0.455,0.554,1.008,24,78,65,8,24,8,2,0,12,0,11,12,0,0,0.26,0.422,0.46,0.882,18,64,50,7,13,4,0,2,7,2,12,7,1,0,0.109,0,0
"Skylar Stockton","LF",0.368,0.476,0.485,0.961,29,90,68,14,25,2,0,2,11,11,4,11,9,1,0.338,0.405,0.538,0.944,22,77,65,11,22,5,1,2,11,6,2,8,8,0,0.03,0,0
"Tayler Vitola","2B",0.368,0.4,0.379,0.779,29,102,95,24,35,1,0,0,1,2,3,7,9,2,0.304,0.329,0.316,0.646,22,84,79,11,24,1,0,0,6,0,3,7,10,1,0.064,0,0
"Alyssa Henault","2B",0.368,0.451,0.515,0.966,24,83,68,16,25,4,3,0,13,0,12,6,9,5,0.368,0.456,0.421,0.877,20,68,57,11,21,1,1,0,7,5,5,4,11,0,0,0,0
"Madilyn Gillespie","3B",0.366,0.449,0.439,0.888,20,53,41,5,15,1,1,0,5,1,6,6,2,1,0.205,0.273,0.231,0.503,18,46,39,3,8,1,0,0,5,2,2,13,2,0,0.161,0,0
"Allee Seering","3B",0.361,0.407,0.667,1.074,24,81,72,18,26,6,2,4,28,1,6,11,6,0,0.316,0.409,0.421,0.83,20,66,57,11,18,4,1,0,9,0,9,9,8,0,0.045,0,0
"Cori Jones","2B",0.357,0.37,0.6,0.97,22,74,70,10,25,6,4,1,12,0,2,3,1,0,0.167,0.191,0.182,0.373,21,68,66,3,11,1,0,0,1,0,2,11,0,1,0.19,0,0
"Mauri Murray","RF",0.353,0.397,0.632,1.03,22,73,68,15,24,5,1,4,16,1,4,8,3,1,0.358,0.462,0.491,0.952,19,65,53,12,19,1,0,2,11,4,7,8,3,0,-0.005,0,0
"Savannah Simons","3B",0.353,0.5,0.471,0.971,18,69,51,9,18,1,1,1,12,8,7,6,3,0,0.242,0.306,0.242,0.548,20,73,66,6,16,0,0,0,2,3,3,4,3,0,0.111,0,0
"Kaytlin Stacey","CF",0.353,0.416,0.441,0.857,25,78,68,15,24,4,1,0,12,1,7,5,5,0,0.176,0.263,0.324,0.587,15,39,34,4,6,2,0,1,5,1,3,8,1,0,0.177,0,0
"Allyiah Swiney","RF",0.351,0.403,0.561,0.965,25,65,57,11,20,4,1,2,16,1,4,4,2,0,0.236,0.3,0.345,0.645,21,60,55,12,13,4,1,0,5,0,5,8,1,0,0.115,0,0
"Brooke Williams","3B",0.35,0.472,0.613,1.084,32,107,80,13,28,11,2,2,25,4,18,12,4,1,0.182,0.333,0.295,0.629,16,54,44,5,8,2,0,1,6,2,8,13,1,0,0.168,0,0
"Lindsay Lumsden","1B",0.35,0.386,0.617,1.002,24,71,60,9,21,6,2,2,15,2,4,8,0,0,0.271,0.338,0.407,0.745,20,70,59,9,16,5,0,1,6,3,4,6,1,0,0.079,0,0
"Kaitlyn Wells","LF",0.349,0.406,0.603,1.009,23,69,63,9,22,4,3,2,17,0,6,12,0,0,0.25,0.39,0.521,0.911,20,59,48,12,12,1,0,4,8,0,11,6,0,1,0.099,0,0
"Julia Boyet","3B",0.348,0.416,0.42,0.836,24,78,69,15,24,3,1,0,11,1,7,4,6,0,0.352,0.41,0.574,0.984,18,61,54,9,19,2,2,2,10,1,5,5,3,0,-0.004,0,0
"Alyssa Costello","RF",0.345,0.433,0.483,0.916,20,68,58,16,20,3,1,1,10,2,7,8,5,0,0.339,0.406,0.5,0.906,20,69,62,14,21,3,2,1,10,1,6,9,4,0,0.00599999999999995,0,0
"Naiah Ackerman","2B",0.345,0.415,0.636,1.052,21,65,55,11,19,4,0,4,17,0,8,2,0,0,0.283,0.409,0.377,0.786,21,66,53,9,15,2,0,1,11,3,9,7,0,0,0.062,0,0
"Megan Grant","SS",0.344,0.506,0.469,0.975,24,86,64,17,22,8,0,0,10,6,15,5,1,0,0.255,0.406,0.345,0.751,20,69,55,14,14,3,1,0,3,0,14,4,2,0,0.089,0,0
"Cassidy Relay","CF",0.342,0.392,0.37,0.762,28,80,73,16,25,0,1,0,0,0,6,6,9,0,0.358,0.443,0.358,0.801,21,62,53,8,19,0,0,0,2,0,8,7,8,1,-0.016,0,0
"Izzy Alamillo","LF",0.341,0.396,0.409,0.805,14,50,44,9,15,1,1,0,4,1,3,3,2,1,0.242,0.242,0.253,0.495,25,93,91,12,22,1,0,0,5,0,0,13,3,1,0.099,0,0
"Mackenzie Lake","SS",0.333,0.389,0.47,0.859,22,72,66,9,22,5,2,0,5,0,6,2,1,1,0.254,0.333,0.358,0.692,22,75,67,5,17,2,1,1,7,2,6,7,1,0,0.079,0,0
"Charlie Montgomery","CF",0.333,0.351,0.37,0.721,21,58,54,21,18,0,1,0,7,1,1,4,11,1,0.267,0.279,0.317,0.595,22,61,60,8,16,3,0,0,6,0,1,7,4,1,0.066,0,0
"Carley Davis","C",0.327,0.5,0.423,0.923,24,72,52,10,17,2,0,1,8,8,11,2,0,0,0.298,0.389,0.511,0.9,16,54,47,6,14,4,0,2,15,3,4,4,0,0,0.029,0,0
"Tristin Doster","C",0.317,0.375,0.512,0.887,20,49,41,9,13,5,0,1,16,2,3,4,1,1,0.3,0.378,0.475,0.853,15,45,40,5,12,4,0,1,10,2,3,9,3,0,0.017,0,0
"Katie Scheivert","2B",0.317,0.375,0.397,0.772,24,72,63,12,20,3,1,0,10,1,6,6,3,0,0.316,0.365,0.404,0.769,18,64,57,8,18,3,1,0,12,0,5,5,5,0,0.001,0,0
"Mia Dittoe","RF",0.316,0.391,0.382,0.772,27,89,76,12,24,5,0,0,8,3,7,7,5,0,0.218,0.283,0.218,0.502,20,61,55,5,12,0,0,0,7,1,4,10,1,0,0.098,0,0
"Corinne Badger","1B",0.311,0.5,0.533,1.033,20,62,45,14,14,2,1,2,14,4,13,9,2,0,0.213,0.356,0.447,0.803,17,59,47,8,10,2,0,3,13,4,7,7,0,0,0.098,0,0
"Taylor Ivey","3B",0.309,0.411,0.346,0.756,31,103,81,18,25,3,0,0,11,1,13,9,2,0,0.135,0.22,0.135,0.355,13,43,37,1,5,0,0,0,1,1,3,6,1,0,0.174,0,0
"Shealyn Starks","C",0.308,0.344,0.396,0.739,27,96,91,13,28,2,0,2,12,1,4,5,3,0,0.179,0.233,0.339,0.573,20,61,56,5,10,3,0,2,8,0,4,5,0,0,0.129,0,0
"Savannah Lockhart","DP",0.305,0.379,0.492,0.87,22,66,59,8,18,5,0,2,9,1,6,9,0,0,0.125,0.152,0.125,0.277,13,33,32,2,4,0,0,0,3,0,1,11,0,0,0.18,0,0
"Cara Bohner","RF",0.302,0.366,0.317,0.684,22,71,63,7,19,1,0,0,10,1,6,16,0,0,0.279,0.353,0.459,0.812,22,68,61,11,17,3,1,2,6,0,7,17,1,0,0.023,0,0
"Aliya Catanzarita","1B",0.295,0.385,0.432,0.816,15,52,44,5,13,3,0,1,5,0,7,5,0,0,0.264,0.385,0.472,0.856,20,65,53,7,14,3,1,2,11,0,11,6,0,0,0.031,0,0
"Olivia Malinowski","DP",0.289,0.396,0.467,0.863,15,53,45,7,13,2,0,2,6,1,7,5,0,0,0.29,0.323,0.355,0.678,20,66,62,8,18,4,0,0,10,0,3,6,0,0,-0.001,0,0
"Joey Barkhimer","1B",0.289,0.36,0.444,0.804,18,50,45,6,13,1,0,2,8,3,2,11,1,0,0.185,0.214,0.259,0.474,19,56,54,1,10,1,0,1,5,0,2,10,0,0,0.104,0,0
"Alyxx Estrada","2B",0.286,0.397,0.449,0.846,16,58,49,14,14,8,0,0,9,1,8,5,6,0,0.294,0.446,0.451,0.897,19,66,51,13,15,3,1,1,5,2,12,6,6,3,-0.00800000000000001,0,0
"Elizabeth Yoskowitz","LF",0.286,0.359,0.286,0.645,14,41,35,6,10,0,0,0,1,1,3,3,1,1,0.23,0.266,0.246,0.512,22,64,61,9,14,1,0,0,2,0,3,14,5,2,0.056,0,0
"Halle Cannon","LF",0.286,0.398,0.468,0.865,27,93,77,15,22,1,2,3,16,4,11,17,1,0,0.255,0.333,0.404,0.738,18,54,47,5,12,2,1,1,8,0,6,14,1,0,0.031,0,0
"Jamari Moss","C",0.283,0.327,0.543,0.87,16,49,46,8,13,3,0,3,8,0,3,7,1,0,0.269,0.361,0.308,0.668,19,61,52,3,14,2,0,0,10,1,7,12,0,1,0.014,0,0
"Carmynn Bonner","RF",0.28,0.385,0.43,0.815,32,117,100,25,28,5,2,2,11,0,17,13,4,0,0.389,0.424,0.556,0.979,16,59,54,11,21,6,0,1,13,0,4,12,1,1,-0.109,0,0
"Grace Franczyk","C",0.279,0.38,0.558,0.938,17,50,43,7,12,3,0,3,7,0,7,7,0,0,0.295,0.373,0.409,0.782,17,52,44,4,13,5,0,0,6,2,4,5,0,0,-0.016,0,0
"Julz Garber","CF",0.278,0.337,0.342,0.679,24,86,79,15,22,1,2,0,3,0,7,14,10,0,0.365,0.412,0.476,0.888,18,69,63,15,23,4,0,1,2,0,5,5,4,0,-0.087,0,0
"Gabi Schaal","1B",0.278,0.297,0.5,0.797,24,74,72,16,20,4,0,4,19,1,1,8,1,0,0.222,0.267,0.574,0.841,20,60,54,9,12,4,0,5,14,0,4,11,0,1,0.056,0,0
"Kalea Calugay","2B",0.275,0.37,0.375,0.745,14,46,40,7,11,1,0,1,7,0,6,11,0,0,0.205,0.326,0.384,0.709,25,89,73,9,15,5,1,2,19,0,14,10,1,0,0.07,0,0
"Mary Sobataka","SS",0.269,0.376,0.487,0.864,29,95,78,9,21,7,2,2,19,2,12,10,1,1,0.258,0.342,0.424,0.766,22,76,66,12,17,3,1,2,9,1,8,8,0,0,0.011,0,0
"Brenay Howard","RF",0.269,0.298,0.5,0.798,19,60,52,11,14,1,1,3,13,1,2,9,6,0,0.277,0.404,0.34,0.744,19,60,47,7,13,1,1,0,1,3,7,12,1,1,-0.00800000000000001,0,0
"Abby Warner","C",0.268,0.423,0.537,0.96,17,52,41,7,11,2,0,3,7,3,8,14,1,0,0.163,0.3,0.306,0.606,19,60,49,3,8,4,0,1,4,4,6,14,1,0,0.105,0,0
"Morgan Hess","RF",0.268,0.295,0.446,0.742,23,61,56,7,15,8,1,0,6,0,3,11,0,0,0.278,0.316,0.611,0.927,18,57,54,9,15,3,0,5,12,0,3,5,1,1,-0.01,0,0
"Tessa Thompson","RF",0.265,0.357,0.49,0.847,18,57,49,3,13,5,0,2,17,3,4,9,0,0,0.184,0.273,0.265,0.538,19,55,49,3,9,2,1,0,1,0,6,11,1,0,0.081,0,0
"Drew Menscer","CF",0.261,0.338,0.319,0.657,23,78,69,16,18,2,1,0,4,0,8,7,11,0,0.231,0.317,0.308,0.624,20,62,52,6,12,0,2,0,3,1,6,6,1,2,0.03,0,0
"Leah Maduro","1B",0.261,0.35,0.377,0.727,26,81,69,9,18,4,2,0,10,1,9,12,5,0,0.22,0.327,0.293,0.619,15,50,41,6,9,1,1,0,4,0,7,9,0,1,0.041,0,0
"Julianna Sanzone","DP",0.259,0.328,0.466,0.794,21,70,58,10,15,3,0,3,14,1,6,8,0,0,0.308,0.463,0.5,0.963,20,70,52,8,16,4,0,2,13,2,13,6,0,0,-0.049,0,0
"Aniz Roman","2B",0.258,0.347,0.303,0.65,27,103,89,16,23,4,0,0,8,1,11,10,4,0,0.242,0.299,0.371,0.669,20,67,62,7,15,4,2,0,6,0,5,9,5,0,0.016,0,0
"Mackenzie Bloss","SS",0.255,0.281,0.291,0.572,18,64,55,6,14,2,0,0,12,1,3,6,1,0,0.242,0.329,0.274,0.603,20,70,62,4,15,2,0,0,4,0,8,14,1,0,0.013,0,0
"Kayla Wilson","LF",0.25,0.538,0.375,0.913,14,40,24,5,6,1,1,0,2,0,15,6,0,1,0.302,0.434,0.372,0.806,18,53,43,8,13,1,1,0,6,1,9,10,1,1,-0.052,0,0
"Destiny Sims","LF",0.25,0.298,0.409,0.707,17,49,44,3,11,2,1,1,7,0,3,15,3,0,0.171,0.275,0.2,0.475,15,40,35,3,6,1,0,0,1,0,5,9,2,0,0.079,0,0
"Chloe Blantz","SS",0.239,0.338,0.373,0.711,23,77,67,10,16,1,1,2,7,5,5,8,5,0,0.316,0.391,0.404,0.794,18,64,57,11,18,5,0,0,10,1,6,6,3,0,-0.077,0,0
"Malaka Belser","3B",0.238,0.347,0.413,0.76,27,95,80,13,19,2,0,4,22,1,13,9,0,0,0.184,0.355,0.306,0.661,20,62,49,6,9,0,0,2,4,2,11,11,1,0,0.054,0,0
"Emily Kepple","C",0.235,0.346,0.265,0.61,23,81,68,9,16,2,0,0,5,0,12,7,0,0,0.28,0.327,0.3,0.627,16,56,50,2,14,1,0,0,11,0,4,9,0,0,-0.045,0,0
"Lindsey Hunt","C",0.235,0.289,0.412,0.701,13,38,34,7,8,0,0,2,4,2,1,1,0,0,0.227,0.247,0.307,0.553,25,77,75,4,17,6,0,0,4,0,2,2,1,1,0.00799999999999998,0,0
"Isabella Canesi","CF",0.234,0.308,0.404,0.712,19,52,47,7,11,2,0,2,4,0,5,11,3,0,0.271,0.28,0.417,0.697,18,51,48,3,13,4,0,1,7,0,1,10,0,0,-0.037,0,0
"Greta Hessenthaler","2B",0.231,0.317,0.288,0.605,22,60,52,7,12,3,0,0,10,0,7,6,0,0,0.265,0.357,0.286,0.643,20,57,49,4,13,1,0,0,2,2,5,7,0,0,-0.034,0,0
"Madison Fife","C",0.224,0.31,0.367,0.678,22,58,49,4,11,4,0,1,12,0,7,6,0,0,0.359,0.444,0.538,0.983,16,45,39,4,14,1,0,2,6,0,6,8,0,0,-0.135,0,0
"Lauren Cope","1B",0.222,0.352,0.289,0.641,21,55,45,5,10,3,0,0,6,1,8,14,2,1,0.261,0.433,0.37,0.803,19,61,46,7,12,2,0,1,7,3,11,12,4,0,-0.039,0,0
"Bri Lawson","2B",0.222,0.288,0.222,0.51,18,61,54,9,12,0,0,0,4,2,3,5,1,0,0.27,0.281,0.27,0.551,20,64,63,5,17,0,0,0,9,0,1,0,2,0,-0.048,0,0
"Chelsea Villar","RF",0.222,0.3,0.333,0.633,14,40,36,3,8,1,0,1,8,1,3,3,0,0,0.195,0.267,0.244,0.511,20,46,41,3,8,2,0,0,3,0,4,11,0,0,0.027,0,0
"Ashley Errico","3B",0.216,0.293,0.514,0.806,14,41,37,4,8,2,0,3,8,1,3,6,0,0,0.2,0.294,0.267,0.561,22,68,60,4,12,1,0,1,3,4,4,15,1,0,0.016,0,0
"Emily Reinstein","C",0.212,0.263,0.365,0.629,19,61,52,4,11,2,0,2,6,0,4,7,0,0,0.254,0.254,0.305,0.559,20,61,59,4,15,3,0,0,5,0,0,6,1,0,-0.042,0,0
"Devin Coia","1B",0.2,0.259,0.24,0.499,18,55,50,4,10,2,0,0,4,3,1,8,0,0,0.222,0.364,0.267,0.63,19,55,45,1,10,2,0,0,3,0,10,10,0,0,-0.022,0,0
"Nekia Aiken","2B",0.2,0.286,0.24,0.526,29,85,75,9,15,3,0,0,11,0,9,21,3,1,0.39,0.457,0.463,0.92,15,46,41,6,16,3,0,0,2,1,4,12,0,1,-0.19,0,0
"Mackenzie Fitzgerald","3B",0.2,0.238,0.2,0.438,15,43,40,3,8,0,0,0,2,0,2,11,0,0,0.12,0.182,0.16,0.342,20,57,50,3,6,2,0,0,2,0,4,14,0,0,0.08,0,0
"Alanna Morse","SS",0.194,0.275,0.222,0.497,15,42,36,6,7,1,0,0,6,0,4,4,0,0,0.255,0.268,0.273,0.541,20,58,55,8,14,1,0,0,4,1,0,5,1,0,-0.061,0,0
"Gianna Costaro","1B",0.193,0.361,0.298,0.659,24,73,57,10,11,3,0,1,12,1,14,8,2,0,0.269,0.387,0.442,0.829,18,62,52,6,14,3,0,2,15,5,5,9,0,0,-0.076,0,0
"Kylee Quinn","CF",0.19,0.273,0.215,0.488,30,92,79,8,15,0,1,0,5,4,5,19,9,1,0.222,0.31,0.278,0.587,16,42,36,6,8,0,1,0,5,1,4,15,0,0,-0.032,0,0
"Lexi Castaneda","CF",0.189,0.268,0.189,0.457,17,43,37,4,7,0,0,0,0,0,4,6,1,0,0.158,0.238,0.237,0.475,16,42,38,3,6,1,1,0,3,2,2,4,1,2,0.031,0,0
"Camryn Thompson","LF",0.18,0.219,0.18,0.399,27,67,61,7,11,0,0,0,3,0,3,12,1,0,0.208,0.24,0.208,0.448,11,26,24,3,5,0,0,0,0,0,1,1,1,1,-0.028,0,0
"Allison Corbin","3B",0.175,0.238,0.211,0.449,25,63,57,3,10,2,0,0,7,0,5,3,1,0,0.244,0.358,0.333,0.692,20,54,45,4,11,1,0,1,3,2,6,1,1,0,-0.069,0,0
"Lily Meuninck","1B",0.167,0.192,0.333,0.526,9,26,24,2,4,1,0,1,3,1,0,2,0,0,0.267,0.362,0.417,0.779,23,69,60,4,16,3,0,2,5,0,9,9,0,0,-0.1,0,0
"Annabelle Smink","RF",0.167,0.286,0.233,0.519,13,35,30,3,5,2,0,0,3,0,5,3,0,1,0.16,0.25,0.18,0.43,19,56,50,3,8,1,0,0,3,1,5,9,0,0,0.00700000000000001,0,0
"Ally Hickman","3B",0.164,0.22,0.182,0.402,22,59,55,1,9,1,0,0,1,2,2,13,0,0,0.19,0.239,0.413,0.652,22,67,63,6,12,0,1,4,8,0,4,9,0,0,-0.026,0,0
"Jentri Meadows","C",0.149,0.245,0.149,0.394,23,53,47,2,7,0,0,0,2,1,5,12,1,0,0.179,0.214,0.179,0.394,15,42,39,2,7,0,0,0,3,0,2,7,0,0,-0.03,0,0
"Mia Garza","3B",0.143,0.308,0.238,0.546,9,26,21,5,3,2,0,0,1,0,5,3,0,0,0.25,0.321,0.264,0.585,25,81,72,4,18,1,0,0,9,0,8,6,3,0,-0.107,0,0
"Brooke Dye","3B",0.138,0.306,0.172,0.478,14,38,29,6,4,1,0,0,2,0,7,6,0,0,0.116,0.174,0.116,0.29,18,49,43,1,5,0,0,0,3,1,2,10,0,0,0.022,0,0
"Makayla Layton","SS",0.125,0.352,0.225,0.577,19,55,40,9,5,2,1,0,4,4,10,17,0,0,0.154,0.327,0.179,0.506,19,49,39,1,6,1,0,0,2,4,6,19,1,1,-0.029,0,0
"TJ Webster","SS",0.474,0.545,0.539,1.085,26,89,76,27,36,2,0,1,8,0,12,4,11,1,0.351,0.413,0.351,0.764,18,65,57,7,20,0,0,0,1,0,6,1,4,0,0.123,0,0
"Alexis Gilio","CF",0.433,0.513,0.478,0.99,23,81,67,14,29,3,0,0,16,1,11,8,9,1,0.315,0.366,0.342,0.708,22,83,73,11,23,0,1,0,6,0,7,11,4,0,0.118,0,0
"Dezianna Patmon","DP",0.412,0.474,0.824,1.297,30,96,85,25,35,8,0,9,22,0,10,15,8,2,0.351,0.448,0.649,1.097,20,69,57,13,20,2,0,5,18,1,9,9,6,0,0.061,0,0
"Kally Meredith","CF",0.41,0.449,0.446,0.895,28,99,83,19,34,0,0,1,8,0,6,7,15,1,0.31,0.333,0.31,0.644,18,63,58,14,18,0,0,0,3,0,2,2,6,1,0.1,0,0
"Ajia Richard","3B",0.39,0.44,0.714,1.155,24,84,77,18,30,9,2,4,21,2,5,9,2,0,0.358,0.464,0.642,1.105,18,70,53,13,19,3,0,4,16,2,11,7,0,1,0.032,0,0
"Collier Peaden","LF",0.384,0.418,0.384,0.801,25,91,86,16,33,0,0,0,4,0,5,7,4,2,0.321,0.333,0.339,0.673,17,58,56,7,18,1,0,0,3,0,1,4,6,0,0.063,0,0
"Halle Hogan","RF",0.371,0.494,0.694,1.187,24,79,62,16,23,5,0,5,14,7,8,14,1,0,0.241,0.323,0.407,0.73,17,62,54,10,13,3,0,2,7,2,5,8,1,1,0.13,0,0
"Rachel Roupe","RF",0.365,0.574,0.794,1.368,27,94,63,22,23,9,0,6,15,3,28,5,1,1,0.297,0.43,0.641,1.071,21,79,64,14,19,4,0,6,15,1,14,5,0,0,0.068,0,0
"Jillian Taylor","CF",0.359,0.434,0.728,1.162,30,108,92,32,33,8,1,8,29,6,7,14,2,1,0.364,0.444,0.491,0.935,18,66,55,18,20,0,2,1,2,3,5,9,3,0,-0.005,0,0
"Kayla Lunar","3B",0.358,0.439,0.493,0.932,29,83,67,11,24,4,1,1,13,0,12,11,2,1,0.13,0.167,0.196,0.362,20,49,46,2,6,0,0,1,3,2,0,11,2,0,0.228,0,0
"Morgan Sharpe","2B",0.355,0.395,0.461,0.856,26,89,76,16,27,4,2,0,13,1,6,11,1,0,0.259,0.279,0.328,0.606,18,61,58,4,15,2,1,0,7,0,2,11,0,0,0.096,0,0
"Krissy Boyd","RF",0.353,0.433,0.471,0.904,25,60,51,12,18,3,0,1,8,1,7,8,1,0,0.217,0.31,0.435,0.745,15,29,23,3,5,2,0,1,3,1,3,7,0,0,0.136,0,0
"Ellie Grill","CF",0.352,0.395,0.535,0.93,21,77,71,11,25,4,0,3,13,1,4,5,2,2,0.328,0.417,0.393,0.81,20,75,61,9,20,4,0,0,6,1,9,7,0,0,0.024,0,0
"Brylee Hage","CF",0.347,0.467,0.373,0.841,25,92,75,21,26,2,0,0,12,8,9,5,1,0,0.255,0.369,0.273,0.642,18,66,55,5,14,1,0,0,2,4,6,5,0,2,0.092,0,0
"Taylor Sanders","3B",0.347,0.461,0.833,1.294,26,89,72,20,25,6,1,9,35,1,15,9,4,0,0.302,0.413,0.774,1.186,18,63,53,17,16,3,2,6,12,0,10,6,0,0,0.045,0,0
"Jayleen Burton","SS",0.344,0.371,0.359,0.731,27,72,64,13,22,1,0,0,4,1,3,1,2,1,0.2,0.273,0.28,0.553,20,58,50,8,10,4,0,0,3,0,5,5,0,0,0.144,0,0
"Caroline Easom","2B",0.343,0.375,0.418,0.793,23,74,67,4,23,5,0,0,15,0,4,4,0,0,0.211,0.282,0.239,0.521,22,79,71,6,15,2,0,0,5,0,7,9,0,0,0.132,0,0
"Amaya Harris","RF",0.343,0.444,0.507,0.952,23,83,67,11,23,7,2,0,13,3,10,3,6,0,0.207,0.258,0.276,0.534,18,63,58,3,12,4,0,0,4,0,4,7,1,0,0.136,0,0
"Julia Herzinger","DP",0.341,0.446,0.636,1.083,19,56,44,7,15,4,0,3,12,2,8,10,1,0,0.18,0.293,0.18,0.473,19,60,50,4,9,0,0,0,2,2,6,15,0,0,0.161,0,0
"Brodie Quinlan","RF",0.34,0.415,0.468,0.883,17,53,47,7,16,6,0,0,4,0,6,5,3,0,0.264,0.339,0.321,0.66,18,59,53,6,14,3,0,0,5,0,6,10,2,1,0.076,0,0
"Cheyanne Sales","DP",0.338,0.488,0.585,1.073,26,86,65,10,22,4,0,4,25,1,19,7,0,1,0.235,0.361,0.314,0.674,18,63,51,4,12,1,0,1,6,1,9,8,2,0,0.103,0,0
"Elia Hebel","1B",0.333,0.42,0.633,1.054,20,69,60,11,20,6,0,4,11,3,6,5,0,0,0.259,0.394,0.519,0.912,20,68,54,6,14,2,0,4,10,1,11,7,0,0,0.074,0,0
"Brianna Garcia","2B",0.327,0.462,0.5,0.962,24,67,52,11,17,3,0,2,12,0,13,11,1,1,0.22,0.353,0.244,0.597,18,56,41,6,9,1,0,0,4,1,8,5,0,0,0.107,0,0
"Brynn McManus","DP",0.325,0.4,0.525,0.925,18,45,40,3,13,3,1,1,9,0,5,7,1,0,0.333,0.342,0.611,0.953,20,38,36,4,12,4,0,2,7,0,1,3,0,0,-0.00800000000000001,0,0
"Jessica Carreon","2B",0.321,0.368,0.472,0.84,24,59,53,18,17,3,1,1,3,0,4,4,3,1,0.333,0.404,0.357,0.761,19,48,42,9,14,1,0,0,2,0,5,8,5,2,-0.012,0,0
"Sophie Weber","RF",0.317,0.453,0.55,1.003,26,80,60,14,19,5,0,3,13,4,11,5,0,1,0.25,0.34,0.3,0.64,17,48,40,4,10,2,0,0,3,1,5,7,0,0,0.067,0,0
"Lexi Morales","LF",0.314,0.455,0.5,0.955,24,88,70,20,22,8,1,1,11,1,17,5,2,1,0.283,0.38,0.4,0.78,18,72,60,10,17,4,0,1,7,0,10,6,1,0,0.031,0,0
"Claire Raley","3B",0.314,0.36,0.371,0.731,23,79,70,13,22,2,1,0,3,0,5,14,4,3,0.244,0.259,0.449,0.708,22,84,78,12,19,2,1,4,11,0,2,22,2,1,0.07,0,0
"Raigan Barrett","SS",0.313,0.389,0.375,0.764,27,75,64,10,20,4,0,0,8,3,5,11,0,0,0.255,0.356,0.412,0.768,21,61,51,10,13,3,1,1,7,1,7,6,1,0,0.058,0,0
"Morgan Holliday","SS",0.313,0.343,0.563,0.905,13,35,32,6,10,0,1,2,7,0,2,7,3,0,0.2,0.265,0.267,0.532,17,51,45,7,9,1,1,0,1,1,3,12,1,0,0.113,0,0
"Makayla Navarro","2B",0.306,0.387,0.484,0.871,24,77,62,12,19,4,2,1,7,0,10,10,5,3,0.205,0.238,0.256,0.495,15,42,39,4,8,2,0,0,5,0,2,12,2,0,0.101,0,0
"Shelby Echols","SS",0.3,0.412,0.343,0.755,23,87,70,19,21,3,0,0,7,0,14,10,6,2,0.323,0.373,0.355,0.728,18,67,62,5,20,2,0,0,3,0,5,3,1,1,-0.023,0,0
"Bailey Grossenbacher","RF",0.3,0.354,0.443,0.797,26,79,70,14,21,4,0,2,13,0,7,11,6,0,0.42,0.491,0.82,1.311,18,57,50,13,21,5,0,5,14,2,5,6,0,0,-0.12,0,0
"Sierra Kersten","C",0.3,0.368,0.52,0.888,22,57,50,5,15,2,0,3,17,2,4,7,0,0,0.135,0.161,0.173,0.334,19,56,52,2,7,2,0,0,5,0,2,10,0,0,0.165,0,0
"Ashton Lansdell","SS",0.3,0.405,0.5,0.905,25,85,70,17,21,2,0,4,15,3,10,16,10,1,0.324,0.385,0.559,0.943,13,39,34,6,11,0,1,2,9,0,4,8,4,1,-0.024,0,0
"Riley Carley","1B",0.296,0.316,0.535,0.851,25,78,71,13,21,3,1,4,21,0,3,10,2,0,0.192,0.189,0.212,0.4,17,54,52,2,10,1,0,0,2,0,0,14,0,1,0.104,0,0
"Tricia Yarotsky","3B",0.292,0.319,0.646,0.965,21,70,65,12,19,5,0,6,20,0,3,9,0,0,0.3,0.375,0.42,0.795,18,57,50,6,15,0,0,2,4,2,4,9,0,0,-0.00800000000000001,0,0
"Casey Goguts","1B",0.29,0.303,0.516,0.819,23,66,62,6,18,5,0,3,20,0,2,16,1,0,0.244,0.277,0.311,0.588,14,47,45,4,11,3,0,0,6,0,2,11,0,0,0.046,0,0
"Julia Garcia","3B",0.288,0.329,0.409,0.738,21,70,66,3,19,2,0,2,9,0,4,8,0,0,0.227,0.32,0.295,0.615,16,50,44,2,10,0,0,1,3,2,4,7,0,1,0.061,0,0
"Lindsey Richardson","1B",0.283,0.353,0.5,0.853,20,68,60,6,17,2,1,3,17,2,5,5,0,0,0.29,0.338,0.484,0.822,19,68,62,5,18,0,0,4,16,1,4,12,0,0,-0.00700000000000001,0,0
"Morgan Nowakowski","CF",0.283,0.358,0.467,0.825,20,68,60,12,17,5,0,2,4,0,7,3,0,0,0.345,0.443,0.552,0.995,20,71,58,9,20,4,1,2,9,1,10,4,0,0,-0.062,0,0
"Ashley Phillips","3B",0.283,0.353,0.65,1.003,20,69,60,13,17,4,0,6,16,0,7,7,0,0,0.226,0.328,0.377,0.705,18,63,53,5,12,2,0,2,5,0,8,15,0,0,0.057,0,0
"Zamya McBurrows","2B",0.281,0.317,0.368,0.685,20,61,57,8,16,5,0,0,9,0,3,3,5,0,0.244,0.244,0.356,0.6,14,45,45,4,11,3,1,0,6,0,0,4,2,1,0.037,0,0
"Megan Fortner","1B",0.278,0.356,0.494,0.849,27,90,79,12,22,3,1,4,8,1,9,12,0,0,0.226,0.315,0.581,0.896,21,73,62,12,14,5,1,5,17,1,8,5,1,0,0.052,0,0
"Emma Jones","SS",0.274,0.392,0.468,0.86,20,74,62,11,17,4,1,2,5,2,10,11,11,0,0.344,0.468,0.453,0.921,20,79,64,15,22,7,0,0,7,5,10,14,9,1,-0.07,0,0
"Katelin Cooper","LF",0.273,0.484,0.477,0.961,21,62,44,13,12,6,0,1,5,1,17,12,1,1,0.115,0.288,0.212,0.499,22,66,52,7,6,0,1,1,5,1,12,25,1,0,0.158,0,0
"Kenzie Nicholson","2B",0.271,0.327,0.417,0.744,17,52,48,11,13,4,0,1,1,1,3,2,0,0,0.275,0.387,0.294,0.681,19,64,51,4,14,1,0,0,7,5,5,2,5,0,-0.004,0,0
"Shelby Sargent","CF",0.27,0.333,0.381,0.714,23,70,63,7,17,4,0,1,8,0,6,10,1,0,0.224,0.283,0.347,0.63,18,53,49,3,11,3,0,1,3,0,4,13,1,0,0.046,0,0
"Kylie Neel","DP",0.268,0.397,0.429,0.826,22,68,56,9,15,6,0,1,6,3,9,12,0,0,0.29,0.359,0.507,0.866,22,78,69,10,20,4,1,3,12,1,7,22,1,1,-0.022,0,0
"Lexi Medlock","LF",0.262,0.314,0.385,0.699,23,71,65,11,17,3,1,1,5,0,5,14,2,1,0.186,0.205,0.419,0.623,16,46,43,7,8,1,0,3,5,0,1,12,0,0,0.076,0,0
"Alannah Rogers","RF",0.262,0.375,0.361,0.736,22,74,61,11,16,3,0,1,11,0,11,8,1,1,0.258,0.314,0.339,0.653,20,73,62,5,16,5,0,0,7,1,5,12,0,1,0.004,0,0
"KK Madrey","LF",0.261,0.316,0.275,0.591,26,77,69,11,18,1,0,0,4,1,5,20,4,0,0.321,0.41,0.434,0.844,20,61,53,12,17,1,1,1,4,1,7,6,11,1,-0.06,0,0
"Isabella Perez","C",0.255,0.381,0.392,0.773,22,68,51,8,13,2,1,1,12,0,11,7,0,0,0.235,0.278,0.275,0.552,18,54,51,5,12,2,0,0,5,0,3,5,0,0,0.02,0,0
"Ansley Blevins","C",0.254,0.32,0.612,0.932,22,75,67,9,17,2,2,6,15,1,6,21,1,0,0.311,0.404,0.867,1.271,16,52,45,8,14,1,0,8,12,1,6,12,0,0,-0.057,0,0
"Brooke Roberts","2B",0.254,0.319,0.476,0.795,24,69,63,9,16,2,0,4,13,3,3,3,1,0,0.188,0.235,0.271,0.506,19,53,48,3,9,1,0,1,8,2,1,4,1,0,0.066,0,0
"Mary Claire Wilson","CF",0.25,0.305,0.375,0.68,27,95,88,16,22,4,2,1,8,1,6,11,3,0,0.286,0.346,0.357,0.703,21,79,70,14,20,2,0,1,6,1,6,8,3,0,-0.036,0,0
"Kelsey Schmidt","LF",0.245,0.355,0.491,0.845,23,65,53,11,13,4,0,3,11,0,9,9,1,0,0.2,0.275,0.429,0.704,17,41,35,3,7,2,0,2,5,0,4,7,1,0,0.045,0,0
"Kenna Collett","C",0.245,0.397,0.531,0.927,21,63,49,7,12,3,1,3,12,1,12,12,0,0,0.205,0.311,0.308,0.619,16,45,39,3,8,1,0,1,2,0,6,12,0,0,0.04,0,0
"Anna Sample","1B",0.242,0.265,0.333,0.598,18,35,33,3,8,0,0,1,7,0,1,12,0,0,0.185,0.214,0.296,0.511,14,29,27,0,5,3,0,0,1,0,1,8,0,0,0.057,0,0
"Ava Brooks","2B",0.241,0.281,0.352,0.633,20,60,54,8,13,0,0,2,6,0,3,11,0,0,0.277,0.271,0.319,0.59,16,48,47,3,13,2,0,0,3,0,0,13,1,1,-0.036,0,0
"Aubree Seaney","1B",0.233,0.345,0.349,0.694,17,56,43,4,10,5,0,0,9,1,8,8,0,1,0.179,0.246,0.268,0.514,18,61,56,5,10,2,0,1,8,1,4,16,0,0,0.054,0,0
"Ava Tepe","C",0.232,0.328,0.446,0.775,21,69,56,7,13,3,0,3,5,3,5,7,2,0,0.14,0.315,0.233,0.547,18,58,43,3,6,1,0,1,1,5,6,5,0,0,0.092,0,0
"Savannah Jessee","C",0.229,0.327,0.375,0.702,23,57,48,2,11,4,0,1,3,0,7,8,0,0,0.286,0.366,0.486,0.852,17,41,35,2,10,4,0,1,6,3,2,5,0,0,-0.057,0,0
"Makalyn Kyser","C",0.222,0.339,0.6,0.939,20,57,45,9,10,5,0,4,20,0,9,10,0,0,0.081,0.19,0.081,0.272,17,43,37,5,3,0,0,0,1,0,5,10,0,0,0.141,0,0
"Abigail Brown","DP",0.216,0.339,0.235,0.574,23,64,51,2,11,1,0,0,5,4,6,4,0,0,0.184,0.244,0.211,0.454,16,42,38,0,7,1,0,0,4,0,3,1,0,0,0.032,0,0
"Brooke Diaz","C",0.205,0.385,0.282,0.667,20,54,39,1,8,3,0,0,4,2,10,11,0,0,0.321,0.35,0.393,0.743,20,61,56,4,18,4,0,0,7,0,3,8,0,0,-0.116,0,0
"Haleigh Carter","2B",0.204,0.278,0.265,0.543,18,55,49,8,10,1,1,0,2,0,5,5,3,1,0.179,0.23,0.196,0.426,19,64,56,7,10,1,0,0,7,1,3,3,2,1,0.025,0,0
"Ashlynn Allen","CF",0.203,0.25,0.407,0.657,24,66,59,9,12,1,1,3,10,0,4,10,2,0,0.306,0.352,0.49,0.842,18,56,49,6,15,4,1,1,9,0,4,2,0,0,-0.103,0,0
"Randi Drinnon","C",0.197,0.306,0.328,0.633,26,77,61,4,12,5,0,1,9,0,10,5,0,0,0.195,0.353,0.22,0.572,18,53,41,2,8,1,0,0,6,0,10,8,0,0,0.002,0,0
"Kendal Lunar","C",0.194,0.271,0.355,0.626,26,70,62,6,12,1,0,3,8,2,5,5,2,1,0.167,0.167,0.25,0.417,15,48,48,1,8,1,0,1,4,0,0,12,0,0,0.027,0,0
"Madi Mendoza","SS",0.19,0.261,0.19,0.451,24,50,42,3,8,0,0,0,2,1,3,11,4,1,0.147,0.194,0.235,0.43,17,39,34,6,5,0,0,1,3,0,2,4,0,1,0.043,0,0
"Rachel Craine","3B",0.173,0.228,0.25,0.478,26,58,52,3,9,1,0,1,10,2,2,7,1,0,0.116,0.22,0.186,0.406,19,50,43,2,5,0,0,1,4,1,5,10,1,0,0.057,0,0
"Nicole Hammoude","SS",0.167,0.239,0.333,0.572,22,68,60,9,10,4,0,2,13,1,5,6,1,0,0.254,0.293,0.352,0.645,22,75,71,8,18,4,0,1,10,0,4,16,0,0,-0.087,0,0
"Hannah Scheaffer","C",0.135,0.195,0.135,0.33,18,44,37,4,5,0,0,0,4,1,2,6,0,0,0.314,0.321,0.471,0.791,20,56,51,7,16,2,0,2,8,1,0,3,1,0,-0.179,0,0
"Kendal Calvert","CF",0.471,0.5,0.627,1.127,15,56,51,13,24,6,1,0,10,1,2,6,6,2,0.406,0.423,0.449,0.872,20,76,69,15,28,3,0,0,2,1,1,9,5,1,0.0649999999999999,0,0
"Brooke Albaugh","CF",0.442,0.483,0.673,1.156,16,58,52,16,23,5,2,1,8,4,1,3,1,0,0.319,0.364,0.569,0.933,20,77,72,17,23,10,1,2,14,4,1,5,0,0,0.123,0,0
"Olivia Pastin","DP",0.438,0.451,0.854,1.305,16,52,48,6,21,5,0,5,18,0,2,4,0,0,0.365,0.438,0.508,0.946,21,74,63,7,23,7,1,0,15,4,5,11,1,0,0.073,0,0
"Emma Gilkerson","LF",0.429,0.52,0.667,1.187,16,52,42,3,18,4,0,2,11,0,8,3,0,0,0.308,0.419,0.558,0.977,20,63,52,9,16,4,0,3,6,0,10,4,0,0,0.121,0,0
"Melissa Holzopfel","P",0.42,0.431,0.68,1.111,15,51,50,13,21,4,0,3,14,0,1,8,1,1,0.271,0.283,0.424,0.707,18,64,59,7,16,2,2,1,12,0,1,6,1,0,0.149,0,0
"Grace Hollopeter","C",0.42,0.446,0.62,1.066,14,56,50,7,21,4,0,2,12,0,4,1,0,0,0.303,0.346,0.671,1.017,24,81,76,15,23,5,1,7,16,1,4,8,3,0,0.117,0,0
"Aglaia Rudd","C",0.396,0.463,0.667,1.13,14,54,48,7,19,4,0,3,16,1,5,0,0,0,0.323,0.353,0.462,0.814,21,68,65,6,21,9,0,0,9,0,3,4,4,0,0.073,0,0
"Conchetta Rinaldi","C",0.393,0.443,0.5,0.943,21,66,56,6,22,6,0,0,14,0,5,4,1,0,0.313,0.343,0.391,0.734,20,67,64,6,20,2,0,1,12,1,2,10,0,0,0.08,0,0
"Elyssa Imler","SS",0.386,0.429,0.509,0.937,21,63,57,13,22,4,0,1,17,0,5,6,6,0,0.348,0.377,0.409,0.786,21,71,66,16,23,4,0,0,3,1,2,2,6,1,0.038,0,0
"Ella LeMonier","CF",0.385,0.431,0.423,0.854,16,59,52,11,20,2,0,0,6,0,5,10,6,0,0.384,0.451,0.521,0.972,21,85,73,17,28,4,3,0,13,0,9,8,6,2,0.001,0,0
"Lydia Wilkerson","3B",0.367,0.435,0.517,0.951,21,73,60,9,22,3,0,2,12,0,8,7,0,0,0.324,0.363,0.378,0.741,21,82,74,8,24,4,0,0,3,1,4,6,0,0,0.043,0,0
"Hailey Niederkohr","CF",0.36,0.475,0.58,1.055,20,61,50,9,18,1,5,0,13,0,11,16,2,0,0.211,0.281,0.281,0.562,21,64,57,8,12,2,1,0,14,0,6,18,0,1,0.149,0,0
"Becky Hurosky","1B",0.359,0.395,0.538,0.934,15,45,39,5,14,1,0,2,13,1,2,6,0,0,0.339,0.371,0.508,0.879,20,63,59,4,20,4,0,2,12,0,3,4,0,0,0.02,0,0
"Bailey Manos","CF",0.358,0.404,0.472,0.875,14,57,53,13,19,3,0,1,5,0,4,12,4,0,0.296,0.313,0.333,0.647,24,84,81,11,24,3,0,0,2,0,2,15,4,0,0.062,0,0
"Reese Ruhlman","3B",0.353,0.476,0.647,1.123,12,42,34,7,12,1,0,3,12,4,4,9,2,0,0.232,0.341,0.275,0.617,24,83,69,12,16,1,1,0,7,5,7,12,3,0,0.121,0,0
"Madi Herrington","LF",0.35,0.366,0.525,0.891,14,41,40,3,14,3,2,0,7,1,0,2,1,1,0.217,0.257,0.275,0.532,23,75,69,9,15,2,1,0,9,0,4,9,1,0,0.133,0,0
"Kennedy Dean","DP",0.339,0.422,0.679,1.1,21,64,56,12,19,5,1,4,15,2,6,13,1,0,0.207,0.303,0.397,0.7,21,67,58,6,12,2,0,3,8,1,7,17,0,0,0.132,0,0
"Sara Fessler","2B",0.333,0.5,0.667,1.167,21,76,57,22,19,3,2,4,7,7,12,14,2,2,0.27,0.405,0.571,0.976,21,80,63,13,17,4,0,5,11,1,14,15,3,1,0.063,0,0
"Anna Resnik","2B",0.325,0.386,0.45,0.836,14,48,40,7,13,5,0,0,8,2,2,4,0,1,0.278,0.316,0.322,0.638,27,99,90,7,25,4,0,0,5,0,5,15,1,0,0.047,0,0
"Jena Rhoads","RF",0.318,0.348,0.477,0.825,16,49,44,9,14,5,1,0,5,2,0,4,3,0,0.306,0.353,0.387,0.74,20,68,62,14,19,3,1,0,9,1,4,6,5,0,0.012,0,0
"Kaylyn Hopf","LF",0.318,0.388,0.318,0.706,13,50,44,7,14,0,0,0,4,1,4,1,0,0,0.325,0.365,0.363,0.727,24,88,80,12,26,1,1,0,9,0,5,9,4,0,-0.00700000000000001,0,0
"Paige Hanson","3B",0.31,0.355,0.448,0.803,11,34,29,6,9,0,2,0,2,0,2,5,0,1,0.167,0.326,0.194,0.521,16,47,36,3,6,1,0,0,3,7,2,11,2,0,0.143,0,0
"Mack Brow","3B",0.308,0.379,0.385,0.764,12,31,26,1,8,2,0,0,1,0,3,4,0,0,0.229,0.393,0.229,0.623,22,64,48,5,11,0,0,0,3,1,12,7,0,0,0.079,0,0
"Jen Krizka","C",0.306,0.422,0.389,0.811,13,45,36,5,11,3,0,0,5,2,6,6,0,0,0.456,0.532,0.735,1.267,24,82,68,9,31,4,0,5,23,2,9,12,1,0,-0.15,0,0
"Maci Brown","2B",0.306,0.327,0.429,0.755,14,53,49,5,15,4,1,0,6,0,2,13,5,0,0.293,0.303,0.387,0.689,24,81,75,16,22,2,1,1,4,1,0,14,3,2,0.013,0,0
"Jada Davis","SS",0.303,0.333,0.788,1.121,12,37,33,6,10,2,1,4,9,0,2,12,0,0,0.143,0.217,0.254,0.471,24,70,63,6,9,4,0,1,5,0,6,18,0,0,0.16,0,0
"Gwen McMenemy","RF",0.303,0.361,0.303,0.664,13,39,33,9,10,0,0,0,1,0,3,7,0,0,0.175,0.217,0.193,0.41,22,60,57,6,10,1,0,0,4,0,3,13,0,0,0.128,0,0
"Kylie Gorsuch","C",0.302,0.333,0.372,0.705,16,47,43,4,13,3,0,0,2,0,2,4,0,0,0.224,0.321,0.265,0.587,19,59,49,5,11,2,0,0,5,2,5,6,0,0,0.078,0,0
"Maddie Lacer","C",0.3,0.364,0.4,0.764,16,56,50,4,15,5,0,0,9,1,4,3,2,0,0.232,0.308,0.261,0.569,22,82,69,9,16,2,0,0,9,1,7,13,3,1,0.068,0,0
"Rachael Gregory","3B",0.298,0.389,0.383,0.772,15,54,47,10,14,4,0,0,5,2,5,8,1,0,0.31,0.429,0.345,0.773,20,71,58,12,18,2,0,0,2,1,11,6,0,0,-0.012,0,0
"Alexis Hoff","2B",0.294,0.314,0.412,0.726,12,35,34,5,10,1,0,1,3,0,1,9,0,0,0.191,0.255,0.234,0.489,22,52,47,2,9,2,0,0,2,0,4,12,0,0,0.103,0,0
"Kamryn Troyer","RF",0.293,0.356,0.39,0.746,14,45,41,8,12,4,0,0,5,1,3,7,1,0,0.288,0.325,0.466,0.79,24,80,73,7,21,6,2,1,21,1,3,10,3,1,0.005,0,0
"Catalina Saxen","DP",0.289,0.372,0.316,0.688,13,43,38,2,11,1,0,0,6,0,5,2,1,0,0.35,0.416,0.475,0.891,26,89,80,6,28,4,0,2,12,0,9,7,0,0,-0.061,0,0
"Kaylin Fahy","LF",0.286,0.359,0.429,0.788,14,41,35,2,10,1,2,0,4,1,3,4,1,0,0.256,0.283,0.326,0.608,17,49,43,6,11,1,1,0,5,1,1,5,2,2,0.03,0,0
"Avery Winchell","1B",0.283,0.313,0.587,0.899,14,48,46,8,13,6,1,2,13,0,2,7,0,0,0.183,0.242,0.317,0.559,27,93,82,9,15,2,0,3,12,1,6,18,0,0,0.1,0,0
"Meadow Sacadura","C",0.281,0.343,0.313,0.655,13,36,32,6,9,1,0,0,2,0,3,3,0,0,0.2,0.233,0.257,0.49,24,74,70,6,14,4,0,0,3,0,3,3,1,0,0.081,0,0
"Jillian Jakse","1B",0.281,0.343,0.316,0.659,21,69,57,11,16,2,0,0,13,0,7,3,1,0,0.273,0.375,0.409,0.784,21,80,66,6,18,6,0,1,16,3,9,10,1,0,0.00800000000000001,0,0
"Macy Littler","LF",0.268,0.311,0.293,0.604,18,47,41,6,11,1,0,0,7,0,3,10,2,1,0.261,0.314,0.326,0.64,18,55,46,9,12,1,1,0,4,0,4,11,3,0,0.00700000000000001,0,0
"Charlotte Grover","SS",0.267,0.425,0.3,0.725,14,41,30,7,8,1,0,0,6,0,9,5,0,0,0.275,0.373,0.29,0.663,27,88,69,7,19,1,0,0,4,2,10,13,0,0,-0.00800000000000001,0,0
"Jess Matheny","CF",0.263,0.263,0.263,0.526,11,20,19,4,5,0,0,0,3,0,0,2,0,0,0.222,0.28,0.289,0.569,20,50,45,2,10,3,0,0,6,0,4,9,0,0,0.041,0,0
"Alaina Koutsogiani","3B",0.263,0.317,0.342,0.659,14,41,38,6,10,3,0,0,2,0,3,8,1,1,0.236,0.353,0.417,0.77,27,86,72,13,17,2,1,3,10,3,10,24,4,0,0.027,0,0
"Paige McPhearson","RF",0.261,0.32,0.283,0.603,15,51,46,8,12,1,0,0,9,0,4,12,3,0,0.352,0.478,0.5,0.978,20,67,54,5,19,3,1,1,12,0,13,12,2,0,-0.091,0,0
"Kasie Keyes","1B",0.257,0.278,0.314,0.592,13,36,35,6,9,0,1,0,5,0,1,9,4,0,0.19,0.244,0.214,0.459,16,45,42,0,8,1,0,0,0,0,3,11,1,0,0.067,0,0
"Samantha Saloun","C",0.256,0.37,0.513,0.882,14,46,39,3,10,3,2,1,6,1,6,10,0,0,0.304,0.365,0.536,0.901,19,63,56,7,17,4,0,3,15,1,5,5,0,0,-0.048,0,0
"Brayden Lickey","SS",0.25,0.276,0.321,0.597,10,32,28,4,7,2,0,0,3,0,1,7,0,0,0.226,0.293,0.302,0.595,20,60,53,6,12,4,0,0,7,0,5,20,2,1,0.024,0,0
"Jenna Holt","RF",0.25,0.27,0.25,0.52,12,39,36,5,9,0,0,0,2,0,1,4,2,0,0.217,0.357,0.326,0.683,20,58,46,8,10,1,2,0,0,3,7,8,1,2,0.033,0,0
"Taylor Carraway","DP",0.25,0.4,0.306,0.706,14,46,36,4,9,2,0,0,5,1,8,6,1,0,0.296,0.387,0.444,0.832,22,66,54,9,16,5,0,1,6,2,6,9,1,0,-0.046,0,0
"Brooke Lickey","3B",0.244,0.333,0.39,0.724,14,49,41,7,10,3,0,1,6,1,5,8,0,0,0.14,0.241,0.28,0.521,20,59,50,6,7,4,0,1,4,1,6,13,0,0,0.104,0,0
"Hailey Heckenlaible","1B",0.242,0.422,0.273,0.695,14,45,33,8,8,1,0,0,3,3,8,6,1,0,0.224,0.35,0.408,0.758,19,62,49,8,11,1,1,2,6,4,6,14,2,1,0.018,0,0
"Sydni Barnes","2B",0.239,0.3,0.326,0.626,16,53,46,7,11,1,0,1,5,0,4,4,3,0,0.328,0.378,0.448,0.826,22,78,67,9,22,8,0,0,9,2,4,5,4,1,-0.089,0,0
"Bella Herman","CF",0.239,0.327,0.239,0.566,14,52,46,4,11,0,0,0,4,0,6,9,0,0,0.386,0.426,0.491,0.917,17,61,57,9,22,4,1,0,9,1,3,10,0,1,-0.147,0,0
"Amanda Schick","3B",0.235,0.235,0.294,0.529,12,34,34,3,8,2,0,0,3,0,0,8,0,0,0.2,0.29,0.273,0.563,22,62,55,2,11,1,0,1,4,3,4,10,0,1,0.035,0,0
"Courtney Poulich","RF",0.231,0.31,0.538,0.849,11,30,26,5,6,0,1,2,9,0,3,8,0,0,0.243,0.338,0.471,0.809,26,80,70,12,17,4,0,4,11,6,4,13,1,0,-0.012,0,0
"Trinity Fessler","2B",0.216,0.293,0.486,0.779,12,41,37,7,8,1,0,3,6,0,4,9,0,0,0.317,0.431,0.483,0.914,24,73,60,11,19,7,0,1,5,0,12,9,2,1,-0.101,0,0
"Elyssa Adams","C",0.214,0.4,0.214,0.614,10,20,14,2,3,0,0,0,1,1,4,7,0,0,0.079,0.205,0.105,0.31,20,45,38,2,3,1,0,0,2,3,3,22,0,1,0.135,0,0
"Kendal Herschbach","RF",0.206,0.25,0.235,0.485,12,39,34,2,7,1,0,0,1,0,2,6,1,0,0.234,0.25,0.255,0.505,15,51,47,5,11,1,0,0,0,0,1,8,3,2,-0.028,0,0
"Kiera Frascone","RF",0.205,0.205,0.205,0.41,16,41,39,3,8,0,0,0,1,0,0,1,0,0,0.264,0.316,0.321,0.637,20,58,53,8,14,3,0,0,5,1,3,9,1,1,-0.059,0,0
"Trinity Robertson","1B",0.205,0.367,0.41,0.778,16,50,39,4,8,2,0,2,3,0,10,12,0,0,0.224,0.342,0.418,0.76,22,80,67,5,15,4,0,3,9,0,12,16,0,0,-0.019,0,0
"Jaiden Lara","1B",0.2,0.273,0.3,0.573,12,33,30,2,6,0,0,1,2,0,3,11,0,0,0.146,0.212,0.188,0.399,22,52,48,0,7,2,0,0,1,1,3,11,0,1,0.054,0,0
"Epiphany Hang","1B",0.188,0.206,0.188,0.393,10,34,32,0,6,0,0,0,4,0,1,3,0,0,0.268,0.317,0.304,0.62,21,60,56,2,15,2,0,0,4,0,4,8,0,0,-0.08,0,0
"Sophie Spellman","3B",0.184,0.184,0.449,0.633,16,49,49,5,9,1,0,4,8,0,0,14,1,0,0.34,0.347,0.383,0.73,19,53,47,5,16,2,0,0,7,0,1,5,1,0,-0.156,0,0
"Lauren Porter","SS",0.184,0.209,0.237,0.446,14,43,38,3,7,0,1,0,6,1,1,12,1,0,0.182,0.234,0.25,0.484,17,51,44,5,8,3,0,0,3,0,3,7,1,1,0.002,0,0
"Tatum Biddle","SS",0.175,0.283,0.275,0.558,16,47,40,2,7,2,1,0,2,1,5,11,0,1,0.262,0.338,0.328,0.666,22,74,61,11,16,4,0,0,8,0,8,16,2,0,-0.087,0,0
"Jenna Deang","SS",0.157,0.17,0.176,0.346,16,58,51,10,8,1,0,0,3,0,1,11,4,0,0.338,0.394,0.369,0.764,20,75,65,13,22,2,0,0,3,2,4,9,5,2,-0.181,0,0
"Maggie Murphy","1B",0.154,0.313,0.154,0.466,8,16,13,0,2,0,0,0,0,1,2,3,0,0,0.18,0.311,0.24,0.551,21,62,50,4,9,3,0,0,6,1,9,6,0,0,-0.026,0,0
"Kelli Riordan","2B",0.143,0.219,0.179,0.397,14,35,28,4,4,1,0,0,1,0,3,8,0,0,0.18,0.212,0.18,0.392,19,53,50,4,9,0,0,0,1,0,2,6,1,1,-0.037,0,0
"Claire Borg","LF",0.143,0.25,0.179,0.429,12,32,28,2,4,1,0,0,0,2,2,12,0,0,0.192,0.311,0.231,0.542,22,61,52,1,10,2,0,0,5,0,9,16,1,1,-0.049,0,0
"Peyton Mueller-Stenz","2B",0.139,0.225,0.222,0.447,15,42,36,5,5,0,0,1,2,0,4,5,2,0,0.268,0.333,0.415,0.748,15,45,41,4,11,3,0,1,5,0,4,6,0,2,-0.129,0,0
"McKenna Minton","LF",0.135,0.256,0.189,0.445,14,44,37,6,5,2,0,0,2,0,6,6,1,0,0.227,0.278,0.258,0.535,24,72,66,10,15,2,0,0,4,3,2,8,1,1,-0.092,0,0
"Brielle DiMemmo","DP",0.125,0.344,0.167,0.51,15,33,24,2,3,1,0,0,1,3,5,9,0,0,0.167,0.25,0.306,0.556,18,45,36,7,6,2,0,1,3,0,4,16,0,0,-0.042,0,0
"Tori Countryman","2B",0.118,0.211,0.147,0.358,13,39,34,2,4,1,0,0,2,0,4,5,0,0,0.161,0.175,0.177,0.352,23,64,62,4,10,1,0,0,0,0,1,7,0,0,-0.043,0,0
"Jenna Johnston","SS",0.111,0.111,0.167,0.278,12,36,36,4,4,2,0,0,2,0,0,4,1,0,0.195,0.292,0.22,0.511,19,50,41,7,8,1,0,0,0,2,4,11,1,0,-0.084,0,0
"Lilly Travieso","3B",0.542,0.621,0.542,1.162,9,29,24,4,13,0,0,0,4,2,3,1,0,0,0.277,0.34,0.298,0.637,18,54,47,3,13,1,0,0,1,0,5,7,0,0,0.265,0,0
"Carolyn Skotz","SS",0.489,0.579,0.622,1.201,16,58,45,16,22,6,0,0,10,1,10,3,2,0,0.259,0.333,0.333,0.667,18,61,54,13,14,1,0,1,5,1,5,8,5,1,0.23,0,0
"Lauren Sablone","CF",0.475,0.569,0.814,1.383,19,72,59,16,28,2,3,4,15,2,11,7,6,1,0.266,0.309,0.359,0.668,20,71,64,13,17,1,1,1,13,0,4,12,6,0,0.209,0,0
"Maddie Ullensvang","1B",0.44,0.483,0.56,1.043,9,30,25,3,11,3,0,0,4,0,3,4,0,0,0.18,0.263,0.26,0.523,18,58,50,3,9,4,0,0,2,0,6,3,0,0,0.26,0,0
"Sophie Sun","SS",0.41,0.52,0.718,1.238,13,50,39,12,16,7,1,1,9,1,9,6,2,0,0.453,0.493,0.922,1.415,19,73,64,19,29,5,2,7,27,0,7,5,1,1,-0.043,0,0
"Jaden Hill","SS",0.407,0.448,0.481,0.93,8,29,27,7,11,2,0,0,1,0,2,5,6,0,0.3,0.317,0.425,0.742,11,41,40,6,12,5,0,0,2,0,1,6,2,0,0.107,0,0
"Mary Beth Cahalan","C",0.405,0.49,0.738,1.228,13,49,42,13,17,3,1,3,7,0,7,6,0,0,0.361,0.465,0.583,1.048,12,43,36,8,13,3,1,1,4,0,7,5,0,0,0.044,0,0
"Sonia Zhang","3B",0.382,0.521,0.727,1.248,19,71,55,17,21,4,3,3,10,6,10,5,4,1,0.418,0.515,0.582,1.097,19,67,55,17,23,3,0,2,8,2,9,5,6,2,-0.036,0,0
"Lauren Bobowski","CF",0.378,0.44,0.4,0.84,13,50,45,11,17,1,0,0,7,0,5,5,0,1,0.286,0.375,0.3,0.675,20,80,70,18,20,1,0,0,2,1,9,8,1,2,0.092,0,0
"Cami Neal","2B",0.375,0.444,0.65,1.094,12,45,40,6,15,2,0,3,11,1,4,2,1,0,0.435,0.491,0.87,1.36,16,54,46,11,20,2,0,6,13,2,4,2,1,0,-0.06,0,0
"Brianna Brown","CF",0.37,0.443,0.407,0.85,17,63,54,7,20,0,1,0,2,0,7,11,8,3,0.308,0.4,0.346,0.746,16,61,52,12,16,2,0,0,6,0,8,12,8,0,0.062,0,0
"Alaana Panu","LF",0.366,0.435,0.659,1.093,13,47,41,14,15,4,1,2,8,2,3,1,2,0,0.263,0.275,0.316,0.591,12,41,38,4,10,0,1,0,4,0,1,4,1,0,0.103,0,0
"Ella Harrod","SS",0.364,0.4,0.515,0.915,10,37,33,7,12,5,0,0,7,1,1,0,4,2,0.322,0.369,0.458,0.827,18,68,59,13,19,3,1,1,11,1,4,1,3,0,0.042,0,0
"Moe Kastens","C",0.356,0.356,0.444,0.8,16,45,45,1,16,4,0,0,7,0,0,2,0,0,0.189,0.279,0.27,0.549,15,43,37,1,7,1,1,0,4,2,3,9,0,0,0.167,0,0
"Grace Jackson","SS",0.351,0.478,0.405,0.884,17,49,37,10,13,2,0,0,1,1,8,1,2,1,0.216,0.298,0.235,0.534,20,59,51,9,11,1,0,0,1,0,6,8,6,0,0.135,0,0
"Priyanka Kaul","3B",0.351,0.381,0.432,0.813,13,42,37,7,13,3,0,0,10,0,3,5,0,0,0.426,0.471,0.468,0.939,16,52,47,8,20,2,0,0,5,0,4,2,0,0,-0.075,0,0
"Emma Antich","2B",0.346,0.438,0.5,0.938,10,32,26,5,9,1,0,1,8,1,4,3,1,0,0.2,0.28,0.467,0.747,14,50,45,6,9,1,1,3,8,1,4,11,0,0,0.146,0,0
"Sophia Marsalo","1B",0.344,0.4,0.438,0.838,14,36,32,4,11,1,1,0,3,1,2,1,0,1,0.227,0.314,0.295,0.609,19,51,44,1,10,3,0,0,6,1,5,4,0,1,0.117,0,0
"Savanna Messner","3B",0.343,0.452,0.829,1.281,12,42,35,9,12,2,0,5,12,0,7,8,1,0,0.208,0.255,0.583,0.838,16,51,48,9,10,3,0,5,11,1,2,10,0,0,0.135,0,0
"Sam Goodcase","C",0.333,0.429,0.595,1.024,15,49,42,7,14,5,0,2,11,1,6,4,0,0,0.1,0.159,0.125,0.284,16,44,40,1,4,1,0,0,5,0,3,4,0,0,0.233,0,0
"Maya Douglas","2B",0.333,0.429,0.472,0.901,13,42,36,5,12,5,0,0,7,0,6,5,1,0,0.25,0.311,0.339,0.651,19,61,56,6,14,2,0,1,6,1,4,5,0,0,0.083,0,0
"Allie Ohde","RF",0.333,0.344,0.533,0.877,11,33,30,7,10,1,1,1,7,0,1,3,2,1,0.12,0.185,0.12,0.305,9,27,25,2,3,0,0,0,0,2,0,3,0,0,0.213,0,0
"Isabella Fortini","3B",0.333,0.404,0.373,0.776,16,61,51,10,17,2,0,0,6,0,6,4,7,0,0.193,0.207,0.246,0.453,18,59,57,3,11,3,0,0,3,0,1,10,1,0,0.14,0,0
"Willa Ferrer","1B",0.327,0.411,0.571,0.982,16,57,49,9,16,3,0,3,13,1,6,5,0,0,0.419,0.5,0.674,1.174,17,50,43,4,18,5,0,2,13,1,6,9,1,0,-0.092,0,0
"Jasmine Hsiao","1B",0.327,0.45,0.449,0.899,18,60,49,9,16,2,2,0,6,1,10,6,7,1,0.365,0.421,0.596,1.017,16,58,52,14,19,7,1,1,11,0,5,10,3,0,-0.038,0,0
"Brianna Rodriguez","CF",0.326,0.396,0.442,0.838,16,49,43,6,14,5,0,0,7,0,5,2,3,0,0.289,0.357,0.447,0.805,15,44,38,3,11,4,1,0,11,0,4,9,0,2,0.037,0,0
"Lael Ayala","LF",0.321,0.345,0.357,0.702,11,30,28,4,9,1,0,0,5,0,1,4,0,0,0.409,0.471,0.682,1.152,18,51,44,6,18,3,0,3,11,1,5,7,0,0,-0.088,0,0
"Savannah Fitzpatrick","LF",0.316,0.381,0.368,0.749,12,43,38,7,12,0,1,0,8,0,4,1,1,0,0.333,0.418,0.521,0.939,17,58,48,8,16,3,0,2,12,2,5,3,0,1,-0.017,0,0
"Sophie Woodridge","DP",0.314,0.395,0.657,1.052,13,43,35,9,11,1,1,3,8,3,3,4,1,1,0.422,0.469,0.756,1.225,16,49,45,12,19,9,0,2,13,3,1,8,0,0,-0.108,0,0
"Caitlin Bish","2B",0.311,0.347,0.333,0.68,19,52,45,3,14,1,0,0,6,0,3,0,0,0,0.25,0.344,0.286,0.629,15,33,28,2,7,1,0,0,1,0,4,1,0,0,0.061,0,0
"Kelly Beaupre","1B",0.306,0.444,0.639,1.083,13,46,36,8,11,3,0,3,15,1,8,6,0,1,0.176,0.317,0.353,0.67,12,41,34,6,6,0,0,2,7,3,4,6,0,0,0.13,0,0
"Sarah Mikami","1B",0.304,0.385,0.696,1.08,8,26,23,6,7,1,1,2,6,2,1,3,0,0,0.091,0.222,0.364,0.586,11,27,22,2,2,0,0,2,4,2,2,10,0,0,0.213,0,0
"Laurel Moody","DP",0.302,0.356,0.434,0.79,18,60,53,7,16,5,1,0,10,0,5,0,0,0,0.348,0.456,0.5,0.956,16,57,46,7,16,4,0,1,5,1,9,1,1,0,-0.046,0,0
"Allison Ha","LF",0.294,0.356,0.49,0.846,19,61,51,7,15,4,0,2,8,2,4,1,2,0,0.274,0.308,0.419,0.727,20,67,62,8,17,2,2,1,12,0,3,4,1,1,0.02,0,0
"Julia Dumais","C",0.291,0.409,0.509,0.918,19,68,55,11,16,4,1,2,11,3,8,6,4,1,0.286,0.406,0.536,0.942,20,70,56,11,16,3,1,3,14,1,11,14,3,2,0.005,0,0
"Delaney Smith","C",0.289,0.325,0.368,0.693,15,40,38,1,11,0,0,1,8,0,2,3,0,0,0.265,0.333,0.408,0.741,17,60,49,3,13,4,0,1,7,1,6,5,0,0,0.024,0,0
"Cate Bade","RF",0.286,0.306,0.371,0.677,17,42,35,6,10,1,1,0,5,1,0,4,0,0,0.2,0.282,0.2,0.482,17,40,35,9,7,0,0,0,3,0,4,5,6,2,0.086,0,0
"Payton Shimansky","LF",0.286,0.318,0.333,0.652,9,24,21,0,6,1,0,0,3,0,1,5,0,0,0.184,0.262,0.211,0.472,16,42,38,4,7,1,0,0,1,1,3,3,1,1,0.102,0,0
"Hailey Pirkey","DP",0.286,0.375,0.75,1.125,10,32,28,6,8,4,0,3,6,0,4,8,0,0,0.273,0.382,0.432,0.814,18,55,44,8,12,1,0,2,10,0,9,18,0,0,0.013,0,0
"Cameron Zytkewicz Ray","2B",0.283,0.327,0.37,0.696,18,55,46,3,13,4,0,0,8,2,2,7,0,0,0.175,0.267,0.2,0.467,15,47,40,2,7,1,0,0,1,3,2,9,0,0,0.108,0,0
"Libby Peoples","2B",0.283,0.356,0.434,0.79,16,59,53,11,15,2,0,2,8,1,5,5,4,0,0.283,0.367,0.377,0.744,18,61,53,12,15,2,0,1,5,1,6,8,3,1,0,0,0
"Lauren Perren","3B",0.281,0.439,0.531,0.97,15,41,32,3,9,5,0,1,12,0,9,8,1,0,0.241,0.371,0.448,0.82,15,35,29,3,7,1,1,1,6,0,6,7,1,0,0.04,0,0
"Justice Malone","SS",0.281,0.324,0.313,0.636,12,35,32,7,9,1,0,0,9,0,2,6,1,0,0.364,0.432,0.545,0.978,12,37,33,6,12,3,0,1,2,0,4,6,3,0,-0.083,0,0
"Sammy Fenton","SS",0.278,0.328,0.278,0.605,17,59,54,6,15,0,0,0,5,1,3,1,0,0,0.339,0.382,0.452,0.834,19,69,62,9,21,2,1,1,8,1,4,2,3,0,-0.061,0,0
"Lily Berlinger","LF",0.278,0.409,0.333,0.742,15,46,36,9,10,2,0,0,2,0,8,4,3,0,0.419,0.514,0.516,1.03,13,40,31,4,13,0,0,1,7,0,6,2,2,2,-0.141,0,0
"Dana Anderson","DP",0.275,0.37,0.525,0.895,17,46,40,3,11,4,0,2,5,1,5,3,0,0,0.239,0.28,0.348,0.628,18,50,46,4,11,3,1,0,6,2,1,8,0,0,0.036,0,0
"Dara English","3B",0.271,0.357,0.354,0.711,18,57,48,5,13,4,0,0,14,0,7,4,1,0,0.313,0.346,0.438,0.784,16,54,48,2,15,6,0,0,7,0,3,4,0,0,-0.042,0,0
"Kate Callaway","CF",0.269,0.424,0.269,0.693,9,33,26,8,7,0,0,0,1,0,7,5,0,0,0.259,0.323,0.293,0.616,17,65,58,9,15,0,1,0,3,0,6,13,3,1,0.01,0,0
"Katie Reagan","2B",0.262,0.36,0.357,0.717,16,52,42,5,11,2,1,0,7,3,4,6,0,0,0.245,0.321,0.286,0.607,18,58,49,4,12,2,0,0,9,3,3,3,0,0,0.017,0,0
"Maddy Rifenberick","C",0.258,0.333,0.419,0.753,12,37,31,2,8,2,0,1,7,0,4,3,0,0,0.229,0.289,0.4,0.689,13,40,35,3,8,3,0,1,6,0,3,7,0,0,0.029,0,0
"Cwen Wilson","RF",0.257,0.316,0.486,0.802,13,38,35,6,9,3,1,1,8,2,1,6,0,0,0.276,0.382,0.448,0.831,12,34,29,6,8,2,0,1,3,1,4,4,1,0,-0.019,0,0
"Olivia Schramm","CF",0.256,0.37,0.436,0.805,13,47,39,6,10,4,0,1,7,1,6,3,0,0,0.316,0.341,0.474,0.815,12,41,38,4,12,4,1,0,10,0,2,2,0,0,-0.06,0,0
"Leila Hennessy","3B",0.243,0.326,0.351,0.677,13,44,37,9,9,4,0,0,4,0,5,1,0,0,0.256,0.256,0.385,0.641,12,40,39,4,10,2,0,1,7,0,0,9,0,0,-0.013,0,0
"Chloe Lesko","1B",0.238,0.458,0.405,0.862,17,60,42,11,10,1,0,2,4,2,15,11,2,0,0.296,0.424,0.407,0.832,19,66,54,5,16,3,0,1,9,2,10,15,2,1,-0.058,0,0
"Finley Payne","3B",0.237,0.388,0.263,0.651,13,49,38,11,9,1,0,0,10,0,10,8,3,0,0.25,0.317,0.339,0.657,19,67,56,9,14,2,0,1,3,0,6,7,1,1,-0.013,0,0
"Sydney Stapf","LF",0.233,0.281,0.333,0.615,10,33,30,4,7,3,0,0,1,0,2,7,1,0,0.288,0.302,0.365,0.667,18,55,52,3,15,4,0,0,2,0,1,7,2,0,-0.055,0,0
"Megan Huang","LF",0.222,0.282,0.278,0.56,14,39,36,4,8,2,0,0,6,0,3,9,2,0,0.294,0.41,0.314,0.724,19,61,51,9,15,1,0,0,3,1,9,6,3,0,-0.072,0,0
"Maddie Souza","CF",0.219,0.297,0.469,0.766,12,40,32,4,7,0,1,2,7,1,3,1,0,0,0.37,0.396,0.587,0.983,16,49,46,9,17,3,2,1,5,0,2,6,0,0,-0.151,0,0
"Ashley Frantz","2B",0.219,0.306,0.344,0.649,13,38,32,7,7,2,1,0,7,0,4,4,1,1,0.206,0.222,0.206,0.428,12,36,34,4,7,0,0,0,4,0,1,3,0,0,0.013,0,0
"Caroline Palys","C",0.214,0.313,0.286,0.598,11,34,28,5,6,2,0,0,2,1,3,4,2,1,0.231,0.279,0.359,0.638,15,43,39,4,9,2,0,1,5,1,2,5,1,0,-0.017,0,0
"Eleni Katsivalis","RF",0.206,0.25,0.324,0.574,12,39,34,6,7,1,0,1,2,0,2,2,0,0,0.298,0.3,0.34,0.64,16,52,47,4,14,2,0,0,5,1,0,5,2,2,-0.092,0,0
"Lauren Holt","C",0.2,0.306,0.3,0.606,10,36,30,4,6,0,0,1,5,0,5,5,3,1,0.34,0.46,0.76,1.22,18,63,50,11,17,4,1,5,21,0,12,8,2,1,-0.14,0,0
"Karis Ford","RF",0.184,0.273,0.368,0.641,17,44,38,5,7,1,0,2,6,1,4,5,0,0,0.294,0.357,0.588,0.945,19,56,51,4,15,6,0,3,13,0,5,3,0,0,-0.11,0,0
"Vanessa Alexander","SS",0.156,0.224,0.156,0.38,18,50,45,5,7,0,0,0,0,2,2,10,0,0,0.159,0.245,0.182,0.427,16,50,44,7,7,1,0,0,2,2,3,9,0,0,-0.003,0,0
"Madi Mays","1B",0.154,0.286,0.205,0.491,13,49,39,5,6,2,0,0,6,3,5,11,0,0,0.394,0.474,0.667,1.14,20,76,66,14,26,0,0,6,15,3,7,12,1,0,-0.24,0,0
"Alexa Wohr","C",0.15,0.217,0.15,0.367,11,24,20,0,3,0,0,0,5,0,2,5,0,0,0.222,0.263,0.25,0.513,14,39,36,3,8,1,0,0,2,1,1,5,0,0,-0.072,0,0
"Marisa Zorrilla","RF",0.143,0.296,0.143,0.439,10,27,21,4,3,0,0,0,3,1,4,5,0,0,0.2,0.333,0.2,0.533,17,42,35,5,7,0,0,0,0,1,6,11,0,0,-0.057,0,0
"Morgan Sylvestre","2B",0.467,0.49,0.533,1.023,16,55,45,5,21,0,0,1,5,1,2,7,5,1,0.274,0.366,0.355,0.721,21,75,62,10,17,2,0,1,6,4,5,16,5,0,0.193,0,0
"Christie McGee-Ross","CF",0.458,0.587,0.917,1.504,16,63,48,21,22,4,0,6,16,1,14,8,3,1,0.344,0.452,0.672,1.124,19,73,61,18,21,2,3,4,11,1,11,13,4,0,0.114,0,0
"Jamie Sheeran","C",0.452,0.558,0.881,1.439,14,52,42,10,19,4,1,4,16,0,10,5,0,0,0.424,0.466,0.833,1.299,22,74,66,13,28,9,0,6,17,0,6,5,0,0,0.028,0,0
"Miah McDonald","3B",0.443,0.485,1.049,1.534,17,66,61,25,27,5,1,10,27,0,5,3,5,0,0.36,0.384,0.73,1.114,25,99,89,27,32,6,3,7,26,2,4,7,8,1,0.083,0,0
"Isabella Pardo","CF",0.438,0.5,0.458,0.958,15,54,48,10,21,1,0,0,6,0,6,4,4,1,0.329,0.365,0.343,0.708,20,75,70,13,23,1,0,0,4,0,4,5,6,0,0.109,0,0
"Emily Ilano","2B",0.429,0.583,0.686,1.269,15,48,35,9,15,6,0,1,8,6,7,4,1,1,0.228,0.313,0.439,0.751,19,64,57,9,13,3,0,3,6,2,5,6,2,1,0.201,0,0
"Gianna Fazzolari","C",0.423,0.474,0.769,1.243,16,58,52,7,22,3,0,5,17,1,4,4,0,0,0.29,0.38,0.532,0.913,20,71,62,8,18,3,0,4,21,1,8,6,0,0,0.133,0,0
"Jessie Niegocki","2B",0.423,0.461,0.479,0.939,21,77,71,15,30,4,0,0,4,1,4,4,0,0,0.286,0.322,0.321,0.643,17,60,56,4,16,0,1,0,1,0,3,5,0,0,0.137,0,0
"Cara McNulty","2B",0.414,0.407,0.793,1.2,18,59,58,13,24,7,0,5,14,0,0,5,0,2,0.283,0.348,0.485,0.833,31,112,99,20,28,8,0,4,23,6,5,14,3,0,0.131,0,0
"Haley Ahr","1B",0.404,0.492,0.654,1.146,17,61,52,9,21,1,0,4,14,1,8,2,1,1,0.421,0.422,0.684,1.106,25,83,76,12,32,8,0,4,28,1,2,2,1,1,-0.017,0,0
"Jocelyn Ulrich","DP",0.395,0.48,0.488,0.968,15,50,43,11,17,4,0,0,8,1,6,5,1,0,0.537,0.636,0.732,1.368,19,56,41,6,22,5,0,1,10,0,13,5,2,0,-0.142,0,0
"Brooke Hilliard","RF",0.391,0.44,0.5,0.94,16,52,46,9,18,3,1,0,4,1,3,3,2,1,0.283,0.35,0.34,0.69,18,62,53,7,15,3,0,0,7,1,5,5,1,1,0.108,0,0
"Rosie Gomez","1B",0.39,0.469,0.39,0.86,16,49,41,5,16,0,0,0,11,1,6,9,0,0,0.217,0.277,0.383,0.66,20,65,60,3,13,4,0,2,9,0,5,9,0,0,0.173,0,0
"Peyton Pusey","CF",0.386,0.444,0.526,0.971,17,63,57,19,22,3,1,1,4,0,6,6,4,0,0.402,0.459,0.655,1.114,24,98,87,32,35,11,1,3,13,1,9,11,5,4,-0.016,0,0
"Maddy Weir","C",0.38,0.458,0.7,1.158,17,59,50,9,19,7,0,3,9,2,6,8,0,0,0.217,0.267,0.313,0.58,28,90,83,8,18,2,0,2,11,0,6,20,0,0,0.163,0,0
"Kristyn Gardner","C",0.37,0.42,0.457,0.877,19,50,46,4,17,4,0,0,8,0,4,9,0,0,0.265,0.356,0.51,0.866,19,60,49,5,13,6,0,2,10,3,5,6,0,0,0.105,0,0
"Alyssa Grupp","2B",0.367,0.456,0.408,0.864,17,58,49,6,18,2,0,0,5,2,6,1,2,0,0.362,0.451,0.493,0.944,24,84,69,15,25,5,2,0,9,3,9,2,5,1,0.005,0,0
"Cara Kochakian","1B",0.359,0.419,0.564,0.983,15,46,39,6,14,2,3,0,7,0,4,7,1,1,0.188,0.273,0.25,0.523,20,56,48,2,9,1,1,0,9,0,6,15,3,1,0.171,0,0
"Charli Warren","CF",0.352,0.379,0.463,0.842,16,58,54,14,19,0,3,0,7,1,2,2,3,0,0.348,0.408,0.449,0.857,21,78,69,16,24,1,3,0,4,1,6,10,11,2,0.004,0,0
"Dakota Pitts","1B",0.351,0.362,0.649,1.011,18,58,57,9,20,8,0,3,12,0,1,5,0,0,0.29,0.372,0.5,0.872,32,114,100,12,29,7,1,4,20,2,11,6,2,0,0.061,0,0
"Lindsay Mayo","LF",0.351,0.426,0.459,0.885,13,48,37,9,13,1,0,1,7,1,6,9,0,0,0.383,0.478,0.532,1.01,29,114,94,28,36,9,1,1,9,6,12,17,3,1,-0.032,0,0
"Brianna Delaney","3B",0.35,0.458,0.75,1.208,14,48,40,9,14,4,0,4,14,0,8,3,0,0,0.321,0.441,0.56,1.001,28,104,84,21,27,6,1,4,19,1,17,8,0,0,0.029,0,0
"Brianna Bailey","2B",0.345,0.375,0.586,0.961,11,32,29,3,10,4,0,1,7,0,2,8,0,0,0.136,0.208,0.182,0.39,17,49,44,1,6,2,0,0,0,0,4,5,0,0,0.209,0,0
"Martina Gutierrez","SS",0.345,0.367,0.483,0.849,12,32,29,3,10,4,0,0,4,0,1,2,1,0,0.234,0.26,0.34,0.6,21,53,47,6,11,5,0,0,8,0,2,13,2,0,0.111,0,0
"Maiah Skakal","C",0.34,0.426,0.426,0.851,18,56,47,8,16,4,0,0,8,1,6,4,3,0,0.286,0.359,0.363,0.722,31,107,91,16,26,3,2,0,11,5,6,10,4,0,0.054,0,0
"Kiersten Bucha--","SS",0.34,0.407,0.491,0.897,20,61,53,8,18,6,1,0,10,1,5,6,2,0,0.321,0.368,0.434,0.802,18,57,53,6,17,4,1,0,5,0,4,13,1,0,0.019,0,0
"Emma Petersen","1B",0.333,0.36,0.458,0.818,15,50,48,10,16,6,0,0,6,0,2,4,0,0,0.406,0.42,0.641,1.061,20,69,64,10,26,4,1,3,19,0,3,10,2,0,-0.073,0,0
"Sydney Orndorff","LF",0.328,0.349,0.41,0.759,18,63,61,8,20,3,1,0,2,0,2,7,1,0,0.305,0.328,0.364,0.692,32,122,118,17,36,5,1,0,12,0,4,15,7,0,0.023,0,0
"Kayla Haywood","LF",0.326,0.442,0.512,0.954,13,52,43,10,14,3,1,1,6,0,9,6,2,0,0.239,0.307,0.343,0.65,22,75,67,10,16,4,0,1,10,1,6,13,2,1,0.087,0,0
"Kendall Reda-Fehsal","1B",0.322,0.408,0.475,0.883,21,71,59,6,19,3,0,2,15,2,8,13,0,0,0.208,0.328,0.396,0.724,20,65,53,6,11,2,1,2,7,2,8,11,0,0,0.114,0,0
"Natalia Apatiga","SS",0.32,0.364,0.34,0.704,16,55,50,4,16,1,0,0,2,1,3,2,1,0,0.379,0.44,0.455,0.895,20,75,66,10,25,2,0,1,10,2,6,6,1,1,-0.059,0,0
"Gabriella Mazzotta","CF",0.316,0.371,0.456,0.827,17,62,57,13,18,5,0,1,5,0,5,12,0,1,0.229,0.297,0.241,0.538,26,96,83,9,19,1,0,0,3,1,7,16,2,1,0.087,0,0
"Selah Moyer","1B",0.314,0.368,0.457,0.826,14,39,35,4,11,2,0,1,4,1,2,2,0,0,0.364,0.424,0.494,0.917,25,86,77,11,28,7,0,1,14,1,7,16,0,0,-0.05,0,0
"Hailey Cenamme","2B",0.308,0.341,0.513,0.854,14,42,39,6,12,2,0,2,4,0,2,1,1,0,0.25,0.289,0.333,0.622,26,96,84,13,21,4,0,1,13,1,4,13,2,0,0.058,0,0
"Tori Bowles","C",0.303,0.378,0.742,1.121,20,74,66,9,20,5,0,8,21,4,4,3,1,0,0.254,0.302,0.424,0.725,19,63,59,4,15,4,0,2,13,2,2,10,1,0,0.049,0,0
"Julia Vincent","RF",0.3,0.426,0.38,0.806,18,67,50,12,15,2,1,0,5,1,10,18,8,0,0.265,0.444,0.353,0.797,15,48,34,9,9,3,0,0,3,0,11,10,4,1,0.035,0,0
"Jess Forte","SS",0.3,0.375,0.62,0.995,18,56,50,12,15,4,0,4,11,0,6,12,0,0,0.312,0.4,0.613,1.013,32,112,93,16,29,4,3,6,26,2,13,11,7,2,-0.012,0,0
"Hailey Guerrero","SS",0.3,0.391,0.6,0.991,13,47,40,6,12,4,1,2,9,2,4,7,0,0,0.262,0.366,0.525,0.891,22,72,61,10,16,1,0,5,12,0,10,9,3,0,0.038,0,0
"Zailees Seda","3B",0.3,0.34,0.36,0.7,18,58,50,6,15,3,0,0,9,1,2,5,0,1,0.244,0.313,0.311,0.624,32,102,90,7,22,3,0,1,9,4,5,10,2,0,0.056,0,0
"Sofia Vega","2B",0.297,0.35,0.405,0.755,16,42,37,3,11,2,1,0,2,0,3,2,0,1,0.214,0.233,0.31,0.542,20,47,42,8,9,4,0,0,5,0,1,10,2,0,0.083,0,0
"Maddie Pleasants","DP",0.296,0.397,0.389,0.786,17,63,54,4,16,2,0,1,9,0,9,2,0,0,0.325,0.407,0.584,0.991,24,92,77,11,25,5,0,5,21,0,12,3,2,0,-0.029,0,0
"Bella Cahueque","2B",0.295,0.326,0.386,0.712,15,48,44,1,13,1,0,1,3,1,1,5,0,1,0.196,0.224,0.217,0.442,19,54,46,2,9,1,0,0,6,0,2,12,0,0,0.099,0,0
"Maddie Luedtke","LF",0.294,0.438,0.686,1.124,19,64,51,16,15,6,1,4,12,2,11,5,1,0,0.236,0.344,0.382,0.726,19,65,55,11,13,0,1,2,6,3,6,17,3,0,0.058,0,0
"Mikala Fletcher","RF",0.29,0.303,0.419,0.722,11,33,31,10,9,0,2,0,11,1,0,3,5,0,0.2,0.25,0.311,0.561,16,48,45,5,9,2,0,1,3,1,2,10,5,0,0.09,0,0
"Samantha Hare","CF",0.286,0.318,0.548,0.866,13,45,42,8,12,2,0,3,11,0,2,8,1,0,0.361,0.395,0.653,1.048,23,81,72,15,26,9,0,4,22,1,5,7,2,0,-0.075,0,0
"McKenzie Swinson","LF",0.282,0.391,0.385,0.776,15,48,39,6,11,1,0,1,6,2,5,7,4,2,0.306,0.397,0.532,0.93,20,74,62,17,19,6,1,2,10,1,9,11,8,1,-0.024,0,0
"Madysen Burkey","LF",0.282,0.378,0.282,0.66,15,47,39,9,11,0,0,0,2,0,6,12,1,1,0.167,0.182,0.214,0.396,15,47,42,8,7,2,0,0,1,0,1,15,1,1,0.115,0,0
"Kaitlyn Flood","3B",0.28,0.294,0.32,0.614,17,53,50,6,14,2,0,0,4,0,1,6,0,1,0.246,0.319,0.292,0.612,24,73,65,5,16,3,0,0,5,1,6,9,0,0,0.034,0,0
"Sophia Kiseloski","1B",0.278,0.333,0.556,0.889,12,40,36,4,10,1,0,3,10,0,3,6,0,0,0.214,0.254,0.304,0.558,23,63,56,1,12,2,0,1,9,0,4,10,0,0,0.064,0,0
"Jadeyn Merrill","DP",0.278,0.325,0.361,0.686,14,40,36,3,10,3,0,0,6,1,2,4,0,0,0.333,0.348,0.4,0.748,18,47,45,2,15,3,0,0,8,1,0,5,0,1,-0.055,0,0
"Mary Jane Nicholson","DP",0.278,0.35,0.278,0.628,10,20,18,1,5,0,0,0,2,1,1,6,0,0,0.214,0.283,0.357,0.64,19,46,42,3,9,0,0,2,3,0,4,9,0,0,0.064,0,0
"Lindsey Hoag","LF",0.273,0.389,0.432,0.821,17,56,44,5,12,0,2,1,12,1,8,5,1,0,0.342,0.398,0.557,0.955,28,89,79,14,27,7,5,0,8,0,8,8,3,1,-0.069,0,0
"Allie Bridgman","C",0.271,0.345,0.313,0.658,16,55,48,5,13,2,0,0,10,1,5,3,0,0,0.345,0.441,0.483,0.924,20,68,58,7,20,2,0,2,14,0,10,6,0,0,-0.074,0,0
"Delaney Whieldon","DH",0.27,0.308,0.297,0.605,14,40,37,6,10,1,0,0,3,0,2,5,0,0,0.269,0.367,0.481,0.847,20,64,52,6,14,4,2,1,10,1,7,9,0,0,0.001,0,0
"Kassidy Johnson","3B",0.267,0.313,0.333,0.647,20,68,60,5,16,4,0,0,8,0,5,14,0,0,0.22,0.22,0.317,0.537,14,41,41,3,9,1,0,1,5,0,0,13,0,1,0.047,0,0
"Amanda Engel","CF",0.267,0.389,0.4,0.789,8,18,15,1,4,0,1,0,2,2,1,5,0,0,0.235,0.361,0.275,0.635,20,62,51,13,12,2,0,0,7,1,9,6,6,1,0.032,0,0
"Abigayle Perry","SS",0.264,0.474,0.34,0.814,20,79,53,16,14,2,1,0,4,12,11,16,17,3,0.167,0.328,0.222,0.551,20,68,54,9,9,3,0,0,2,1,12,14,4,0,0.097,0,0
"Megan Giese","P",0.263,0.349,0.474,0.823,15,45,38,4,10,2,0,2,8,3,2,7,0,1,0.25,0.34,0.386,0.726,17,54,44,3,11,1,1,1,8,0,7,11,0,0,0.013,0,0
"Lauren Rende","SS",0.256,0.418,0.302,0.721,16,56,43,5,11,2,0,0,1,2,10,7,4,1,0.279,0.421,0.393,0.814,24,79,61,12,17,4,0,1,9,2,13,6,2,0,-0.023,0,0
"Ronni Howard","3B",0.25,0.348,0.4,0.748,16,47,40,8,10,0,0,2,7,2,4,8,3,0,0.316,0.422,0.526,0.949,17,48,38,15,12,2,0,2,8,1,6,10,1,1,-0.066,0,0
"Brooke Acker","C",0.25,0.346,0.318,0.664,14,52,44,3,11,3,0,0,4,1,6,9,1,0,0.25,0.385,0.313,0.697,23,78,64,10,16,1,0,1,8,2,12,3,0,0,0,0,0
"Maggie Kellner","C",0.242,0.297,0.242,0.54,13,38,33,6,8,0,0,0,5,0,3,6,0,0,0.316,0.366,0.395,0.761,23,85,76,15,24,3,0,1,8,3,3,16,1,1,-0.074,0,0
"Natasha Limbani","SS",0.238,0.273,0.238,0.511,14,44,42,5,10,0,0,0,3,0,2,3,1,0,0.37,0.408,0.446,0.854,27,98,92,14,34,3,2,0,11,1,5,10,0,0,-0.132,0,0
"Sophia Marrero","RF",0.233,0.267,0.233,0.499,14,45,43,2,10,0,0,0,5,2,0,4,0,0,0.37,0.395,0.603,0.997,23,76,73,13,27,11,0,2,21,1,2,5,0,0,-0.137,0,0
"Kaitlynn Peters","DP",0.233,0.277,0.419,0.695,17,47,43,3,10,2,0,2,8,1,2,7,0,0,0.406,0.472,0.516,0.988,27,73,64,4,26,7,0,0,8,0,8,9,1,0,-0.173,0,0
"Sophia Recrosio","RF",0.222,0.222,0.244,0.467,16,46,45,3,10,1,0,0,0,0,0,4,0,0,0.255,0.317,0.273,0.589,20,60,55,9,14,1,0,0,4,0,5,6,2,0,-0.033,0,0
"Zoe Truxon","CF",0.22,0.304,0.32,0.624,17,58,50,6,11,3,1,0,4,2,4,15,6,0,0.214,0.25,0.238,0.488,15,45,42,1,9,1,0,0,2,1,1,11,6,1,0.00600000000000001,0,0
"Ella McGalliard","3B",0.213,0.26,0.255,0.515,16,51,47,3,10,2,0,0,5,0,3,5,1,0,0.3,0.364,0.575,0.939,14,45,40,10,12,2,0,3,9,1,3,6,2,1,-0.087,0,0
"Emma Capuano","3B",0.211,0.34,0.342,0.683,13,47,38,9,8,2,0,1,3,2,6,13,2,1,0.278,0.366,0.375,0.741,23,83,72,13,20,4,0,1,6,2,8,15,7,0,-0.067,0,0
"Chloe Cummings","LF",0.211,0.286,0.211,0.496,14,47,38,8,8,0,0,0,4,1,3,2,1,0,0.277,0.382,0.319,0.701,19,58,47,4,13,2,0,0,5,1,7,2,1,0,-0.066,0,0
"Olivia Burroughs","3B",0.208,0.269,0.229,0.498,19,53,48,3,10,1,0,0,3,0,4,10,0,0,0.152,0.264,0.239,0.503,19,54,46,0,7,4,0,0,1,2,5,10,0,0,0.056,0,0
"Mary Fogg","LF",0.206,0.25,0.235,0.485,12,36,34,4,7,1,0,0,1,0,2,3,0,1,0.273,0.324,0.303,0.627,20,75,66,8,18,2,0,0,6,0,5,3,4,0,-0.067,0,0
"Shayna Myshrall","DP",0.2,0.31,0.343,0.652,14,42,35,4,7,2,0,1,5,0,6,11,0,0,0.268,0.376,0.479,0.855,25,86,71,10,19,3,0,4,21,6,7,10,0,0,-0.068,0,0
"Ashley Giampolo","2B",0.2,0.344,0.24,0.584,11,33,25,4,5,1,0,0,4,0,6,5,0,0,0.137,0.182,0.176,0.358,18,56,51,6,7,2,0,0,7,0,3,8,0,2,0.063,0,0
"Megan Forbes","RF",0.195,0.306,0.293,0.599,16,51,41,7,8,1,0,1,4,2,5,7,3,0,0.23,0.242,0.344,0.586,21,63,61,9,14,2,1,1,8,0,1,15,5,2,-0.035,0,0
"Kaylee Lacomb","RF",0.188,0.278,0.313,0.59,16,38,32,2,6,1,0,1,4,1,3,6,3,1,0.231,0.286,0.231,0.516,23,60,52,12,12,0,0,0,4,0,4,15,1,1,-0.043,0,0
"Elizabeth King","1B",0.186,0.271,0.288,0.56,20,71,59,4,11,3,0,1,8,1,7,10,0,0,0.192,0.3,0.308,0.608,20,60,52,4,10,3,0,1,3,0,8,9,0,0,-0.00600000000000001,0,0
"Hannah Davis","1B",0.182,0.2,0.295,0.495,16,45,44,4,8,3,1,0,6,0,1,11,0,0,0.302,0.34,0.465,0.806,15,48,43,9,13,1,0,2,8,0,3,5,3,0,-0.12,0,0
"Anissa Villalobos","RF",0.167,0.286,0.333,0.619,17,44,36,6,6,3,0,1,8,0,6,9,1,0,0.215,0.311,0.246,0.557,27,76,65,7,14,2,0,0,7,3,6,20,3,3,-0.048,0,0
"Tristen Wren","2B",0.167,0.265,0.2,0.465,15,35,30,4,5,1,0,0,1,1,3,5,0,0,0.222,0.344,0.259,0.603,14,36,27,3,6,1,0,0,1,1,4,8,0,0,-0.055,0,0
"Anna Paravati","3B",0.152,0.25,0.196,0.446,16,53,46,3,7,2,0,0,6,1,5,2,0,0,0.268,0.305,0.286,0.591,19,61,56,2,15,1,0,0,6,2,1,1,0,0,-0.116,0,0
"Diana Parker","3B",0.15,0.28,0.15,0.43,11,25,20,4,3,0,0,0,3,3,1,4,0,0,0.162,0.279,0.324,0.603,16,44,37,5,6,3,0,1,5,2,4,7,0,0,-0.012,0,0
"Danica Silvestri","LF",0.148,0.324,0.148,0.472,15,35,27,4,4,0,0,0,3,2,5,4,0,0,0.114,0.304,0.114,0.419,19,48,35,8,4,0,0,0,2,7,3,7,3,0,0.034,0,0
"Madi Silber","C",0.147,0.326,0.176,0.502,14,44,34,4,5,1,0,0,3,5,4,9,0,0,0.322,0.403,0.542,0.945,19,67,59,10,19,10,0,1,14,6,2,13,1,0,-0.175,0,0
"Kaylin Flukey","1B",0.143,0.211,0.2,0.411,13,38,35,1,5,2,0,0,1,1,2,7,0,0,0.291,0.418,0.382,0.8,22,68,55,2,16,2,0,1,8,1,11,1,0,0,-0.148,0,0
"Meagan Lee","LF",0.5,0.509,0.5,1.009,15,55,52,8,26,0,0,0,3,0,1,2,5,1,0.416,0.458,0.449,0.908,25,97,89,16,37,0,0,1,9,0,7,14,7,1,0.084,0,0
"Hadley Parisien","RF",0.472,0.535,0.944,1.479,15,43,36,12,17,2,0,5,17,0,6,3,2,0,0.309,0.345,0.418,0.763,23,58,55,10,17,0,0,2,8,0,3,11,1,1,0.163,0,0
"Payton Kelly","LF",0.462,0.488,0.59,1.078,13,43,39,6,18,2,0,1,5,0,2,3,3,0,0.29,0.308,0.468,0.775,19,68,62,12,18,2,0,3,10,0,2,3,0,0,0.172,0,0
"Reagan Bartholomew","SS",0.447,0.523,1.105,1.628,15,44,38,14,17,1,0,8,24,2,4,3,0,0,0.379,0.391,0.742,1.134,21,69,66,17,25,3,0,7,20,0,2,15,1,0,0.068,0,0
"Karli Spaid","3B",0.419,0.526,1.116,1.643,15,57,43,18,18,3,0,9,21,0,12,2,2,0,0.427,0.543,1.12,1.663,24,94,75,32,32,7,0,15,30,1,18,12,2,1,-0.00800000000000001,0,0
"Kate Kobayashi","CF",0.417,0.593,1.111,1.704,15,54,36,20,15,4,0,7,18,1,16,6,2,0,0.388,0.512,0.821,1.333,24,86,67,29,26,5,0,8,27,1,17,10,2,1,0.029,0,0
"Julia Mazanec","SS",0.415,0.478,0.634,1.112,14,46,41,11,17,1,1,2,9,0,5,8,2,0,0.39,0.427,0.61,1.037,23,82,77,21,30,8,0,3,8,1,4,5,3,0,0.025,0,0
"Holly Blaska","1B",0.413,0.5,0.783,1.283,15,57,46,19,19,3,1,4,14,0,8,3,3,0,0.338,0.418,0.725,1.143,24,92,80,27,27,4,0,9,21,1,10,13,2,0,0.075,0,0
"Kendra VanderLugt","RF",0.412,0.459,0.588,1.048,13,37,34,5,14,3,0,1,4,0,3,1,0,0,0.288,0.317,0.339,0.656,20,66,59,9,17,3,0,0,8,1,2,4,0,0,0.124,0,0
"Caitlyn Shumaker","3B",0.41,0.5,0.846,1.346,15,49,39,15,16,4,2,3,12,4,4,7,5,1,0.25,0.321,0.447,0.769,24,85,76,13,19,1,1,4,14,2,6,22,12,2,0.16,0,0
"Danielle Stewart","DH",0.409,0.462,0.818,1.28,15,52,44,10,18,4,1,4,14,0,6,6,1,0,0.339,0.486,0.554,1.04,21,75,56,12,19,6,0,2,11,4,13,6,2,0,0.07,0,0
"Ellis Erickson","CF",0.4,0.455,0.66,1.115,15,55,50,10,20,7,0,2,5,0,5,4,1,2,0.368,0.38,0.667,1.047,25,92,87,17,32,8,0,6,15,0,3,9,7,3,0.032,0,0
"Annalia Paoli","DP",0.4,0.438,0.667,1.104,8,16,15,3,6,1,0,1,4,1,0,0,3,0,0.175,0.25,0.375,0.625,16,44,40,5,7,2,0,2,10,0,4,10,0,0,0.225,0,0
"McKayla Timmons","C",0.394,0.565,0.909,1.474,12,46,33,11,13,2,0,5,12,2,11,4,4,1,0.398,0.496,0.914,1.41,30,115,93,28,37,6,0,14,33,6,14,11,8,1,-0.004,0,0
"Peyton Dolejs","CF",0.385,0.4,0.558,0.958,16,56,52,6,20,4,1,1,10,0,2,3,1,1,0.203,0.239,0.25,0.489,22,69,64,8,13,3,0,0,1,0,3,11,1,0,0.182,0,0
"Emma Hoffner","C",0.381,0.447,0.714,1.161,14,49,42,9,16,5,0,3,13,1,4,4,3,0,0.25,0.333,0.359,0.693,21,73,64,10,16,4,0,1,8,2,6,2,1,0,0.131,0,0
"Aaralyn Nogay","LF",0.381,0.471,0.5,0.971,14,52,42,7,16,1,2,0,8,2,6,8,6,0,0.214,0.377,0.238,0.615,19,54,42,5,9,1,0,0,1,0,11,8,3,0,0.167,0,0
"Haley Wynn","3B",0.378,0.425,0.703,1.128,12,41,37,7,14,4,1,2,6,1,2,3,3,0,0.315,0.368,0.5,0.868,30,117,108,21,34,4,2,4,14,2,7,10,9,2,0.063,0,0
"Madison Mathews","3B",0.378,0.467,0.676,1.142,15,45,37,6,14,2,0,3,7,0,7,7,2,0,0.214,0.302,0.482,0.784,23,65,56,12,12,3,0,4,12,0,7,9,0,0,0.164,0,0
"Sidney Griffith","2B",0.375,0.395,0.425,0.82,13,46,40,7,15,2,0,0,7,0,2,1,2,0,0.403,0.471,0.468,0.939,20,72,62,14,25,4,0,0,9,2,6,4,3,2,-0.028,0,0
"Keira Tolmie","DP",0.375,0.559,0.667,1.225,13,34,24,6,9,4,0,1,4,0,10,6,0,0,0.188,0.308,0.281,0.589,14,40,32,3,6,3,0,0,3,2,4,10,1,0,0.187,0,0
"Chloe Parks","2B",0.372,0.438,0.488,0.926,15,48,43,13,16,2,0,1,12,1,4,3,3,1,0.328,0.397,0.459,0.856,22,68,61,14,20,5,0,1,8,0,7,3,1,0,0.044,0,0
"Carley Penner","CF",0.366,0.422,0.366,0.788,14,46,41,7,15,0,0,0,2,0,4,9,5,0,0.333,0.351,0.347,0.697,23,79,75,12,25,1,0,0,6,0,2,15,3,1,0.033,0,0
"McKenna Mulholland","SS",0.364,0.405,0.485,0.89,11,37,33,6,12,4,0,0,6,1,2,3,2,2,0.21,0.333,0.272,0.605,29,100,81,18,17,5,0,0,6,7,9,13,6,0,0.154,0,0
"Bri Despines","C",0.354,0.392,0.5,0.892,14,51,48,9,17,2,1,1,6,0,3,2,4,1,0.296,0.393,0.437,0.829,23,86,71,8,21,5,1,1,12,2,10,7,1,1,0.058,0,0
"Sami Bewick","DP",0.353,0.489,0.588,1.077,15,45,34,11,12,5,0,1,13,1,9,3,1,0,0.357,0.458,0.757,1.215,24,83,70,21,25,4,0,8,27,0,13,11,1,1,-0.004,0,0
"Jenna Golembiewski","LF",0.35,0.438,0.95,1.388,14,48,40,13,14,3,0,7,16,3,4,8,1,0,0.361,0.426,0.819,1.245,24,94,83,26,30,6,1,10,36,0,10,15,3,1,-0.011,0,0
"Sophia Wygast","1B",0.349,0.404,0.698,1.102,14,47,43,6,15,3,0,4,15,0,4,12,0,0,0.301,0.366,0.575,0.941,24,82,73,9,22,2,0,6,21,0,8,14,0,0,0.048,0,0
"Lily Sullivan","RF",0.348,0.4,0.413,0.813,15,50,46,6,16,3,0,0,9,2,2,5,0,0,0.325,0.391,0.377,0.767,25,89,77,11,25,4,0,0,7,3,6,11,0,0,0.023,0,0
"Jazmyne Armendariz","2B",0.343,0.452,0.4,0.852,12,44,35,7,12,2,0,0,2,1,6,2,1,0,0.231,0.369,0.297,0.666,30,112,91,16,21,3,0,1,14,2,18,11,1,0,0.112,0,0
"Carly Sleeman","C",0.342,0.422,0.658,1.08,13,45,38,7,13,9,0,1,12,2,4,3,0,0,0.22,0.23,0.322,0.552,17,63,59,10,13,3,0,1,4,0,1,8,0,1,0.122,0,0
"Brooke Sivek","2B",0.34,0.389,0.34,0.729,15,55,50,11,17,0,0,0,1,0,4,7,6,0,0.247,0.351,0.247,0.598,25,98,81,15,20,0,0,0,2,0,13,15,13,0,0.093,0,0
"Riley Dittmar","RF",0.333,0.422,0.538,0.961,13,45,39,13,13,5,0,1,2,1,5,3,3,0,0.31,0.4,0.448,0.848,19,71,58,9,18,3,1,1,15,3,7,8,0,0,0.023,0,0
"Eli Enriquez","SS",0.333,0.362,0.444,0.806,13,47,45,9,15,1,2,0,1,2,0,2,6,2,0.333,0.365,0.362,0.727,20,76,69,16,23,0,1,0,4,0,4,4,13,0,0,0,0
"Rissa Bajusz","P",0.323,0.344,0.677,1.021,11,32,31,7,10,0,1,3,7,0,1,3,1,0,0.351,0.386,0.486,0.873,14,44,37,4,13,3,1,0,8,1,3,5,0,0,-0.028,0,0
"Maris Barbato","C",0.323,0.344,0.452,0.795,12,33,31,1,10,4,0,0,8,1,0,1,0,0,0.238,0.256,0.31,0.565,16,44,42,1,10,0,0,1,4,1,0,0,2,0,0.085,0,0
"Emily Bracamonte","3B",0.321,0.441,0.429,0.87,13,36,28,4,9,1,1,0,5,0,6,0,1,0,0.157,0.246,0.216,0.461,19,61,51,4,8,0,0,1,5,2,4,0,0,1,0.164,0,0
"Taylor Garey","2B",0.321,0.382,0.536,0.918,12,35,28,2,9,3,0,1,8,0,4,3,0,1,0.167,0.394,0.333,0.727,12,34,24,1,4,1,0,1,2,0,9,4,0,0,0.154,0,0
"Brenna Farmer","1B",0.317,0.391,0.634,1.025,14,46,41,10,13,1,0,4,9,0,5,1,0,0,0.167,0.227,0.167,0.394,21,67,60,2,10,0,0,0,7,0,5,8,0,0,0.15,0,0
"Alexis Lucyshyn","P",0.314,0.386,0.49,0.876,16,57,51,8,16,3,0,2,9,0,6,9,1,0,0.258,0.356,0.435,0.792,21,73,62,8,16,5,0,2,12,0,10,11,0,0,0.056,0,0
"Riley Mohr","1B",0.31,0.326,0.524,0.849,13,43,42,4,13,3,0,2,7,0,1,3,0,0,0.317,0.371,0.524,0.895,20,70,63,9,20,4,0,3,17,3,3,8,1,0,-0.00700000000000001,0,0
"Michaleigh Vallimont","RF",0.303,0.324,0.303,0.627,12,38,33,4,10,0,0,0,9,1,1,6,0,0,0.146,0.255,0.229,0.484,17,57,48,2,7,1,0,1,2,3,4,11,1,0,0.157,0,0
"Izzie Wilson","LF",0.297,0.341,0.432,0.774,14,42,37,6,11,2,0,1,7,0,3,4,0,0,0.339,0.381,0.441,0.822,20,63,59,5,20,3,0,1,5,0,4,14,0,2,-0.042,0,0
"Allyssa Hollo","1B",0.294,0.429,0.529,0.958,13,43,34,5,10,5,0,1,5,1,7,7,1,0,0.196,0.25,0.391,0.641,17,53,46,3,9,3,0,2,10,1,3,11,0,0,0.098,0,0
"Kaitlyn Mathews","LF",0.292,0.32,0.542,0.862,11,25,24,6,7,0,0,2,6,0,1,9,5,0,0.192,0.381,0.329,0.71,30,101,73,9,14,2,1,2,12,3,20,19,7,0,0.1,0,0
"Brynn Libler","RF",0.289,0.325,0.368,0.693,13,40,38,1,11,1,1,0,3,0,2,6,0,0,0.29,0.315,0.377,0.692,22,74,69,6,20,6,0,0,12,0,3,13,1,1,-0.001,0,0
"Haley Boxwell","C",0.286,0.325,0.514,0.839,13,40,35,3,10,2,0,2,9,1,2,3,0,0,0.34,0.393,0.468,0.861,17,56,47,2,16,6,0,0,8,2,4,2,0,0,-0.054,0,0
"Abbey Tolmie","CF",0.286,0.444,0.4,0.844,12,45,35,12,10,2,1,0,4,1,9,3,3,0,0.278,0.418,0.37,0.788,17,67,54,10,15,5,0,0,6,1,12,13,3,1,0.00799999999999995,0,0
"Emily Lippe","DP",0.282,0.364,0.487,0.851,14,45,39,2,11,2,0,2,6,1,4,10,0,0,0.246,0.369,0.507,0.876,23,84,69,10,17,0,0,6,14,1,13,16,0,0,0.036,0,0
"Tori O'Brien","2B",0.282,0.3,0.308,0.608,12,41,39,3,11,1,0,0,1,0,1,5,0,1,0.339,0.373,0.393,0.766,18,62,56,8,19,0,0,1,5,0,3,9,0,0,-0.0570000000000001,0,0
"Allie Cummins","C",0.279,0.456,0.558,1.014,15,57,43,18,12,1,1,3,6,0,14,6,0,0,0.384,0.526,0.726,1.252,24,97,73,31,28,4,0,7,26,0,23,12,0,1,-0.105,0,0
"Yasmine Logan","CF",0.278,0.35,0.472,0.822,12,42,36,10,10,1,0,2,6,0,4,7,3,0,0.309,0.423,0.745,1.168,21,72,55,17,17,4,1,6,21,0,13,10,1,0,-0.031,0,0
"Lauren Erickson","LF",0.273,0.351,0.424,0.776,13,37,33,4,9,5,0,0,3,0,4,6,2,1,0.343,0.395,0.6,0.995,13,40,35,14,12,3,0,2,7,1,2,4,2,0,-0.07,0,0
"Mia Mitchell","CF",0.265,0.345,0.49,0.835,16,55,49,6,13,2,0,3,7,0,6,4,3,0,0.209,0.26,0.448,0.708,21,73,67,13,14,1,0,5,12,0,5,9,3,0,0.056,0,0
"Marti Henkel","C",0.263,0.333,0.316,0.649,16,43,38,3,10,2,0,0,7,0,4,7,0,0,0.138,0.359,0.172,0.531,16,39,29,1,4,1,0,0,2,2,8,11,0,0,0.125,0,0
"Shelby Westler","3B",0.263,0.318,0.421,0.739,7,23,19,4,5,0,0,1,2,1,1,1,0,0,0.281,0.305,0.439,0.744,17,59,57,7,16,0,0,3,9,1,1,7,0,0,-0.018,0,0
"Reagan Williamson","DH",0.262,0.404,0.476,0.88,16,52,42,6,11,3,0,2,7,0,10,5,0,0,0.246,0.317,0.404,0.721,20,63,57,4,14,0,0,3,5,0,6,6,0,0,0.016,0,0
"Lauren Yuhas","2B",0.256,0.383,0.41,0.793,14,51,39,8,10,3,0,1,3,2,6,1,4,1,0.263,0.333,0.386,0.719,19,67,57,14,15,4,0,1,5,1,5,8,3,0,-0.00700000000000001,0,0
"Madison Fernimen","3B",0.255,0.361,0.373,0.733,16,61,51,10,13,3,0,1,4,0,9,3,1,0,0.333,0.429,0.394,0.823,21,77,66,15,22,4,0,0,9,1,10,7,4,0,-0.078,0,0
"Avery Carnahan","SS",0.244,0.311,0.317,0.628,15,45,41,2,10,3,0,0,13,0,4,5,2,1,0.269,0.324,0.299,0.623,23,76,67,11,18,2,0,0,10,2,4,7,7,1,-0.025,0,0
"Addison Hudson","CF",0.242,0.306,0.273,0.578,13,39,33,7,8,1,0,0,0,0,3,5,1,0,0.204,0.264,0.224,0.489,18,57,49,9,10,1,0,0,1,0,4,10,1,0,0.038,0,0
"Alexandria Whitmore","3B",0.238,0.319,0.524,0.843,14,49,42,13,10,2,2,2,6,4,1,4,4,1,0.363,0.4,0.5,0.9,23,88,80,16,29,3,4,0,11,1,4,10,6,2,-0.125,0,0
"Jenna Kroll","DP",0.231,0.25,0.41,0.66,13,40,39,3,9,1,0,2,7,0,1,3,0,0,0.283,0.426,0.472,0.898,20,69,53,5,15,4,0,2,12,9,5,6,0,0,-0.052,0,0
"Cameron Kaufman","SS",0.231,0.268,0.256,0.525,13,41,39,5,9,1,0,0,2,0,2,7,4,0,0.2,0.237,0.218,0.455,22,61,55,4,11,1,0,0,5,1,2,12,1,1,0.031,0,0
"Madison Mikulski","CF",0.222,0.313,0.259,0.572,13,33,27,4,6,1,0,0,5,2,2,3,3,0,0.25,0.298,0.269,0.567,20,60,52,6,13,1,0,0,3,3,1,5,1,1,-0.028,0,0
"Jenna Turner","SS",0.217,0.25,0.283,0.533,14,48,46,5,10,1,1,0,4,0,2,7,1,2,0.326,0.356,0.349,0.704,25,90,86,13,28,0,1,0,7,1,3,14,13,0,-0.109,0,0
"Samantha-Jo Mata","1B",0.214,0.233,0.321,0.555,11,30,28,1,6,0,0,1,7,0,1,4,0,0,0.172,0.27,0.281,0.552,25,74,64,6,11,1,0,2,6,1,8,14,1,0,0.042,0,0
"Alyssa Wasielewski","SS",0.214,0.283,0.286,0.568,16,46,42,4,9,1,1,0,2,0,4,6,1,1,0.386,0.451,0.545,0.996,17,51,44,9,17,4,0,1,4,0,6,6,0,1,-0.172,0,0
"Delaney Robeson","2B",0.206,0.25,0.324,0.574,14,39,34,5,7,1,0,1,6,0,2,5,3,0,0.295,0.368,0.475,0.843,23,69,61,10,18,3,1,2,12,1,6,10,2,0,-0.089,0,0
"CiCi Keidel","RF",0.206,0.289,0.235,0.525,14,39,34,5,7,1,0,0,0,1,3,4,2,0,0.264,0.291,0.321,0.612,21,57,53,10,14,3,0,0,4,1,1,4,0,0,-0.058,0,0
"Tianna Williams","2B",0.205,0.265,0.25,0.515,14,49,44,3,9,2,0,0,6,2,2,6,0,0,0.347,0.407,0.408,0.816,16,54,49,4,17,3,0,0,4,1,4,5,0,0,-0.142,0,0
"Sara Kelly","LF",0.205,0.294,0.227,0.521,16,51,44,5,9,1,0,0,2,0,6,6,2,0,0.25,0.271,0.339,0.61,19,59,56,6,14,3,1,0,7,0,2,8,2,0,-0.045,0,0
"Abbey Nagel","1B",0.196,0.226,0.314,0.54,16,53,51,5,10,4,1,0,3,1,1,10,2,0,0.262,0.352,0.262,0.614,21,71,61,5,16,0,0,0,5,1,8,9,2,0,-0.066,0,0
"Tiffany Stevens","CF",0.186,0.239,0.209,0.448,15,47,43,2,8,1,0,0,1,0,3,10,1,0,0.242,0.346,0.333,0.679,25,83,66,6,16,3,0,1,9,1,10,13,4,0,-0.056,0,0
"Trinity Jones Estrada","C",0.182,0.206,0.212,0.418,13,34,33,0,6,1,0,0,1,0,1,2,0,0,0.244,0.277,0.267,0.543,19,51,45,1,11,1,0,0,5,0,2,3,0,0,-0.062,0,0
"Skylar Coberley","2B",0.175,0.209,0.225,0.434,13,44,40,6,7,2,0,0,5,1,1,12,1,0,0.392,0.446,0.647,1.093,17,58,51,11,20,1,0,4,12,0,5,9,3,1,-0.217,0,0
"Megan Welsh","1B",0.167,0.222,0.208,0.431,12,27,24,1,4,1,0,0,2,0,2,4,0,0,0.292,0.321,0.521,0.842,19,54,48,7,14,5,0,2,12,1,2,10,0,1,-0.125,0,0
"Megan Claerhout","1B",0.167,0.3,0.333,0.633,12,32,24,2,4,1,0,1,4,0,5,9,0,0,0.32,0.379,0.52,0.899,14,29,25,3,8,2,0,1,5,1,2,4,0,0,-0.153,0,0
"Savannah Wing","RF",0.162,0.298,0.351,0.649,14,47,37,4,6,1,0,2,9,2,6,5,0,0,0.333,0.383,0.6,0.983,22,81,75,14,25,14,0,2,18,4,2,10,0,0,-0.171,0,0
"Delaney Jenkinson","SS",0.161,0.278,0.323,0.6,12,36,31,5,5,2,0,1,5,0,5,9,7,0,0.254,0.338,0.373,0.711,23,69,59,13,15,1,0,2,8,0,8,19,4,1,-0.093,0,0
"Katy Ramage","LF",0.148,0.281,0.148,0.429,14,34,27,5,4,0,0,0,1,2,3,10,0,1,0.318,0.4,0.333,0.733,24,75,66,9,21,1,0,0,9,4,5,12,12,1,-0.17,0,0
"Grace Koenig","3B",0.147,0.216,0.235,0.452,11,37,34,6,5,3,0,0,0,1,2,12,1,0,0.313,0.405,0.469,0.874,13,38,32,5,10,2,0,1,5,0,5,11,0,0,-0.166,0,0
"Jessica Hoffman","DP",0.138,0.235,0.345,0.58,12,34,29,4,4,0,0,2,4,1,3,8,0,0,0.289,0.357,0.539,0.897,26,84,76,8,22,4,0,5,16,3,5,17,0,0,-0.151,0,0
"Cassidy Brendtke","3B",0.125,0.125,0.167,0.292,10,25,24,1,3,1,0,0,0,0,0,4,0,0,0.167,0.25,0.194,0.444,16,41,36,5,6,1,0,0,2,0,4,9,0,2,-0.042,0,0
"Maddie Springer","SS",0.083,0.214,0.125,0.339,12,30,24,1,2,1,0,0,2,1,3,2,0,0,0.333,0.396,0.452,0.848,17,50,42,4,14,3,1,0,7,0,5,3,1,0,-0.25,0,0
"Seryna Esparza","1B",0.591,0.63,0.909,1.539,8,27,22,10,13,2,1,1,6,0,4,0,2,0,0.265,0.415,0.482,0.897,29,106,83,14,22,9,0,3,11,4,18,15,1,0,0.326,0,0
"Maryn Jordan","CF",0.5,0.585,0.636,1.221,18,53,44,18,22,4,1,0,15,2,7,3,3,2,0.351,0.432,0.459,0.891,13,44,37,4,13,4,0,0,5,2,4,7,1,0,0.149,0,0
"Chandler Martin","C",0.5,0.55,0.833,1.383,9,20,18,1,9,3,0,1,6,1,1,2,0,1,0.262,0.311,0.405,0.716,17,48,42,3,11,1,1,1,2,0,3,5,1,0,0.238,0,0
"Nola Mountain","2B",0.491,0.541,0.491,1.032,17,63,55,20,27,0,0,0,7,0,6,4,9,2,0.364,0.407,0.418,0.825,19,59,55,10,20,1,1,0,1,0,4,7,6,2,0.127,0,0
"Jaycee Holt","CF",0.46,0.509,0.5,1.009,16,56,50,13,23,0,1,0,2,0,5,3,17,1,0.207,0.233,0.224,0.457,19,60,58,5,12,1,0,0,4,0,2,8,5,3,0.253,0,0
"Kaylah Leslie","CF",0.444,0.483,0.444,0.927,10,29,27,4,12,0,0,0,1,1,1,2,1,1,0.343,0.361,0.343,0.704,14,36,35,5,12,0,0,0,0,0,1,9,2,2,0.101,0,0
"Giselle Ulloa","RF",0.429,0.444,0.524,0.968,8,27,21,8,9,2,0,0,10,0,3,2,2,0,0.196,0.264,0.227,0.491,29,106,97,16,19,1,1,0,6,2,7,6,3,1,0.233,0,0
"Bianca Worthy","LF",0.423,0.474,0.538,1.012,17,60,52,18,22,4,1,0,6,0,5,6,3,0,0.364,0.404,0.386,0.791,14,49,44,9,16,1,0,0,3,2,1,5,1,0,0.059,0,0
"Manaia Fonoti","SS",0.407,0.429,0.815,1.243,8,29,27,11,11,3,4,0,8,0,1,2,0,0,0.271,0.293,0.375,0.668,27,101,96,11,26,8,1,0,9,1,2,12,5,1,0.136,0,0
"Celeste Gonzales","CF",0.4,0.483,0.48,0.963,8,30,25,11,10,2,0,0,0,0,4,0,3,1,0.253,0.352,0.297,0.649,29,110,91,15,23,2,1,0,8,5,9,18,3,2,0.147,0,0
"Kenna Higa","1B",0.392,0.529,0.51,1.038,18,70,51,18,20,6,0,0,17,1,16,5,2,0,0.297,0.409,0.324,0.733,14,44,37,5,11,1,0,0,8,3,4,4,2,0,0.095,0,0
"Merci Hart","C",0.378,0.44,0.511,0.951,18,50,45,12,17,4,1,0,12,0,5,6,1,0,0.235,0.257,0.294,0.551,12,35,34,4,8,2,0,0,7,0,1,2,0,0,0.143,0,0
"Ameenah Ballenger","P",0.37,0.373,0.463,0.836,17,59,54,4,20,5,0,0,19,0,2,3,3,1,0.283,0.353,0.37,0.723,19,51,46,3,13,1,0,1,11,0,5,3,1,0,0.087,0,0
"Rylie Gilbreath","C",0.365,0.42,0.595,1.014,26,82,74,5,27,5,0,4,13,0,7,9,1,0,0.339,0.365,0.508,0.874,19,63,59,7,20,4,0,2,7,1,2,6,1,1,0.026,0,0
"Lealani Ricks","2B",0.364,0.5,0.394,0.894,17,45,33,12,12,1,0,0,6,0,9,4,3,1,0.25,0.286,0.25,0.536,12,22,20,4,5,0,0,0,1,0,1,3,1,0,0.114,0,0
"Victoria Fletcher","3B",0.364,0.455,0.636,1.091,22,67,55,10,20,9,0,2,14,0,10,2,0,0,0.356,0.423,0.489,0.912,15,52,45,2,16,0,0,2,8,1,5,3,0,1,0.00800000000000001,0,0
"Kelsie Ekstrom","C",0.36,0.441,0.42,0.861,17,61,50,7,18,3,0,0,8,1,7,9,6,2,0.22,0.245,0.3,0.545,19,53,50,2,11,2,1,0,3,0,2,12,1,2,0.14,0,0
"Morea Hodge","LF",0.357,0.471,0.357,0.828,17,52,42,11,15,0,0,0,6,0,9,4,8,3,0.154,0.405,0.192,0.598,16,38,26,4,4,1,0,0,2,1,10,7,2,2,0.203,0,0
"Ryan Merriwether","1B",0.354,0.396,0.479,0.875,17,55,48,3,17,4,1,0,8,0,4,6,4,0,0.205,0.234,0.273,0.507,18,47,44,3,9,3,0,0,5,0,2,12,2,0,0.149,0,0
"Cameron Hall","1B",0.35,0.48,0.45,0.93,8,25,20,1,7,2,0,0,2,1,4,2,3,2,0.12,0.214,0.2,0.414,13,28,25,0,3,2,0,0,0,0,3,4,1,0,0.23,0,0
"Kendall Smith","LF",0.346,0.37,0.5,0.87,9,28,26,3,9,1,0,1,3,0,1,5,1,2,0.243,0.293,0.324,0.617,14,42,37,0,9,1,1,0,2,0,3,10,0,0,0.103,0,0
"Sidney Fletcher","3B",0.333,0.429,0.595,1.024,15,49,42,14,14,2,0,3,11,1,6,7,3,1,0.156,0.176,0.281,0.458,12,34,32,7,5,0,2,0,4,1,0,5,0,0,0.177,0,0
"Alyssa Vasquez","C",0.333,0.415,0.407,0.823,18,65,54,11,18,4,0,0,15,0,9,2,3,2,0.326,0.412,0.465,0.877,14,51,43,6,14,6,0,0,12,1,6,1,2,0,0.00700000000000001,0,0
"Uxua Modrego Lopez","SS",0.333,0.415,0.417,0.831,12,41,36,6,12,1,1,0,3,1,4,8,5,0,0.349,0.406,0.571,0.977,19,71,63,12,22,3,1,3,9,0,6,5,9,2,-0.016,0,0
"Ky'Anah Lake","SS",0.327,0.353,0.571,0.924,20,52,49,11,16,5,2,1,9,0,2,12,4,2,0.233,0.343,0.3,0.643,12,35,30,2,7,2,0,0,4,1,4,6,3,1,0.094,0,0
"Madison Boyd","RF",0.323,0.344,0.323,0.666,10,33,31,4,10,0,0,0,1,0,1,2,5,0,0.158,0.2,0.158,0.358,18,60,57,7,9,0,0,0,0,0,3,6,2,1,0.165,0,0
"Ellie Bostedt","P",0.321,0.356,0.393,0.749,21,59,56,6,18,2,1,0,10,1,2,5,0,0,0.222,0.234,0.289,0.523,14,48,45,4,10,1,1,0,7,0,1,3,1,0,0.099,0,0
"Emma Crowe","1B",0.316,0.35,0.342,0.692,12,40,38,4,12,1,0,0,8,0,2,8,2,0,0.313,0.358,0.438,0.796,18,56,48,5,15,2,2,0,6,0,4,5,1,1,0.003,0,0
"DeAsia Lowther","1B",0.308,0.321,0.5,0.821,10,28,26,2,8,2,0,1,6,0,1,4,1,0,0.381,0.426,0.452,0.878,16,48,42,1,16,3,0,0,9,1,3,8,0,0,-0.073,0,0
"Gianna Ettore","1B",0.304,0.385,0.518,0.902,22,65,56,9,17,9,0,1,11,0,8,12,0,0,0.162,0.283,0.216,0.499,15,47,37,1,6,2,0,0,4,1,6,11,2,0,0.142,0,0
"Hailey Ramberg","C",0.3,0.364,0.4,0.764,8,22,20,0,6,2,0,0,4,0,2,6,0,0,0.297,0.35,0.378,0.728,15,40,37,2,11,0,0,1,4,0,3,9,1,0,0.003,0,0
"Mckenzie Abiley","SS",0.3,0.333,0.34,0.673,17,57,50,9,15,2,0,0,12,1,3,3,6,0,0.208,0.232,0.226,0.459,19,56,53,7,11,1,0,0,2,0,2,7,7,0,0.092,0,0
"Julianna Mejia","3B",0.3,0.44,0.3,0.74,8,25,20,4,6,0,0,0,3,0,5,4,2,0,0.229,0.333,0.286,0.619,27,88,70,6,16,4,0,0,11,1,11,15,1,1,0.071,0,0
"Jaylah Barr","SS",0.297,0.422,0.378,0.801,14,46,37,3,11,3,0,0,9,0,8,5,0,0,0.345,0.409,0.5,0.909,21,66,58,4,20,3,0,2,8,0,7,8,0,0,-0.048,0,0
"Xzylia Maravilla","C",0.294,0.318,0.412,0.73,8,23,17,4,5,2,0,0,6,0,2,3,0,0,0.179,0.292,0.25,0.542,23,66,56,7,10,4,0,0,6,0,9,17,0,0,0.115,0,0
"Mia Ewell","CF",0.291,0.437,0.473,0.909,23,71,55,14,16,6,2,0,12,7,8,3,9,1,0.357,0.472,0.464,0.937,13,36,28,7,10,3,0,0,4,0,7,7,3,0,-0.066,0,0
"Annalise Santana","SS",0.286,0.342,0.429,0.771,12,39,35,5,10,3,1,0,4,0,3,9,1,0,0.259,0.344,0.259,0.604,19,61,54,8,14,0,0,0,4,2,5,13,2,1,0.027,0,0
"Loren Hudson","1B",0.27,0.291,0.338,0.629,24,79,74,4,20,5,0,0,3,0,3,4,0,0,0.25,0.351,0.354,0.705,19,57,48,1,12,2,0,1,10,1,7,4,0,0,0.02,0,0
"Makiya Graves","1B",0.27,0.325,0.297,0.622,13,40,37,4,10,1,0,0,2,1,2,2,0,0,0.277,0.352,0.319,0.671,17,54,47,7,13,2,0,0,5,1,5,4,0,0,-0.00700000000000001,0,0
"Hailey Batista","C",0.263,0.326,0.5,0.826,14,44,38,4,10,3,0,2,8,1,3,7,0,0,0.279,0.347,0.488,0.835,18,52,43,8,12,3,0,2,9,3,2,10,1,0,-0.016,0,0
"Amber Rivas","RF",0.26,0.357,0.37,0.727,26,86,73,18,19,2,3,0,11,0,11,4,6,1,0.308,0.321,0.404,0.725,15,53,52,10,16,3,1,0,2,1,0,6,5,2,-0.048,0,0
"Aniyah Haley","RF",0.259,0.267,0.407,0.674,8,30,27,4,7,1,0,1,5,0,1,1,3,0,0.287,0.339,0.386,0.725,29,113,101,11,29,3,2,1,16,1,8,10,10,0,-0.028,0,0
"Melissa Paz","3B",0.255,0.379,0.327,0.706,23,66,55,3,14,4,0,0,3,5,6,4,0,0,0.167,0.355,0.417,0.772,10,32,24,2,4,0,0,2,6,0,7,4,1,0,0.088,0,0
"Maddy Morris","P",0.242,0.39,0.273,0.663,19,42,33,3,8,1,0,0,5,0,8,5,0,0,0.143,0.262,0.229,0.49,17,42,35,5,5,0,0,1,2,0,6,13,1,0,0.099,0,0
"Laila Hasan","CF",0.229,0.25,0.314,0.564,12,36,35,5,8,3,0,0,1,0,1,5,0,0,0.286,0.339,0.327,0.666,18,57,49,11,14,2,0,0,10,0,5,2,5,0,-0.057,0,0
"Aniyah Michalak","RF",0.226,0.349,0.34,0.689,23,64,53,10,12,3,0,1,2,4,6,15,4,1,0.242,0.342,0.364,0.706,13,39,33,6,8,2,1,0,2,2,3,6,4,0,-0.016,0,0
"Alison Keener","C",0.22,0.361,0.24,0.601,22,63,50,2,11,1,0,0,9,1,10,9,0,0,0.19,0.346,0.19,0.537,11,28,21,2,4,0,0,0,1,1,4,4,1,0,0.03,0,0
"Dallas Speicher-Ramirez","RF",0.214,0.313,0.25,0.563,11,32,28,3,6,1,0,0,1,0,4,7,0,0,0.211,0.268,0.263,0.531,16,42,38,3,8,2,0,0,3,0,3,3,1,0,0.003,0,0
"Kylie Nelson","3B",0.214,0.313,0.25,0.563,11,32,28,2,6,1,0,0,2,1,3,1,0,0,0.159,0.288,0.25,0.538,17,52,44,3,7,1,0,1,3,0,8,5,0,0,0.055,0,0
"Brooklyn Tapusoa","LF",0.211,0.292,0.316,0.607,8,25,19,7,4,0,1,0,8,0,3,3,3,0,0.319,0.367,0.538,0.906,29,99,91,16,29,9,1,3,16,0,7,16,1,0,-0.108,0,0
"Lauren Sheehan","LF",0.192,0.333,0.308,0.641,21,65,52,5,10,3,0,1,6,0,11,15,3,0,0.233,0.343,0.267,0.61,15,37,30,2,7,1,0,0,3,0,5,6,1,0,-0.041,0,0
"Emory Shorts","SS",0.173,0.246,0.192,0.438,20,58,52,1,9,1,0,0,2,1,4,9,1,0,0.233,0.303,0.267,0.57,14,33,30,4,7,1,0,0,2,1,2,2,0,0,-0.06,0,0
"Kayla Lester","LF",0.171,0.286,0.171,0.457,12,43,35,7,6,0,0,0,3,1,5,4,2,0,0.288,0.304,0.394,0.698,19,69,66,7,19,3,2,0,12,0,2,3,4,0,-0.117,0,0
"Emree Sky Obispo","2B",0.17,0.25,0.17,0.42,19,55,47,0,8,0,0,0,1,2,3,8,2,1,0.209,0.306,0.233,0.539,19,50,43,2,9,1,0,0,1,0,6,4,1,0,-0.039,0,0
"Mikaela Francois","3B",0.167,0.242,0.167,0.409,11,33,30,2,5,0,0,0,1,0,3,8,1,0,0.275,0.341,0.375,0.716,17,45,40,7,11,1,0,1,5,0,4,5,0,0,-0.108,0,0
"Nevaeh Terrell","CF",0.167,0.219,0.2,0.419,14,33,30,4,5,1,0,0,2,1,1,9,4,1,0.176,0.194,0.235,0.43,16,38,34,4,6,2,0,0,4,1,0,10,8,2,-0.00899999999999998,0,0
"Samaria Jackson","3B",0.143,0.186,0.214,0.401,21,61,56,5,8,2,1,0,6,0,3,9,0,0,0.233,0.292,0.535,0.827,16,48,43,8,10,1,0,4,12,1,3,11,1,0,-0.09,0,0
"Taylor Ames-Alexander","2B",0.143,0.172,0.214,0.387,9,30,28,4,4,0,1,0,4,0,1,3,2,1,0.293,0.341,0.39,0.731,14,45,41,7,12,1,0,1,6,0,3,5,0,0,-0.15,0,0
"Kauree Munyan","C",0.133,0.235,0.2,0.435,9,18,15,2,2,1,0,0,3,0,2,5,0,0,0.111,0.179,0.139,0.318,16,39,36,0,4,1,0,0,1,0,3,12,0,0,0.022,0,0
"Felicity Munoz","2B",0.091,0.091,0.091,0.182,11,25,22,1,2,0,0,0,0,0,0,1,1,0,0.244,0.292,0.244,0.536,18,50,45,8,11,0,0,0,3,0,3,3,8,0,-0.153,0,0
"Jade Hendricks","LF",0.087,0.16,0.087,0.247,9,25,23,4,2,0,0,0,0,1,1,9,1,0,0.222,0.3,0.244,0.544,17,50,45,8,10,1,0,0,2,1,4,9,0,0,-0.135,0,0
"Paige Perkins","3B",0.036,0.2,0.036,0.236,13,35,28,2,1,0,0,0,1,0,6,15,0,0,0.161,0.229,0.161,0.39,14,35,31,2,5,0,0,0,4,0,3,15,0,0,-0.125,0,0
"Cameran Rios","3B",0.452,0.469,0.516,0.985,12,34,31,6,14,0,1,0,3,0,1,1,3,0,0.224,0.278,0.224,0.502,25,75,67,6,15,0,0,0,1,0,5,6,1,0,0.228,0,0
"Jackie Lis","SS",0.444,0.545,1,1.545,19,66,54,21,24,4,1,8,16,0,12,4,1,1,0.344,0.476,0.766,1.241,22,82,64,20,22,4,1,7,15,0,17,10,2,0,0.1,0,0
"Kayla Ulrich","1B",0.422,0.534,0.667,1.201,17,59,45,6,19,2,0,3,11,1,11,2,0,1,0.344,0.461,0.492,0.952,23,76,61,8,21,3,0,2,12,1,13,12,0,0,0.078,0,0
"Madison Parks","CF",0.413,0.591,0.652,1.243,18,67,46,21,19,3,1,2,15,1,19,10,3,2,0.229,0.386,0.286,0.672,23,88,70,10,16,4,0,0,5,0,18,21,7,2,0.184,0,0
"Delainey Bryant","2B",0.412,0.508,0.745,1.253,16,61,51,13,21,3,1,4,14,0,10,1,3,0,0.305,0.364,0.441,0.804,18,66,59,8,18,2,0,2,9,1,5,12,1,0,0.107,0,0
"Abby Knight","1B",0.412,0.455,0.49,0.945,16,55,51,10,21,1,0,1,8,0,4,2,2,0,0.231,0.293,0.365,0.658,17,58,52,5,12,1,0,2,7,0,5,5,2,0,0.181,0,0
"Alexis Pupillo","LF",0.412,0.53,0.882,1.413,18,66,51,16,21,3,0,7,26,2,12,5,5,2,0.25,0.42,0.656,1.077,23,88,64,14,16,2,0,8,15,5,16,9,6,1,0.162,0,0
"Nicole Hughes","SS",0.403,0.494,0.627,1.121,21,79,67,10,27,4,1,3,12,3,9,8,2,1,0.25,0.354,0.397,0.751,21,82,68,13,17,4,0,2,12,1,11,10,3,0,0.153,0,0
"Carey Koenig","3B",0.396,0.455,0.646,1.1,16,55,48,15,19,3,0,3,6,0,6,8,3,0,0.156,0.229,0.266,0.494,18,71,64,7,10,1,0,2,4,0,6,9,0,0,0.24,0,0
"Olivia Krehbiel","3B",0.385,0.484,0.673,1.157,17,62,52,15,20,4,1,3,15,0,10,8,3,0,0.298,0.392,0.536,0.927,26,98,84,17,25,6,1,4,14,0,13,14,2,1,0.087,0,0
"Isabella Henning","1B",0.385,0.485,0.654,1.139,11,33,26,7,10,4,0,1,5,1,5,3,0,0,0.357,0.517,0.548,1.065,17,58,42,11,15,5,0,1,8,2,13,2,2,0,0.028,0,0
"Adisyn Hopkins","DP",0.38,0.396,0.46,0.856,16,54,50,6,19,1,0,1,10,0,2,1,1,0,0.359,0.409,0.385,0.794,15,45,39,6,14,1,0,0,5,2,2,4,0,0,0.021,0,0
"Taylor Hogan","2B",0.375,0.436,0.479,0.916,18,55,48,10,18,5,0,0,13,0,6,3,1,2,0.191,0.286,0.221,0.506,23,79,68,2,13,2,0,0,8,0,9,6,4,2,0.184,0,0
"Zoe Frossard","LF",0.368,0.471,0.421,0.892,20,69,57,13,21,3,0,0,6,2,9,7,6,0,0.281,0.405,0.375,0.78,23,79,64,10,18,4,1,0,5,0,14,21,3,1,0.087,0,0
"Abi Chipps","2B",0.368,0.415,0.447,0.862,14,44,38,5,14,1,1,0,2,0,3,2,2,0,0.313,0.37,0.313,0.683,19,74,67,13,21,0,0,0,0,0,6,1,4,3,0.055,0,0
"Kylee Sanders","SS",0.364,0.533,0.636,1.17,18,60,44,15,16,3,0,3,6,4,12,7,4,0,0.203,0.3,0.261,0.561,23,81,69,7,14,1,0,1,6,3,7,12,4,0,0.161,0,0
"Sydney Kennedy","P",0.357,0.4,0.446,0.846,20,61,56,1,20,5,0,0,13,1,3,8,0,0,0.304,0.381,0.411,0.792,18,63,56,5,17,3,0,1,9,1,6,9,0,0,0.053,0,0
"Daryn Lamprecht","1B",0.35,0.449,0.675,1.124,18,49,40,10,14,4,0,3,12,0,8,8,1,0,0.267,0.333,0.483,0.817,23,66,60,7,16,4,0,3,8,0,6,13,0,0,0.083,0,0
"Frankie Rita","C",0.35,0.4,0.375,0.775,14,45,40,7,14,1,0,0,5,2,2,4,1,0,0.2,0.333,0.2,0.533,14,38,30,3,6,0,0,0,1,0,6,1,0,0,0.15,0,0
"Bella Wilkerson","C",0.349,0.404,0.512,0.916,16,50,43,3,15,4,0,1,11,0,4,3,0,0,0.25,0.306,0.25,0.556,17,50,44,1,11,0,0,0,3,1,3,6,0,0,0.099,0,0
"Ella Boyer","SS",0.341,0.388,0.455,0.842,16,50,44,10,15,2,0,1,7,1,3,3,1,0,0.133,0.152,0.2,0.352,18,48,45,5,6,0,0,1,6,0,1,13,0,0,0.208,0,0
"Emma Austin","CF",0.34,0.375,0.377,0.752,19,57,53,11,18,0,1,0,6,0,3,8,8,1,0.292,0.378,0.308,0.686,22,75,65,12,19,1,0,0,5,0,9,17,8,1,0.048,0,0
"Taylor Jackson","C",0.333,0.368,0.397,0.764,20,68,63,0,21,4,0,0,4,0,4,9,0,0,0.25,0.329,0.324,0.652,22,76,68,4,17,2,0,1,7,1,7,12,1,0,0.083,0,0
"Bailey Sample","1B",0.327,0.464,0.509,0.973,20,69,55,13,18,4,0,2,11,6,8,4,1,0,0.208,0.282,0.299,0.581,23,85,77,14,16,4,0,1,10,0,8,6,3,1,0.119,0,0
"Kaili Chval","CF",0.326,0.415,0.348,0.763,16,58,46,8,15,1,0,0,2,2,5,8,3,0,0.191,0.345,0.234,0.579,18,62,47,5,9,2,0,0,4,3,8,17,0,1,0.135,0,0
"Emily Crompton","DP",0.326,0.37,0.326,0.695,17,46,43,0,14,0,0,0,4,0,3,17,0,0,0.25,0.276,0.25,0.526,12,29,28,0,7,0,0,0,2,0,1,6,0,0,0.076,0,0
"Emma Dighton","DP",0.326,0.475,0.413,0.888,16,59,46,8,15,1,0,1,9,0,13,8,0,0,0.352,0.462,0.556,1.017,18,65,54,7,19,3,1,2,7,1,10,6,0,0,-0.026,0,0
"Larisa Villa","1B",0.325,0.341,0.375,0.716,13,44,40,3,13,2,0,0,5,0,2,2,0,0,0.239,0.247,0.324,0.571,25,75,71,5,17,1,1,1,6,0,1,8,1,1,0.086,0,0
"Alexis Johnson","2B",0.314,0.357,0.412,0.769,16,59,51,7,16,2,0,1,5,0,4,4,3,1,0.22,0.264,0.32,0.584,17,53,50,6,11,2,0,1,4,1,2,3,5,1,0.094,0,0
"Julia Larson","RF",0.313,0.371,0.313,0.684,13,37,32,7,10,0,0,0,1,0,3,1,2,0,0.194,0.242,0.226,0.468,15,33,31,5,6,1,0,0,2,1,1,9,1,0,0.119,0,0
"Brenna Blume","C",0.311,0.389,0.41,0.799,21,72,61,2,19,6,0,0,9,1,8,7,2,0,0.2,0.25,0.415,0.665,21,72,65,8,13,2,0,4,29,0,5,15,0,0,0.111,0,0
"Abi Ledbetter","1B",0.309,0.418,0.364,0.782,21,67,55,5,17,3,0,0,6,3,8,5,3,0,0.274,0.357,0.306,0.664,21,70,62,10,17,2,0,0,6,0,8,6,1,0,0.035,0,0
"Bailey Caylor","RF",0.308,0.341,0.359,0.7,15,42,39,3,12,0,1,0,3,0,2,6,2,0,0.304,0.391,0.393,0.783,21,67,56,14,17,3,1,0,7,0,8,7,1,2,0.004,0,0
"Annie Mueller","RF",0.3,0.357,0.72,1.077,17,57,50,9,15,0,0,7,22,0,5,7,0,0,0.263,0.329,0.724,1.053,26,87,76,13,20,2,0,11,24,0,8,24,0,0,0.037,0,0
"Anna Walker","RF",0.3,0.417,0.3,0.717,9,24,20,5,6,0,0,0,3,0,4,2,0,0,0.163,0.2,0.186,0.386,18,48,43,2,7,1,0,0,5,0,2,10,2,0,0.137,0,0
"Lauren DeRolf","RF",0.3,0.417,0.3,0.717,20,73,60,17,18,0,0,0,1,0,12,11,5,0,0.288,0.358,0.315,0.673,23,85,73,13,21,0,1,0,1,0,8,14,6,2,0.012,0,0
"Marah Wood","1B",0.296,0.371,0.593,0.964,20,62,54,10,16,4,0,4,11,2,5,6,7,0,0.148,0.175,0.23,0.404,21,63,61,10,9,0,1,1,6,0,2,17,2,0,0.148,0,0
"Kenzie Cornwell","RF",0.294,0.333,0.353,0.686,13,36,34,4,10,2,0,0,1,0,2,3,0,0,0.318,0.429,0.318,0.747,17,56,44,3,14,0,0,0,7,2,8,1,0,0,-0.024,0,0
"Jayden Standish","3B",0.286,0.368,0.49,0.858,16,57,49,7,14,4,0,2,11,0,7,6,1,0,0.238,0.36,0.429,0.789,14,50,42,4,10,3,1,1,2,1,7,11,0,0,0.048,0,0
"Jenna Nink","DH",0.286,0.397,0.449,0.846,20,58,49,5,14,2,0,2,18,0,9,12,0,0,0.18,0.227,0.213,0.44,23,67,61,1,11,2,0,0,1,1,3,19,0,0,0.106,0,0
"Grace Gressly","C",0.283,0.37,0.4,0.77,21,74,60,2,17,5,1,0,8,1,9,4,0,0,0.35,0.487,0.45,0.937,21,78,60,3,21,3,0,1,11,2,15,7,2,0,-0.067,0,0
"MaKayla Rice","LF",0.283,0.367,0.415,0.782,16,61,53,13,15,0,2,1,4,1,6,14,5,1,0.362,0.383,0.448,0.832,17,63,58,6,21,1,2,0,4,0,2,10,1,0,-0.079,0,0
"Adison Hicks","2B",0.283,0.407,0.348,0.755,20,62,46,9,13,0,0,1,8,1,10,8,10,1,0.246,0.324,0.344,0.668,22,72,61,14,15,1,1,1,5,0,7,9,9,0,0.037,0,0
"Kayla Skapyak","CF",0.282,0.317,0.282,0.599,16,44,39,2,11,0,0,0,1,0,2,4,2,2,0.211,0.286,0.237,0.523,17,43,38,5,8,1,0,0,1,0,4,5,0,0,0.071,0,0
"Erin Lee","2B",0.281,0.395,0.281,0.676,16,38,32,3,9,0,0,0,5,2,4,8,1,0,0.256,0.36,0.372,0.732,18,50,43,2,11,2,0,1,7,1,6,10,0,0,0.025,0,0
"Alexa Davis","CF",0.28,0.321,0.54,0.861,17,54,50,14,14,4,0,3,5,1,2,5,2,0,0.125,0.18,0.196,0.377,19,61,56,6,7,2,1,0,4,1,3,9,1,0,0.155,0,0
"Bailey Broemmer","RF",0.278,0.381,0.417,0.798,17,42,36,6,10,2,0,1,4,2,4,11,1,1,0.256,0.326,0.462,0.787,18,43,39,7,10,2,0,2,8,2,2,7,4,0,0.022,0,0
"Brooke Voss","SS",0.278,0.355,0.481,0.836,20,62,54,11,15,5,0,2,6,1,6,14,0,0,0.222,0.286,0.381,0.667,22,70,63,7,14,1,0,3,9,3,3,10,2,3,0.056,0,0
"Emma Barnes","RF",0.277,0.397,0.369,0.767,21,78,65,11,18,3,0,1,7,0,13,7,2,0,0.378,0.566,0.432,0.998,17,53,37,6,14,2,0,0,2,3,13,2,1,0,-0.101,0,0
"Sidney Jones","1B",0.273,0.344,0.418,0.762,19,61,55,13,15,2,0,2,10,3,3,7,1,0,0.333,0.403,0.455,0.857,22,78,66,10,22,4,2,0,14,3,6,9,1,0,-0.06,0,0
"Natalie Bush","3B",0.273,0.333,0.455,0.788,16,36,33,4,9,3,0,1,3,0,3,4,0,0,0.15,0.19,0.35,0.54,11,21,20,2,3,1,0,1,1,0,1,8,0,0,0.123,0,0
"Abby Robakowski","3B",0.27,0.341,0.324,0.666,14,41,37,0,10,2,0,0,3,0,4,13,0,0,0.268,0.348,0.463,0.811,14,46,41,4,11,2,0,2,5,0,5,7,1,0,0.002,0,0
"Emma Crowley","C",0.263,0.333,0.395,0.728,13,43,38,4,10,2,0,1,5,0,4,3,1,0,0.143,0.172,0.232,0.405,22,60,56,4,8,2,0,1,3,0,2,4,2,0,0.12,0,0
"Kennedy Shade","SS",0.263,0.333,0.605,0.939,14,42,38,6,10,1,0,4,14,0,4,10,1,0,0.295,0.348,0.344,0.693,19,66,61,6,18,3,0,0,8,2,3,5,3,0,-0.032,0,0
"Jess Willsey","2B",0.263,0.308,0.386,0.694,20,65,57,7,15,4,0,1,7,0,5,9,0,0,0.297,0.297,0.473,0.77,23,74,74,6,22,4,0,3,12,0,0,11,2,0,-0.034,0,0
"Baie Ensio","CF",0.262,0.367,0.286,0.653,15,50,42,4,11,1,0,0,4,1,6,10,0,1,0.319,0.355,0.431,0.786,21,76,72,15,23,2,3,0,7,0,4,8,4,1,-0.057,0,0
"Elizabeth Warwick","LF",0.26,0.391,0.5,0.891,19,65,50,12,13,6,0,2,11,1,11,8,1,0,0.324,0.424,0.549,0.973,22,85,71,19,23,10,0,2,15,3,10,14,1,0,-0.064,0,0
"Kate Lappe","3B",0.26,0.391,0.42,0.811,18,64,50,8,13,2,0,2,13,0,12,14,0,0,0.301,0.376,0.534,0.911,23,85,73,14,22,3,1,4,13,0,10,25,1,0,-0.041,0,0
"Lily Fischer","3B",0.259,0.431,0.315,0.745,20,72,54,8,14,0,0,1,2,4,13,1,2,0,0.275,0.367,0.362,0.729,22,80,69,5,19,1,1,1,7,1,9,2,2,0,-0.016,0,0
"Rylie Hamilton","3B",0.259,0.349,0.333,0.683,19,63,54,11,14,1,0,1,8,2,6,9,1,0,0.235,0.342,0.397,0.739,22,80,68,13,16,2,0,3,12,2,9,12,2,0,0.024,0,0
"Addie Lightner","1B",0.255,0.269,0.451,0.72,16,53,51,5,13,1,0,3,9,0,1,7,0,0,0.246,0.254,0.298,0.552,18,61,57,3,14,0,0,1,10,0,1,6,0,0,0.00900000000000001,0,0
"Addison McElrath","DP",0.255,0.328,0.549,0.877,18,58,51,4,13,3,0,4,13,1,5,7,0,0,0.254,0.284,0.46,0.744,22,67,63,3,16,5,1,2,11,0,3,20,0,0,0.001,0,0
"Kayleigh White","1B",0.255,0.317,0.382,0.698,20,62,55,3,14,3,2,0,8,1,4,8,0,0,0.286,0.318,0.413,0.731,20,68,63,5,18,2,0,2,12,1,2,12,0,0,-0.031,0,0
"Savanna Jemilo","C",0.25,0.375,0.375,0.75,15,40,32,3,8,1,0,1,8,0,7,8,0,0,0.162,0.326,0.216,0.542,18,46,37,3,6,0,1,0,1,0,9,17,0,0,0.088,0,0
"Emily Cockrill","2B",0.246,0.294,0.311,0.606,21,69,61,5,15,4,0,0,11,3,2,3,3,1,0.264,0.289,0.417,0.706,21,76,72,8,19,3,1,2,17,1,2,7,3,1,-0.018,0,0
"Kelsie Lewis","2B",0.243,0.37,0.324,0.694,17,47,37,6,9,1,1,0,4,1,7,9,0,0,0.14,0.219,0.246,0.464,25,69,57,6,8,1,1,1,7,0,6,19,3,1,0.103,0,0
"Haylee Lehman","CF",0.242,0.306,0.242,0.548,15,36,33,3,8,0,0,0,0,1,2,6,2,0,0.158,0.273,0.158,0.431,16,45,38,3,6,0,0,0,2,0,6,8,1,0,0.084,0,0
"Regi Hecker","RF",0.241,0.293,0.278,0.571,17,58,54,1,13,2,0,0,5,1,3,15,0,0,0.354,0.392,0.542,0.934,17,51,48,4,17,0,0,3,10,0,3,10,1,0,-0.113,0,0
"Destiny Lewis","2B",0.239,0.3,0.478,0.778,16,50,46,5,11,2,0,3,12,0,4,14,0,0,0.353,0.436,0.618,1.054,13,39,34,5,12,1,1,2,6,1,4,5,1,1,-0.114,0,0
"Kayden Krug","LF",0.235,0.316,0.294,0.61,15,38,34,4,8,2,0,0,1,1,3,8,0,0,0.219,0.306,0.25,0.556,16,36,32,2,7,1,0,0,0,0,4,9,0,1,0.016,0,0
"Hannah Hood","3B",0.224,0.339,0.286,0.625,20,59,49,5,11,3,0,0,5,1,8,8,2,1,0.294,0.448,0.373,0.82,23,69,51,10,15,4,0,0,6,4,11,6,4,0,-0.07,0,0
"Kierston McCoy","3B",0.222,0.311,0.389,0.7,20,63,54,8,12,0,0,3,7,2,5,3,1,0,0.264,0.291,0.375,0.666,23,79,72,10,19,2,0,2,8,1,3,4,1,0,-0.042,0,0
"Carlee Jo Clark","DP",0.214,0.25,0.238,0.488,13,46,42,4,9,1,0,0,2,0,2,6,0,0,0.259,0.31,0.37,0.681,25,87,81,8,21,1,1,2,8,1,5,19,2,0,-0.045,0,0
"Taylor Howe","C",0.209,0.306,0.302,0.608,19,50,43,2,9,4,0,0,3,0,6,10,0,0,0.257,0.333,0.286,0.619,15,39,35,3,9,1,0,0,4,0,4,4,1,0,-0.048,0,0
"Rylinn Groff","C",0.207,0.378,0.207,0.585,14,38,29,3,6,0,0,0,2,6,2,2,3,0,0.156,0.268,0.188,0.456,17,44,32,5,5,1,0,0,5,2,4,4,0,0,0.051,0,0
"Lexi Szostak","1B",0.205,0.3,0.25,0.55,16,52,44,1,9,0,1,0,2,1,5,6,0,0,0.161,0.212,0.194,0.406,14,34,31,0,5,1,0,0,3,0,2,9,0,0,0.044,0,0
"Maddie Hobby","CF",0.205,0.255,0.205,0.46,20,49,44,4,9,0,0,0,0,0,3,13,3,1,0.212,0.317,0.212,0.528,22,61,52,7,11,0,0,0,0,0,8,6,6,1,-0.00700000000000001,0,0
"Jojo Santiago","2B",0.2,0.273,0.3,0.573,13,25,20,1,4,2,0,0,4,0,2,4,0,0,0.113,0.158,0.113,0.271,24,59,53,0,6,0,0,0,2,0,3,8,3,0,0.087,0,0
"Grace Fleming","CF",0.2,0.263,0.286,0.549,13,40,35,7,7,0,0,1,5,0,3,7,1,0,0.111,0.152,0.127,0.278,23,70,63,4,7,1,0,0,4,0,3,7,0,0,0.089,0,0
"Kenzie Derryberry","SS",0.194,0.25,0.194,0.444,16,40,36,3,7,0,0,0,2,1,2,6,1,0,0.182,0.229,0.333,0.562,26,76,66,7,12,4,0,2,6,1,3,16,0,1,0.012,0,0
"Abby Martin","SS",0.189,0.218,0.358,0.577,16,56,53,7,10,3,0,2,10,0,2,9,2,0,0.314,0.426,0.451,0.877,18,61,51,15,16,2,1,1,9,1,9,8,1,0,-0.125,0,0
"Addie Welsh","SS",0.184,0.262,0.289,0.551,20,46,38,6,7,2,1,0,6,1,3,10,1,0,0.255,0.328,0.382,0.71,21,61,55,8,14,4,0,1,1,2,4,7,5,0,-0.071,0,0
"Addison Masching","LF",0.172,0.226,0.241,0.467,11,33,29,5,5,2,0,0,5,0,2,3,0,0,0.357,0.4,0.548,0.948,18,45,42,7,15,2,0,2,6,1,2,7,1,0,-0.185,0,0
"Ellie McCoy","CF",0.171,0.333,0.171,0.504,17,54,41,8,7,0,0,0,3,5,5,3,1,0,0.238,0.36,0.238,0.598,24,78,63,16,15,0,0,0,2,9,3,11,6,1,-0.067,0,0
"Abbott Badgley","DP",0.17,0.298,0.277,0.575,18,58,47,3,8,5,0,0,9,3,6,10,0,0,0.269,0.387,0.5,0.887,19,64,52,5,14,3,0,3,14,4,6,11,0,0,-0.099,0,0
"Ashley Breeding","2B",0.17,0.264,0.255,0.519,20,54,47,8,8,0,2,0,2,1,5,8,0,1,0.203,0.264,0.266,0.53,23,72,64,6,13,1,0,1,8,1,5,17,0,0,-0.033,0,0
"Tori Meyer","CF",0.161,0.284,0.214,0.498,20,69,56,3,9,3,0,0,4,3,7,10,1,0,0.289,0.322,0.422,0.744,23,89,83,11,24,6,1,1,10,0,4,6,1,0,-0.128,0,0
"Kam Utendorf","SS",0.147,0.256,0.176,0.433,11,39,34,2,5,1,0,0,1,0,5,6,2,1,0.343,0.425,0.343,0.768,15,41,35,6,12,0,0,0,1,0,5,2,0,1,-0.196,0,0
"Erin Lackey","LF",0.12,0.214,0.14,0.354,20,59,50,2,6,1,0,0,3,0,6,8,1,0,0.267,0.373,0.4,0.773,22,75,60,9,16,3,1,1,6,5,7,6,2,2,-0.147,0,0
"Kimberli Rodas","3B",0.113,0.175,0.132,0.308,17,58,53,1,6,1,0,0,3,0,4,16,0,0,0.275,0.408,0.35,0.758,17,49,40,2,11,0,0,1,4,1,8,2,0,0,-0.162,0,0
"Danielle Henning","LF",0.108,0.132,0.108,0.24,14,39,37,4,4,0,0,0,0,0,1,5,0,0,0.231,0.25,0.308,0.558,19,68,65,7,15,2,0,1,9,0,2,5,1,0,-0.123,0,0
"Lyna Vasquez","C",0.038,0.138,0.038,0.176,14,29,26,3,1,0,0,0,0,0,3,16,0,0,0.1,0.182,0.133,0.315,17,35,30,1,3,1,0,0,0,0,3,15,0,0,-0.062,0,0
"Abby Bumcrot","2B",0.514,0.575,0.543,1.118,15,43,35,4,18,1,0,0,5,0,5,1,1,0,0.207,0.273,0.241,0.514,27,72,58,11,12,2,0,0,8,3,3,10,1,1,0.307,0,0
"Gabby Herrera","RF",0.5,0.52,1.159,1.679,15,50,44,13,22,5,0,8,22,1,3,8,1,0,0.348,0.421,0.712,1.133,20,76,66,16,23,3,0,7,23,1,8,13,2,0,0.152,0,0
"Molly Gates","LF",0.475,0.536,0.627,1.163,20,69,59,19,28,6,0,1,19,1,8,2,5,1,0.283,0.34,0.413,0.753,15,50,46,6,13,1,1,1,7,2,2,7,0,0,0.192,0,0
"Peyton Allen","2B",0.452,0.541,1,1.541,20,75,62,32,28,6,2,8,36,4,8,2,3,0,0.279,0.392,0.581,0.974,15,51,43,8,12,5,1,2,13,0,8,2,0,0,0.173,0,0
"Chelie Senini","CF",0.444,0.483,0.556,1.038,16,59,54,18,24,1,1,1,7,0,4,4,15,0,0.346,0.407,0.372,0.779,20,86,78,17,27,2,0,0,2,0,8,8,7,2,0.098,0,0
"Aaliyah Jenkins","C",0.436,0.477,1,1.477,15,44,39,15,17,7,0,5,11,0,4,4,4,1,0.369,0.438,0.615,1.054,20,73,65,16,24,2,1,4,13,1,7,13,7,1,0.067,0,0
"Grace Matej","C",0.432,0.432,0.568,1,13,44,44,10,19,0,0,2,6,0,0,3,0,0,0.391,0.403,0.594,0.997,20,72,69,15,27,3,1,3,15,0,2,13,0,0,0.041,0,0
"Ashley York","CF",0.429,0.494,0.671,1.165,20,79,70,29,30,8,0,3,18,0,9,4,5,0,0.362,0.434,0.511,0.945,15,54,47,11,17,2,1,1,2,0,6,3,2,0,0.067,0,0
"Skyler Shaw","RF",0.426,0.481,0.596,1.077,18,60,47,14,20,2,3,0,7,1,5,7,5,1,0.273,0.304,0.273,0.577,15,46,44,7,12,0,0,0,1,0,2,12,4,1,0.153,0,0
"Maya Matsubara","SS",0.424,0.553,0.831,1.383,20,76,59,27,25,7,4,3,17,3,14,5,8,0,0.298,0.37,0.426,0.796,15,54,47,10,14,3,0,1,9,0,6,7,0,0,0.126,0,0
"Ariel Fifita","SS",0.415,0.478,0.756,1.234,13,47,41,10,17,2,0,4,8,2,3,2,2,1,0.307,0.404,0.4,0.804,23,90,75,14,23,2,1,1,7,5,8,5,2,2,0.108,0,0
"Ariana Martinez","1B",0.413,0.526,0.773,1.3,24,95,75,24,31,7,1,6,28,2,17,4,0,0,0.367,0.446,0.571,1.018,15,56,49,8,18,5,1,1,13,0,7,3,0,0,0.046,0,0
"Rachael Hathoot","SS",0.412,0.464,0.51,0.974,15,60,51,13,21,0,1,1,5,2,3,4,3,0,0.363,0.395,0.438,0.833,26,89,80,16,29,3,0,1,6,2,3,5,2,0,0.049,0,0
"Sophie Medellin","1B",0.412,0.5,0.608,1.108,32,118,97,29,40,10,0,3,19,6,12,8,1,2,0.311,0.392,0.556,0.948,13,52,45,8,14,3,1,2,10,5,1,9,1,0,0.101,0,0
"Brooke Bohlender","C",0.41,0.413,0.623,1.036,20,63,61,13,25,6,2,1,12,1,0,7,0,0,0.238,0.25,0.262,0.512,14,44,42,2,10,1,0,0,2,0,1,6,0,0,0.172,0,0
"Kya Pratt","RF",0.393,0.414,0.714,1.128,13,31,28,2,11,3,0,2,7,0,1,3,2,0,0.145,0.197,0.161,0.358,23,67,62,5,9,1,0,0,9,1,3,6,1,0,0.248,0,0
"Natalie Elias","RF",0.383,0.4,0.411,0.811,30,111,107,18,41,3,0,0,9,0,3,6,3,2,0.304,0.319,0.304,0.623,13,50,46,7,14,0,0,0,2,0,1,3,3,0,0.079,0,0
"Giselle Gonzalez","1B",0.382,0.421,0.559,0.98,13,38,34,3,13,0,0,2,12,1,2,9,0,0,0.338,0.373,0.632,1.006,23,75,68,8,23,5,0,5,17,0,5,8,0,0,0.044,0,0
"Bridgette Gilliano","2B",0.38,0.4,0.52,0.92,16,56,50,11,19,2,1,1,12,0,3,3,5,0,0.319,0.382,0.493,0.874,20,76,69,15,22,3,0,3,15,1,6,6,6,0,0.061,0,0
"Sydney Groves","1B",0.378,0.491,0.933,1.424,15,55,45,12,17,1,0,8,23,1,9,6,0,0,0.269,0.414,0.577,0.991,29,99,78,12,21,3,0,7,20,1,19,18,0,0,0.109,0,0
"Keyannah Chavez","LF",0.375,0.5,0.85,1.35,15,52,40,14,15,0,2,5,11,2,9,3,0,0,0.327,0.397,0.491,0.888,21,65,55,7,18,2,2,1,7,1,6,5,0,1,0.048,0,0
"Sofia Morales","LF",0.37,0.405,0.438,0.843,24,82,73,13,27,1,2,0,9,0,5,7,1,1,0.367,0.429,0.408,0.837,17,61,49,8,18,2,0,0,6,1,5,2,2,0,0.003,0,0
"Sophia Knight","CF",0.37,0.452,0.519,0.97,16,62,54,18,20,3,1,1,7,0,8,7,4,0,0.411,0.442,0.429,0.87,30,121,112,21,46,2,0,0,9,0,7,16,10,1,-0.041,0,0
"Maddie Schmidt","SS",0.361,0.43,0.482,0.912,24,96,83,19,30,4,3,0,13,0,10,16,5,0,0.345,0.397,0.379,0.776,17,64,58,13,20,2,0,0,3,0,5,5,5,0,0.016,0,0
"Claudia Medina","2B",0.36,0.429,0.56,0.989,13,28,25,7,9,2,0,1,5,1,2,3,0,1,0.104,0.173,0.104,0.277,21,55,48,5,5,0,0,0,1,1,3,6,0,2,0.256,0,0
"Jesse Farrell","C",0.36,0.417,0.76,1.177,24,85,75,19,27,7,1,7,31,0,8,9,1,0,0.333,0.459,0.583,1.042,17,61,48,10,16,3,0,3,8,2,10,9,1,1,0.027,0,0
"Jordyn Hutchins","LF",0.359,0.519,0.615,1.135,15,53,39,15,14,1,0,3,8,1,12,4,0,0,0.3,0.367,0.5,0.867,27,90,80,12,24,8,1,2,17,1,8,11,0,0,0.059,0,0
"McKenzie Barbara","1B",0.357,0.455,0.661,1.115,20,66,56,10,20,3,1,4,18,0,10,9,1,0,0.417,0.551,0.85,1.401,19,78,60,17,25,5,0,7,20,0,18,7,1,0,-0.06,0,0
"Alycia Flores","DH",0.354,0.392,0.625,1.017,16,51,48,13,17,1,0,4,13,1,2,4,0,0,0.321,0.369,0.526,0.895,28,84,78,13,25,8,1,2,18,2,4,8,1,1,0.033,0,0
"Keahilele Mattson","LF",0.354,0.448,0.535,0.984,32,117,99,19,35,8,2,2,17,3,14,11,0,1,0.268,0.412,0.293,0.704,13,51,41,6,11,1,0,0,2,2,8,1,0,0,0.086,0,0
"Reina Zermeno","2B",0.333,0.394,0.5,0.894,20,71,60,12,20,1,3,1,15,0,8,1,0,0,0.455,0.538,0.886,1.425,17,52,44,12,20,4,0,5,16,2,6,3,2,0,-0.122,0,0
"Kennedy Bunker","C",0.33,0.374,0.407,0.78,32,100,91,5,30,4,0,1,13,4,3,8,0,0,0.385,0.467,0.59,1.056,13,46,39,4,15,2,0,2,8,3,3,8,0,0,-0.055,0,0
"Danielle Serna","3B",0.327,0.493,0.635,1.128,20,73,52,11,17,5,1,3,13,10,9,5,0,0,0.255,0.3,0.468,0.768,15,51,47,8,12,4,0,2,6,1,2,8,0,0,0.072,0,0
"Chloe Yeatts","C",0.326,0.354,0.696,1.05,15,49,46,7,15,2,0,5,9,0,2,11,0,0,0.209,0.247,0.433,0.679,25,74,67,4,14,3,0,4,17,3,1,14,0,0,0.117,0,0
"Katherine Brunner","DP",0.324,0.368,0.441,0.81,13,39,34,2,11,1,0,1,7,0,3,3,0,0,0.154,0.182,0.25,0.432,24,55,52,1,8,2,0,1,5,1,1,12,0,0,0.17,0,0
"Aubrie Thomas","CF",0.32,0.435,0.42,0.855,19,69,50,14,16,3,1,0,6,1,10,6,4,1,0.292,0.333,0.542,0.875,16,51,48,11,14,1,1,3,13,1,2,11,2,0,0.028,0,0
"Marisa Bowman","2B",0.311,0.353,0.422,0.775,20,54,45,12,14,5,0,0,10,0,4,6,1,0,0.184,0.273,0.342,0.615,15,45,38,7,7,3,0,1,4,1,4,7,0,0,0.127,0,0
"Alyssa Trejo","1B",0.309,0.42,0.509,0.929,22,72,55,7,17,3,1,2,16,2,10,7,0,0,0.362,0.483,0.596,1.079,16,58,47,5,17,2,0,3,16,2,9,9,0,0,-0.053,0,0
"Hollie Farmer","3B",0.308,0.4,0.462,0.862,16,45,39,11,12,3,0,1,5,2,4,7,1,1,0.307,0.371,0.489,0.86,30,99,88,19,27,5,1,3,17,3,6,17,0,0,0.001,0,0
"Shay McDowell","1B",0.306,0.323,0.339,0.662,20,66,62,9,19,0,1,0,14,0,2,7,1,0,0.146,0.186,0.22,0.406,16,43,41,3,6,0,0,1,3,0,2,10,0,0,0.16,0,0
"Ali Ashner","LF",0.303,0.324,0.576,0.899,13,35,33,7,10,3,0,2,5,0,1,7,0,0,0.346,0.485,0.365,0.85,23,67,52,9,18,1,0,0,5,0,14,9,0,0,-0.043,0,0
"Janyssa Martin","CF",0.302,0.489,0.46,0.949,24,89,63,17,19,1,0,3,8,5,19,6,1,0,0.26,0.377,0.44,0.817,17,64,50,10,13,1,1,2,11,4,6,4,0,0,0.042,0,0
"Ashley Archuleta","2B",0.3,0.364,0.425,0.789,14,44,40,3,12,2,0,1,7,2,2,7,0,0,0.18,0.227,0.295,0.522,23,66,61,9,11,4,0,1,7,0,4,12,2,0,0.12,0,0
"Elizabeth Baylor","RF",0.3,0.333,0.4,0.733,13,33,30,3,9,1,1,0,5,0,2,5,1,0,0.22,0.25,0.3,0.55,22,52,50,6,11,1,0,1,2,0,2,8,0,0,0.08,0,0
"Mykenzie Hanna","RF",0.298,0.365,0.702,1.068,15,53,47,11,14,1,0,6,14,1,4,5,0,0,0.211,0.324,0.478,0.802,30,107,90,18,19,3,0,7,18,4,11,22,0,0,0.087,0,0
"Haley Painter","3B",0.295,0.466,0.75,1.216,16,58,44,12,13,2,0,6,13,8,6,11,0,0,0.352,0.446,0.704,1.15,20,83,71,17,25,5,1,6,13,6,6,13,1,0,-0.057,0,0
"Katie Goldberg","3B",0.294,0.379,0.353,0.732,20,59,51,6,15,3,0,0,4,0,7,7,1,0,0.31,0.408,0.431,0.839,19,72,58,10,18,4,0,1,15,1,10,6,0,0,-0.016,0,0
"Jailey Wilson","1B",0.293,0.396,0.415,0.81,15,48,41,8,12,0,1,1,10,1,6,9,1,0,0.333,0.368,0.667,1.035,13,38,36,5,12,1,1,3,10,0,2,7,1,1,-0.04,0,0
"Ashley Rico","RF",0.288,0.339,0.404,0.743,17,56,52,6,15,3,0,1,4,0,4,6,0,0,0.342,0.432,0.5,0.932,14,44,38,3,13,1,1,1,6,0,6,6,0,0,-0.054,0,0
"Juliana Wilson","RF",0.286,0.444,0.494,0.938,32,102,77,6,22,2,4,2,15,4,18,10,0,1,0.316,0.435,0.632,1.066,13,46,38,8,12,1,1,3,8,0,8,7,0,0,-0.03,0,0
"Maile Olsen","SS",0.286,0.311,0.667,0.978,16,45,42,9,12,2,1,4,13,0,2,14,1,1,0.281,0.313,0.516,0.829,20,68,64,9,18,3,0,4,14,1,2,5,1,0,0.00499999999999995,0,0
"Kelsie Kelso","3B",0.283,0.368,0.433,0.801,22,69,60,12,17,3,0,2,10,2,6,7,0,0,0.22,0.288,0.28,0.568,17,61,50,5,11,0,0,1,11,0,6,10,0,0,0.063,0,0
"Jaden Colunga","DP",0.281,0.343,0.625,0.968,13,35,32,5,9,0,1,3,10,0,3,4,0,0,0.323,0.362,0.477,0.839,22,70,65,5,21,3,2,1,11,2,2,9,0,0,-0.042,0,0
"Emma Martinez","2B",0.277,0.362,0.386,0.747,32,103,83,9,23,3,3,0,15,5,6,12,6,1,0.25,0.298,0.409,0.707,13,47,44,8,11,2,1,1,8,1,2,4,0,1,0.027,0,0
"DeNae Vasquez-Dickson","CF",0.277,0.333,0.468,0.801,15,55,47,7,13,3,0,2,6,2,2,8,0,1,0.2,0.238,0.283,0.521,24,72,60,9,12,2,0,1,6,0,3,9,4,1,0.077,0,0
"Micaela Macario","SS",0.275,0.393,0.294,0.688,19,62,51,15,14,1,0,0,1,1,9,6,10,1,0.27,0.356,0.333,0.689,19,74,63,15,17,2,1,0,5,1,8,9,7,0,0.005,0,0
"Cali Decker","C",0.265,0.377,0.449,0.826,20,62,49,6,13,1,1,2,11,3,7,9,1,0,0.306,0.377,0.419,0.796,18,72,62,6,19,5,1,0,7,0,7,7,0,0,-0.041,0,0
"Macey Keester","CF",0.261,0.261,0.304,0.565,18,46,46,3,12,2,0,0,4,0,0,3,6,2,0.256,0.319,0.279,0.598,17,48,43,8,11,1,0,0,4,1,3,4,3,1,0.005,0,0
"Makena Brocki","2B",0.259,0.293,0.315,0.608,20,58,54,4,14,3,0,0,6,0,3,7,2,0,0.293,0.348,0.397,0.745,19,69,58,7,17,6,0,0,9,0,6,6,1,1,-0.034,0,0
"Lauren Almeida","SS",0.258,0.307,0.366,0.673,32,104,93,3,24,3,2,1,14,2,5,6,0,0,0.302,0.304,0.372,0.676,13,47,43,1,13,3,0,0,5,0,1,2,0,0,-0.044,0,0
"Alex Bunton","3B",0.258,0.41,0.323,0.733,13,41,31,4,8,2,0,0,3,1,7,3,0,0,0.265,0.346,0.5,0.846,23,82,68,10,18,4,0,4,11,2,7,17,0,0,-0.00700000000000001,0,0
"Kealani Nitta","DH",0.253,0.284,0.313,0.597,31,92,83,12,21,3,1,0,5,0,4,8,2,1,0.341,0.341,0.415,0.756,11,41,41,4,14,1,1,0,1,0,0,1,1,0,-0.088,0,0
"Korie Thomas","3B",0.25,0.326,0.3,0.626,18,48,40,3,10,2,0,0,6,0,5,4,0,0,0.195,0.277,0.22,0.496,17,48,41,5,8,1,0,0,1,0,5,8,0,0,0.055,0,0
"Brooklynn Pettis","C",0.25,0.436,0.5,0.936,13,39,28,8,7,1,0,2,8,0,10,10,2,0,0.24,0.356,0.38,0.736,23,59,50,5,12,1,0,2,8,1,8,10,0,0,0.01,0,0
"Charli Hawkins","C",0.231,0.302,0.256,0.559,15,43,39,2,9,1,0,0,9,0,4,7,0,0,0.255,0.295,0.491,0.786,20,61,55,5,14,7,0,2,10,0,4,4,0,0,-0.024,0,0
"Emma Bramson","1B",0.222,0.234,0.244,0.478,15,48,45,5,10,1,0,0,4,1,0,4,1,0,0.174,0.219,0.203,0.422,26,74,69,5,12,0,1,0,2,1,3,4,3,0,0.048,0,0
"Ahmiya Noriega","SS",0.212,0.293,0.365,0.658,19,58,52,10,11,2,3,0,6,0,6,7,0,0,0.386,0.383,0.591,0.974,17,48,44,8,17,4,1,1,10,0,1,7,3,0,-0.174,0,0
"Angie Yellen","RF",0.2,0.293,0.314,0.607,17,42,35,4,7,1,0,1,4,1,4,10,0,0,0.333,0.447,0.385,0.831,18,47,39,10,13,2,0,0,7,1,7,3,2,2,-0.133,0,0
"Leah McAnally","C",0.194,0.231,0.417,0.647,14,40,36,4,7,2,0,2,12,1,1,4,0,0,0.299,0.405,0.507,0.913,27,80,67,8,20,5,0,3,13,1,11,9,0,0,-0.105,0,0
"Alyssa Garcia","DP",0.19,0.3,0.286,0.586,17,50,42,2,8,1,0,1,10,1,6,9,0,0,0.365,0.45,0.481,0.931,18,60,52,4,19,3,0,1,9,5,3,12,0,0,-0.175,0,0
"Tatum Silva","CF",0.184,0.244,0.263,0.507,13,43,38,7,7,0,0,1,1,1,2,13,2,0,0.393,0.424,0.446,0.87,19,60,56,8,22,3,0,0,5,1,2,9,2,1,-0.209,0,0
"Taryn Jenkins","1B",0.173,0.189,0.288,0.477,16,53,52,9,9,1,1,1,5,0,1,11,4,0,0.388,0.447,0.821,1.268,20,76,67,20,26,8,0,7,29,2,6,8,3,2,-0.215,0,0
"Sydney Carithers","3B",0.152,0.243,0.152,0.395,15,39,33,1,5,0,0,0,1,1,3,6,0,0,0.174,0.296,0.174,0.47,24,56,46,4,8,0,0,0,3,3,5,8,2,1,-0.022,0,0
"Bella Espinoza","LF",0.133,0.204,0.133,0.337,20,52,45,6,6,0,0,0,0,0,4,6,1,2,0.316,0.381,0.316,0.697,16,43,38,6,12,0,0,0,2,0,4,7,4,0,-0.183,0,0
"AJ Murphy","1B",0.107,0.103,0.214,0.318,14,32,28,2,3,0,0,1,3,0,0,5,0,0,0.342,0.366,0.605,0.971,15,42,38,6,13,4,0,2,14,0,2,3,1,0,-0.235,0,0
"Ashley Orischak","2B",0.543,0.61,1.029,1.638,15,41,35,14,19,6,1,3,11,5,1,4,4,0,0.341,0.556,0.61,1.165,23,63,41,14,14,1,2,2,10,15,6,5,7,1,0.202,0,0
"Olivia Ulam","1B",0.46,0.5,0.74,1.24,16,56,50,15,23,5,0,3,24,0,5,5,3,0,0.346,0.395,0.577,0.972,23,86,78,20,27,10,1,2,20,0,7,14,4,0,0.114,0,0
"Dallas Andrews","RF",0.429,0.456,0.492,0.948,18,68,63,15,27,2,1,0,10,0,4,5,3,0,0.29,0.328,0.323,0.651,17,68,62,4,18,2,0,0,6,0,4,3,3,1,0.139,0,0
"Kaylie Walters","SS",0.389,0.6,0.389,0.989,16,55,36,17,14,0,0,0,3,0,19,11,12,0,0.246,0.366,0.246,0.612,23,85,69,15,17,0,0,0,2,0,13,19,10,2,0.143,0,0
"Harper Sullivan","1B",0.381,0.422,0.524,0.946,17,45,42,6,16,3,0,1,8,0,3,4,0,0,0.31,0.355,0.345,0.7,24,63,58,2,18,2,0,0,5,1,3,6,0,0,0.071,0,0
"Cierra Bender","2B",0.38,0.405,0.521,0.927,23,82,71,8,27,8,1,0,16,1,2,8,1,1,0.21,0.286,0.306,0.592,20,70,62,11,13,3,0,1,4,3,4,12,1,1,0.17,0,0
"Alyssa Dybacz","RF",0.377,0.435,0.607,1.041,18,69,61,15,23,3,4,1,5,0,7,5,1,1,0.35,0.368,0.513,0.88,24,87,80,15,28,4,0,3,16,1,3,11,1,1,0.027,0,0
"Sam Kowalski","P",0.364,0.377,0.455,0.831,21,69,66,9,24,3,0,1,14,0,2,3,0,0,0.27,0.281,0.286,0.567,20,64,63,3,17,1,0,0,5,0,1,10,0,0,0.094,0,0
"Lexi Her--dez","3B",0.356,0.362,0.756,1.117,14,47,45,8,16,3,0,5,15,0,1,5,1,0,0.25,0.297,0.456,0.753,22,74,68,10,17,5,0,3,15,0,5,10,1,0,0.106,0,0
"KC Machado","2B",0.356,0.418,0.695,1.113,21,67,59,9,21,8,0,4,13,1,6,14,0,0,0.236,0.3,0.545,0.845,18,60,55,8,13,2,0,5,15,0,5,19,0,0,0.12,0,0
"Frankie Larobardiere","3B",0.354,0.456,0.583,1.039,18,58,48,5,17,5,0,2,11,1,8,8,0,0,0.233,0.403,0.367,0.769,24,78,60,3,14,2,0,2,11,1,16,17,0,0,0.121,0,0
"Paige Stringer","3B",0.353,0.387,0.721,1.107,22,75,68,15,24,1,0,8,21,2,3,17,0,0,0.338,0.416,0.559,0.974,22,77,68,14,23,3,0,4,16,0,9,18,1,0,0.015,0,0
"Courtney Lanpher","SS",0.347,0.377,0.51,0.888,14,54,49,13,17,3,1,1,6,1,2,12,6,0,0.282,0.347,0.435,0.783,28,96,85,16,24,6,2,1,9,6,3,11,8,2,0.065,0,0
"Rachel Marsden","P",0.343,0.41,0.829,1.239,13,39,35,7,12,2,0,5,12,1,3,13,1,0,0.345,0.381,0.569,0.95,20,64,58,15,20,2,1,3,13,0,4,8,2,0,-0.00199999999999995,0,0
"Carly Koltko","1B",0.343,0.408,0.597,1.005,23,76,67,9,23,5,0,4,17,1,7,4,0,0,0.333,0.394,0.55,0.944,20,66,60,5,20,4,0,3,9,2,4,4,1,0,0.01,0,0
"Shannon Conte","DP",0.342,0.468,0.605,1.073,15,47,38,7,13,4,0,2,8,0,9,6,0,0,0.257,0.353,0.378,0.731,26,85,74,6,19,4,1,1,12,4,7,15,0,0,0.085,0,0
"Ellen Hubbard","RF",0.341,0.44,0.415,0.855,13,50,41,3,14,3,0,0,5,0,8,5,0,0,0.329,0.402,0.378,0.78,26,92,82,13,27,4,0,0,6,1,9,10,1,1,0.012,0,0
"Gabby Padilla","3B",0.333,0.429,0.458,0.887,18,61,48,5,16,6,0,0,8,1,7,3,0,0,0.31,0.365,0.414,0.779,17,64,58,9,18,3,0,1,7,2,3,10,1,0,0.023,0,0
"Jenna Mowad","3B",0.333,0.446,0.481,0.928,23,66,54,12,18,2,0,2,8,1,10,8,6,0,0.24,0.367,0.3,0.667,20,60,50,5,12,0,0,1,4,1,9,19,2,1,0.093,0,0
"Ashley Wruble","LF",0.319,0.439,0.489,0.928,16,58,47,14,15,2,0,2,7,2,8,6,4,1,0.292,0.384,0.389,0.773,23,86,72,14,21,5,1,0,12,1,11,7,5,1,0.027,0,0
"Savannah Nash","CF",0.319,0.373,0.532,0.904,15,52,47,11,15,1,0,3,15,2,2,9,4,0,0.351,0.415,0.595,1.009,23,83,74,22,26,4,1,4,18,0,8,10,7,3,-0.032,0,0
"Lily Hinkle","LF",0.313,0.382,0.417,0.798,17,61,48,9,15,5,0,0,8,1,5,6,1,0,0.298,0.393,0.383,0.776,16,60,47,6,14,4,0,0,5,0,8,2,4,1,0.015,0,0
"Mckenzie Bergdoll","1B",0.309,0.361,0.473,0.833,18,61,55,4,17,3,0,2,11,0,5,8,0,0,0.234,0.28,0.351,0.631,24,83,77,7,18,3,0,2,5,1,4,10,0,0,0.075,0,0
"Ava Cino","SS",0.306,0.348,0.532,0.881,22,67,62,6,19,5,0,3,14,0,4,7,1,0,0.375,0.406,0.531,0.937,20,69,64,8,24,4,0,2,13,0,4,5,0,0,-0.069,0,0
"Audrey Benderski","DP",0.3,0.364,0.54,0.904,18,56,50,6,15,4,1,2,7,0,5,17,0,0,0.203,0.36,0.322,0.682,24,77,59,4,12,1,0,2,8,0,15,10,0,0,0.097,0,0
"Charlene Davis","C",0.295,0.34,0.364,0.704,22,51,44,5,13,3,0,0,5,0,3,3,0,0,0.256,0.373,0.326,0.698,18,54,43,2,11,3,0,0,1,6,2,3,1,0,0.039,0,0
"May Dawes","RF",0.292,0.452,0.333,0.785,13,31,24,3,7,1,0,0,3,0,7,0,0,0,0.22,0.281,0.237,0.519,23,69,59,3,13,1,0,0,5,0,5,11,0,0,0.072,0,0
"Mari Narvaiz","2B",0.273,0.298,0.545,0.843,16,48,44,6,12,4,1,2,8,0,2,7,0,0,0.106,0.17,0.149,0.319,17,53,47,4,5,2,0,0,1,0,4,13,2,0,0.167,0,0
"Erika Barela","RF",0.273,0.351,0.455,0.806,16,38,33,5,9,0,0,2,4,0,4,6,0,2,0.255,0.373,0.418,0.791,22,68,55,5,14,6,0,1,6,3,8,6,2,0,0.018,0,0
"Madison Cerpa","CF",0.267,0.377,0.489,0.866,14,53,45,6,12,4,0,2,10,1,7,9,3,0,0.253,0.322,0.544,0.867,27,90,79,13,20,5,0,6,21,3,6,10,3,0,0.014,0,0
"Meg Gorman","CF",0.262,0.351,0.4,0.751,22,75,65,18,17,3,0,2,3,2,7,11,1,2,0.309,0.392,0.471,0.863,21,80,68,17,21,8,0,1,14,6,4,4,3,2,-0.047,0,0
"Ayden Stone","1B",0.256,0.275,0.538,0.813,16,41,39,6,10,2,0,3,5,0,1,8,1,0,0.417,0.444,0.617,1.061,20,63,60,5,25,4,1,2,13,1,2,6,0,0,-0.161,0,0
"Emily Carroll","LF",0.25,0.308,0.306,0.613,23,79,72,14,18,4,0,0,2,2,4,8,0,0,0.235,0.257,0.324,0.581,20,70,68,6,16,3,0,1,10,1,1,11,3,0,0.015,0,0
"Dominique Rinaldi","SS",0.246,0.267,0.263,0.53,18,64,57,7,14,1,0,0,7,1,1,5,0,0,0.275,0.342,0.304,0.646,24,82,69,5,19,2,0,0,7,1,6,10,1,0,-0.029,0,0
"Megan Berg","2B",0.243,0.317,0.351,0.668,15,42,37,5,9,1,0,1,4,0,4,13,1,1,0.231,0.306,0.308,0.613,24,75,65,9,15,3,1,0,8,0,7,7,1,0,0.012,0,0
"Hayden Salter","RF",0.24,0.321,0.28,0.601,14,29,25,1,6,1,0,0,2,0,3,7,1,0,0.125,0.222,0.2,0.422,18,46,40,2,5,0,0,1,2,1,4,16,0,0,0.115,0,0
"Justine Carranza","2B",0.233,0.314,0.233,0.548,12,37,30,0,7,0,0,0,2,1,3,4,0,0,0.304,0.45,0.348,0.798,18,60,46,5,14,2,0,0,6,3,10,10,0,0,-0.071,0,0
"Victoria LoPinto","CF",0.232,0.337,0.507,0.845,23,83,69,14,16,3,2,4,13,0,12,13,0,4,0.258,0.343,0.5,0.843,20,72,62,12,16,2,2,3,8,0,8,17,1,0,-0.026,0,0
"Sydney Nesci","CF",0.231,0.245,0.25,0.495,17,53,52,6,12,1,0,0,4,0,1,10,0,0,0.268,0.288,0.479,0.767,24,75,71,13,19,6,0,3,13,0,2,19,0,0,-0.037,0,0
"Andreya Flores","C",0.222,0.353,0.333,0.686,13,34,27,1,6,0,0,1,3,3,3,7,0,0,0.106,0.25,0.17,0.42,19,57,47,3,5,0,0,1,4,1,8,8,0,0,0.116,0,0
"Chloe Kelly","SS",0.22,0.289,0.341,0.63,16,49,41,10,9,2,0,1,3,2,2,7,4,0,0.293,0.369,0.31,0.68,25,69,58,7,17,1,0,0,5,3,4,17,1,0,-0.073,0,0
"Nicole Henke","SS",0.215,0.243,0.308,0.551,23,70,65,8,14,3,0,1,10,0,3,10,0,0,0.17,0.214,0.208,0.422,20,56,53,3,9,2,0,0,1,0,3,16,0,0,0.045,0,0
"Sydney Chargualaf","C",0.214,0.267,0.25,0.517,10,30,28,0,6,1,0,0,1,0,2,8,0,0,0.37,0.383,0.63,1.013,18,47,46,4,17,3,0,3,9,0,1,4,0,0,-0.156,0,0
"Alexia Castro","SS",0.204,0.218,0.278,0.496,18,55,54,4,11,1,0,1,6,0,1,5,0,0,0.3,0.435,0.4,0.835,17,64,50,7,15,5,0,0,7,0,12,4,1,1,-0.096,0,0
"Haleigh Reed","3B",0.2,0.304,0.225,0.529,15,46,40,2,8,1,0,0,3,1,5,6,0,0,0.241,0.286,0.241,0.526,27,84,79,1,19,0,0,0,2,1,4,9,0,0,-0.041,0,0
"Reagan Vunak","C",0.196,0.351,0.37,0.72,19,58,46,12,9,2,0,2,4,0,11,10,0,0,0.24,0.345,0.36,0.705,18,60,50,9,12,3,0,1,8,0,8,11,0,0,-0.044,0,0
"Angela Costa","3B",0.185,0.214,0.185,0.399,13,28,27,3,5,0,0,0,4,0,1,9,0,0,0.182,0.27,0.291,0.561,23,64,55,6,10,0,0,2,8,0,7,15,0,0,0.003,0,0
"Sydney Samuel","3B",0.182,0.289,0.182,0.471,12,38,33,2,6,0,0,0,0,2,3,8,1,0,0.273,0.344,0.364,0.708,19,61,55,6,15,2,0,1,8,2,4,15,1,0,-0.091,0,0
"Gabby Kaduson","C",0.172,0.368,0.276,0.644,12,38,29,0,5,1,1,0,3,2,7,9,0,0,0.224,0.286,0.293,0.579,22,66,58,2,13,1,0,1,2,2,3,15,2,0,-0.052,0,0
"Samantha Tran","CF",0.167,0.286,0.25,0.536,12,42,36,3,6,1,1,0,0,2,4,7,1,1,0.268,0.302,0.317,0.619,23,86,82,7,22,2,1,0,3,1,3,13,5,1,-0.101,0,0
"Jordyn Dulken","RF",0.167,0.242,0.167,0.409,12,33,30,1,5,0,0,0,1,0,3,4,1,0,0.289,0.418,0.311,0.729,18,55,45,9,13,1,0,0,5,1,9,4,2,2,-0.122,0,0
"Sydnie Trujillo","3B",0.152,0.243,0.152,0.395,12,37,33,3,5,0,0,0,3,0,4,13,1,0,0.297,0.352,0.391,0.743,22,71,64,8,19,4,1,0,10,1,5,9,3,0,-0.145,0,0
"Natalie Bottiglieri","CF",0.15,0.227,0.2,0.427,14,44,40,6,6,2,0,0,2,0,4,8,0,1,0.316,0.373,0.329,0.702,26,89,76,11,24,1,0,0,9,0,7,9,7,1,-0.166,0,0
"Payton Janicki","SS",0.139,0.205,0.167,0.372,12,39,36,4,5,1,0,0,2,0,3,11,0,0,0.276,0.329,0.408,0.737,23,83,76,12,21,4,0,2,14,0,6,8,11,0,-0.137,0,0
"Piper Hofmann","LF",0.133,0.161,0.267,0.428,14,34,30,5,4,1,0,1,4,1,0,12,1,1,0.293,0.341,0.341,0.682,19,50,41,9,12,2,0,0,3,0,3,9,4,0,-0.16,0,0
"Lea Rachal","LF",0.125,0.267,0.125,0.392,9,30,24,4,3,0,0,0,3,0,5,5,1,1,0.317,0.358,0.444,0.803,19,68,63,11,20,2,3,0,3,2,2,8,6,1,-0.192,0,0
"Isabella Therrien","C",0.108,0.154,0.243,0.397,16,39,37,3,4,0,1,1,3,0,2,5,1,0,0.22,0.292,0.322,0.614,23,65,59,7,13,3,0,1,4,0,6,9,1,3,-0.112,0,0
"Ashlyn Desaulniers","LF",0.098,0.13,0.118,0.247,18,54,51,2,5,1,0,0,3,1,1,13,1,0,0.226,0.269,0.355,0.623,20,67,62,7,14,2,0,2,6,1,3,10,1,0,-0.128,0,0
"Anna Henderson","C",0.446,0.441,0.464,0.905,21,59,56,4,25,1,0,0,7,0,1,5,0,1,0.229,0.257,0.286,0.542,21,76,70,3,16,1,0,1,10,0,3,5,0,0,0.217,0,0
"Abigail Rickermann","2B",0.444,0.483,0.519,1.001,18,58,54,11,24,4,0,0,6,0,4,2,7,0,0.349,0.44,0.372,0.812,17,51,43,11,15,1,0,0,2,2,5,2,4,0,0.095,0,0
"Rachel Kaufman","1B",0.44,0.5,0.68,1.18,15,56,50,13,22,3,0,3,14,2,4,1,1,0,0.282,0.366,0.423,0.789,24,93,78,12,22,5,0,2,15,0,12,10,3,0,0.158,0,0
"Sydney Dennis","SS",0.432,0.45,0.486,0.936,17,41,37,10,16,2,0,0,5,0,2,3,2,2,0.18,0.255,0.22,0.475,20,56,50,9,9,2,0,0,3,0,5,6,1,1,0.252,0,0
"Lexi Fair","1B",0.419,0.537,0.484,1.02,12,41,31,2,13,2,0,0,8,4,5,1,0,0,0.364,0.444,0.6,1.044,18,65,55,7,20,8,1,1,12,3,5,3,0,0,0.055,0,0
"Carmen Betts","3B",0.405,0.491,0.738,1.229,15,53,42,9,17,4,2,2,12,2,7,5,0,0,0.369,0.436,0.508,0.944,20,78,65,11,24,4,1,1,21,0,10,4,0,0,0.036,0,0
"Paige Rocha","SS",0.4,0.424,0.563,0.986,22,85,80,18,32,9,2,0,12,0,4,9,4,3,0.453,0.506,0.68,1.186,21,83,75,22,34,11,0,2,8,1,7,12,2,1,-0.053,0,0
"Emma Henderson","1B",0.386,0.426,0.591,1.016,16,47,44,7,17,4,1,1,11,1,2,7,1,0,0.25,0.3,0.432,0.732,17,50,44,5,11,2,0,2,6,0,4,8,0,0,0.136,0,0
"Paige Halliwill","CF",0.377,0.453,0.698,1.151,18,64,53,18,20,5,3,2,13,0,9,4,8,1,0.333,0.386,0.429,0.814,21,72,63,13,21,0,0,2,7,2,4,6,5,0,0.044,0,0
"Briana Gonzalez","SS",0.371,0.452,0.6,1.052,15,44,35,6,13,2,0,2,10,2,4,5,1,0,0.274,0.337,0.507,0.844,24,83,73,13,20,2,0,5,18,1,7,9,3,0,0.097,0,0
"Laila Armstrong","RF",0.368,0.403,0.426,0.829,19,72,68,10,25,2,1,0,8,1,3,10,4,0,0.222,0.279,0.286,0.565,19,69,63,12,14,0,2,0,6,1,4,7,1,1,0.146,0,0
"Mackenzie Bedrick","CF",0.361,0.439,0.361,0.8,12,41,36,7,13,0,0,0,1,0,5,1,6,1,0.175,0.224,0.175,0.398,18,69,63,5,11,0,0,0,0,1,3,9,2,2,0.186,0,0
"Kaci Fuller","LF",0.359,0.419,0.484,0.903,21,75,64,20,23,3,1,1,14,0,8,7,9,0,0.463,0.513,0.597,1.11,19,76,67,12,31,3,3,0,15,1,7,6,9,1,-0.104,0,0
"Alli Robinson","2B",0.356,0.444,0.556,1,18,57,45,8,16,3,0,2,10,2,6,7,2,0,0.204,0.412,0.286,0.697,19,68,49,7,10,4,0,0,4,4,14,6,0,0,0.152,0,0
"Nahtali Simpson","SS",0.351,0.424,0.596,1.021,19,66,57,15,20,3,1,3,12,1,7,15,0,0,0.313,0.45,0.458,0.908,19,60,48,10,15,4,0,1,7,2,10,11,2,1,0.038,0,0
"Malia Robertson","CF",0.351,0.385,0.378,0.763,11,39,37,7,13,1,0,0,1,0,2,8,7,0,0.261,0.261,0.375,0.636,27,88,88,11,23,5,1,1,11,0,0,9,10,1,0.09,0,0
"Darlene Montoya","CF",0.351,0.457,0.622,1.078,14,46,37,9,13,1,0,3,9,4,4,4,2,0,0.136,0.164,0.186,0.35,20,61,59,5,8,3,0,0,0,0,2,17,4,0,0.215,0,0
"Katie Dreiling","1B",0.35,0.394,0.5,0.894,21,66,60,9,21,3,0,2,11,0,5,5,0,0,0.338,0.389,0.462,0.85,19,72,65,4,22,5,0,1,12,0,6,12,0,0,0.012,0,0
"Jordan Key","LF",0.344,0.364,0.375,0.739,12,34,32,0,11,1,0,0,3,0,1,0,0,0,0.195,0.214,0.22,0.434,15,42,41,3,8,1,0,0,0,0,1,4,1,0,0.149,0,0
"Aryn Henke","C",0.344,0.447,0.375,0.822,14,40,32,8,11,1,0,0,6,1,5,6,3,2,0.182,0.368,0.227,0.596,22,61,44,12,8,2,0,0,9,0,13,10,0,1,0.162,0,0
"Rylee Boone","RF",0.343,0.41,0.371,0.782,12,39,35,5,12,1,0,0,1,0,4,8,3,1,0.281,0.293,0.281,0.574,20,58,57,6,16,0,0,0,0,0,1,9,4,1,0.062,0,0
"Dallis Darnell","2B",0.342,0.39,0.447,0.838,14,41,38,9,13,4,0,0,7,0,3,5,4,1,0.153,0.197,0.181,0.378,25,78,72,10,11,2,0,0,1,0,4,7,2,0,0.189,0,0
"Caroline Stapleton","RF",0.341,0.372,0.366,0.738,12,43,41,8,14,1,0,0,4,1,1,6,2,0,0.293,0.339,0.362,0.701,18,63,58,11,17,2,1,0,0,0,4,13,1,0,0.048,0,0
"Lauryn Yslava","RF",0.338,0.373,0.493,0.866,22,77,71,10,24,7,2,0,12,2,2,4,6,0,0.302,0.378,0.492,0.87,21,74,63,12,19,3,0,3,12,4,5,5,4,0,0.036,0,0
"Marissa Peek","C",0.333,0.333,0.738,1.071,17,46,42,7,14,5,0,4,17,0,1,8,0,0,0.286,0.367,0.595,0.963,18,49,42,9,12,4,0,3,11,0,6,7,0,0,0.047,0,0
"Anna Blanton","RF",0.333,0.333,0.333,0.667,17,42,42,11,14,0,0,0,6,0,0,9,4,0,0.268,0.286,0.317,0.603,14,42,41,5,11,0,1,0,3,0,1,6,4,0,0.065,0,0
"Kat Sackett","C",0.326,0.362,0.535,0.897,15,47,43,6,14,3,0,2,10,1,2,7,0,0,0.3,0.364,0.48,0.844,20,55,50,10,15,6,0,1,11,0,5,6,3,0,0.026,0,0
"Valerie Combs","C",0.324,0.381,0.568,0.949,13,43,37,13,12,7,1,0,6,0,4,4,0,1,0.188,0.23,0.29,0.52,25,75,69,5,13,2,1,1,9,2,2,12,6,0,0.136,0,0
"Sydney Kirby","1B",0.324,0.35,0.514,0.864,12,40,37,4,12,4,0,1,11,0,2,7,0,0,0.311,0.377,0.508,0.885,18,69,61,6,19,6,0,2,17,1,6,7,2,1,0.013,0,0
"Gabriela Drager","2B",0.321,0.355,0.321,0.676,11,32,28,3,9,0,0,0,4,1,1,2,1,0,0.26,0.296,0.32,0.616,21,55,50,4,13,3,0,0,5,2,1,8,2,0,0.061,0,0
"Sophia Sanchez","SS",0.318,0.36,0.364,0.724,9,26,22,1,7,1,0,0,4,1,1,3,1,0,0.235,0.278,0.279,0.557,25,72,68,10,16,3,0,0,3,0,4,9,3,1,0.083,0,0
"Jenna Herron","LF",0.315,0.354,0.384,0.738,22,83,73,12,23,5,0,0,10,0,5,7,4,0,0.323,0.384,0.431,0.814,21,78,65,13,21,7,0,0,9,0,7,6,3,0,-0.00800000000000001,0,0
"Sammie Kihega","C",0.31,0.459,0.448,0.908,12,38,29,3,9,1,0,1,10,1,7,2,1,0,0.364,0.446,0.691,1.137,18,65,55,10,20,9,0,3,13,1,8,8,0,0,-0.054,0,0
"Aubrie Shore","1B",0.31,0.349,0.483,0.832,19,63,58,10,18,7,0,1,8,1,3,9,0,0,0.339,0.406,0.441,0.846,21,69,59,6,20,6,0,0,9,0,8,9,1,1,-0.029,0,0
"Bella Alvarez","1B",0.308,0.4,0.462,0.862,13,46,39,6,12,6,0,0,9,0,6,8,1,0,0.303,0.369,0.408,0.777,27,84,76,6,23,5,0,1,13,3,5,14,0,0,0.005,0,0
"Anayah Baker-Rowell","3B",0.306,0.338,0.468,0.806,19,66,62,7,19,6,2,0,9,0,3,5,0,0,0.218,0.302,0.291,0.592,19,66,55,7,12,2,1,0,6,0,7,11,0,0,0.088,0,0
"Kendall Grover","3B",0.302,0.362,0.453,0.815,15,58,53,13,16,2,0,2,11,2,3,6,2,2,0.393,0.454,0.774,1.227,24,97,84,22,33,12,1,6,29,3,8,2,10,1,-0.091,0,0
"Hailey Gotshall","2B",0.3,0.31,0.4,0.71,12,42,40,3,12,1,0,1,4,1,0,4,0,0,0.3,0.328,0.45,0.778,18,66,60,4,18,7,1,0,6,0,3,13,0,0,0,0,0
"Taikibrea Campbell","RF",0.3,0.344,0.433,0.777,11,33,30,3,9,4,0,0,7,1,1,8,0,0,0.154,0.214,0.179,0.394,16,42,39,0,6,1,0,0,2,1,2,18,1,0,0.146,0,0
"Ella Bishop","SS",0.293,0.341,0.317,0.658,14,44,41,7,12,1,0,0,0,0,3,3,1,1,0.207,0.258,0.207,0.465,18,63,58,7,12,0,0,0,4,0,4,8,1,0,0.086,0,0
"Trinity Spear","CF",0.29,0.333,0.387,0.72,10,33,31,3,9,1,1,0,4,0,2,13,3,0,0.161,0.213,0.25,0.463,21,61,56,4,9,0,1,1,1,0,4,26,2,2,0.129,0,0
"Kendra Lewis","1B",0.289,0.4,0.316,0.716,14,46,38,6,11,1,0,0,3,0,7,10,2,0,0.224,0.333,0.286,0.619,21,57,49,3,11,3,0,0,2,0,8,24,0,1,0.065,0,0
"Jadin Justman","DP",0.286,0.392,0.452,0.845,15,51,42,7,12,1,0,2,6,1,7,2,0,0,0.352,0.461,0.592,1.052,24,90,71,12,25,5,0,4,16,2,14,4,0,0,-0.066,0,0
"Sofia Carroll","RF",0.282,0.364,0.41,0.774,15,45,39,5,11,3,1,0,6,1,4,1,0,0,0.286,0.362,0.381,0.743,14,48,42,4,12,4,0,0,7,0,5,2,2,0,-0.004,0,0
"Ilencia Lightbody","C",0.281,0.361,0.563,0.924,12,37,32,6,9,3,0,2,7,0,4,7,1,0,0.227,0.346,0.364,0.71,20,55,44,8,10,3,0,1,5,1,7,17,6,1,0.054,0,0
"Irelynn West","LF",0.28,0.333,0.46,0.793,17,54,50,5,14,2,2,1,4,1,3,5,1,1,0.278,0.342,0.333,0.675,24,80,72,13,20,4,0,0,13,0,7,11,6,2,0.002,0,0
"Kaytlyn Cripps","C",0.273,0.286,0.333,0.619,12,35,33,2,9,2,0,0,1,0,1,3,0,0,0.128,0.128,0.234,0.362,16,47,47,5,6,2,0,1,6,0,0,6,1,0,0.145,0,0
"Madisen Noll","SS",0.273,0.313,0.477,0.79,17,51,44,10,12,1,1,2,6,0,3,6,1,1,0.18,0.242,0.197,0.439,23,70,61,4,11,1,0,0,5,1,4,14,1,1,0.093,0,0
"Kennedy Brown","3B",0.268,0.328,0.286,0.614,20,61,56,8,15,1,0,0,4,0,5,14,7,0,0.185,0.241,0.259,0.501,18,59,54,6,10,0,2,0,4,0,4,17,2,0,0.083,0,0
"Sam Cervantes","SS",0.268,0.333,0.439,0.772,14,45,41,6,11,1,0,2,7,0,4,7,2,1,0.171,0.234,0.171,0.405,18,48,41,2,7,0,0,0,3,0,4,11,1,0,0.097,0,0
"Tatum Gerwitz","RF",0.267,0.267,0.3,0.567,14,32,30,3,8,1,0,0,2,0,0,4,3,1,0.233,0.303,0.267,0.57,17,35,30,3,7,1,0,0,5,0,3,5,4,0,0.034,0,0
"Mackenzie Fitzgerald","2B",0.263,0.276,0.263,0.539,15,58,57,11,15,0,0,0,5,1,0,4,10,0,0.372,0.402,0.449,0.851,20,82,78,27,29,4,1,0,3,0,4,7,21,0,-0.109,0,0
"Ryla Traylor","DP",0.259,0.295,0.397,0.692,19,61,58,10,15,2,3,0,8,0,3,10,0,0,0.23,0.288,0.246,0.534,19,66,61,8,14,1,0,0,7,2,3,12,1,0,0.029,0,0
"Megan Leonard","LF",0.257,0.25,0.343,0.593,13,37,35,3,9,3,0,0,7,0,0,1,1,1,0.235,0.25,0.275,0.525,23,53,51,4,12,2,0,0,6,0,1,2,3,0,0.022,0,0
"Peyton Jordan","2B",0.256,0.267,0.326,0.592,14,47,43,5,11,1,1,0,3,0,1,1,3,0,0.293,0.293,0.448,0.741,20,59,58,6,17,4,1,1,7,0,0,9,3,0,-0.037,0,0
"Karson Davey","CF",0.256,0.326,0.282,0.608,15,49,39,7,10,1,0,0,6,0,4,4,4,0,0.342,0.359,0.411,0.77,23,83,73,13,25,5,0,0,8,0,3,2,8,2,-0.086,0,0
"Alexis Woods","2B",0.256,0.347,0.279,0.626,18,52,43,8,11,1,0,0,5,0,6,8,3,1,0.22,0.316,0.22,0.536,19,59,50,11,11,0,0,0,0,0,7,9,5,0,0.036,0,0
"Brittany Affolter","LF",0.255,0.3,0.255,0.555,18,50,47,6,12,0,0,0,5,0,3,7,1,2,0.319,0.373,0.34,0.713,19,52,47,7,15,1,0,0,9,1,3,10,3,0,-0.064,0,0
"Onnika Spencer","C",0.255,0.304,0.392,0.696,17,57,51,7,13,4,0,1,10,0,4,10,0,0,0.354,0.404,0.625,1.029,16,52,48,7,17,4,0,3,12,0,4,10,1,0,-0.099,0,0
"Kynzie Wrigley","3B",0.243,0.333,0.405,0.739,17,42,37,4,9,1,1,1,6,1,4,8,0,0,0.22,0.231,0.26,0.491,19,53,50,6,11,2,0,0,5,0,1,7,1,1,0.023,0,0
"Grace Lueke","3B",0.238,0.36,0.333,0.693,22,76,63,9,15,3,0,1,8,1,11,10,1,0,0.418,0.494,0.537,1.031,21,77,67,10,28,5,0,1,16,0,10,5,1,0,-0.18,0,0
"Danielle Shuey","CF",0.238,0.304,0.262,0.566,19,48,42,9,10,1,0,0,2,1,3,4,1,1,0.184,0.22,0.184,0.404,17,44,38,6,7,0,0,0,2,0,2,7,2,0,0.054,0,0
"Chloe Honchar","3B",0.233,0.327,0.302,0.629,16,50,43,5,10,1,1,0,2,3,3,8,3,1,0.283,0.394,0.333,0.728,22,73,60,8,17,1,1,0,6,7,4,6,3,2,-0.05,0,0
"Jasmine Blackburn","CF",0.231,0.268,0.308,0.576,19,56,52,9,12,0,2,0,6,0,3,8,2,0,0.271,0.309,0.313,0.622,19,57,48,7,13,0,1,0,7,1,3,9,1,0,-0.04,0,0
"Peyton Fointno","1B",0.229,0.345,0.292,0.636,19,61,48,11,11,3,0,0,7,0,9,10,0,0,0.094,0.186,0.113,0.3,19,62,53,5,5,1,0,0,6,2,4,7,0,0,0.135,0,0
"McKenzie Oslanzi","P",0.226,0.366,0.258,0.624,14,41,31,3,7,1,0,0,5,1,7,8,0,0,0.311,0.386,0.525,0.91,22,70,61,6,19,4,0,3,19,2,6,14,0,0,-0.085,0,0
"Abby Shoulders","CF",0.224,0.222,0.224,0.447,15,55,49,6,11,0,0,0,6,0,1,3,7,0,0.328,0.431,0.426,0.857,20,78,61,16,20,3,0,1,14,2,9,3,15,3,-0.104,0,0
"Tori Hatton","1B",0.217,0.315,0.239,0.554,17,56,46,1,10,1,0,0,7,1,6,4,0,0,0.227,0.284,0.293,0.577,25,82,75,5,17,2,0,1,7,0,6,11,0,0,-0.01,0,0
"Maddi Long","C",0.214,0.277,0.333,0.61,19,47,42,4,9,2,0,1,5,0,4,5,0,0,0.265,0.288,0.306,0.595,16,52,49,2,13,2,0,0,10,0,2,7,0,0,-0.051,0,0
"Sela Pickford","3B",0.214,0.25,0.262,0.512,14,47,42,7,9,2,0,0,2,0,2,6,5,0,0.2,0.234,0.3,0.534,21,66,60,5,12,4,1,0,6,0,3,9,3,0,0.014,0,0
"Morgan Gersch","C",0.207,0.343,0.241,0.584,15,37,29,3,6,1,0,0,0,1,5,4,3,0,0.2,0.263,0.229,0.492,19,39,35,3,7,1,0,0,1,0,3,8,0,0,0.00699999999999998,0,0
"Mya Bethany","CF",0.2,0.321,0.267,0.587,17,57,45,9,9,1,1,0,3,1,7,9,6,0,0.313,0.396,0.35,0.746,25,91,80,8,25,3,0,0,9,0,11,9,4,2,-0.113,0,0
"Avry Blume","CF",0.173,0.259,0.269,0.528,21,59,52,14,9,0,1,1,4,1,5,12,7,0,0.31,0.354,0.414,0.768,18,66,58,10,18,6,0,0,9,0,5,4,3,1,-0.137,0,0
"Marama Makea","2B",0.172,0.226,0.172,0.398,13,33,29,6,5,0,0,0,2,1,1,8,2,0,0.277,0.393,0.34,0.733,21,60,47,12,13,3,0,0,2,3,6,9,3,1,-0.105,0,0
"Kaylynn Salyars","2B",0.16,0.222,0.18,0.402,22,57,50,6,8,1,0,0,5,1,3,9,2,1,0.136,0.208,0.182,0.39,20,51,44,4,6,2,0,0,2,0,4,7,1,0,0.024,0,0
"Kennedy Nalley","LF",0,0.12,0,0.12,11,26,22,3,0,0,0,0,0,0,3,2,0,0,0.282,0.349,0.41,0.759,15,44,39,4,11,2,0,1,4,0,4,4,1,2,-0.282,0,0
"Maya Brady","SS",0.515,0.585,0.955,1.54,23,82,66,26,34,8,0,7,31,3,11,4,2,1,0.404,0.5,0.788,1.288,17,66,52,19,21,2,0,6,20,4,8,10,5,0,0.111,1,0
"Abby Dayton","CF",0.51,0.612,0.804,1.416,20,67,51,16,26,5,5,0,9,0,15,0,6,0,0.327,0.431,0.347,0.778,16,59,49,9,16,1,0,0,8,1,8,8,2,0,0.183,0,0
"Tatum Anzaldo","3B",0.479,0.525,0.761,1.286,22,82,71,22,34,8,0,4,16,0,8,4,9,4,0.345,0.406,0.362,0.768,16,64,58,10,20,1,0,0,1,0,6,8,5,1,0.134,0,0
"Kailee Luschar","LF",0.452,0.5,0.5,1,18,69,62,20,28,1,1,0,7,1,5,3,10,3,0.288,0.323,0.339,0.662,16,63,59,12,17,1,1,0,2,0,3,4,6,1,0.164,0,0
"Regan Shockey","CF",0.442,0.463,0.442,0.905,31,109,104,25,46,0,0,0,14,0,4,11,6,1,0.355,0.38,0.382,0.761,20,79,76,14,27,2,0,0,10,0,3,12,1,0,0.087,0,0
"Kaylah Nelsen","1B",0.429,0.441,0.54,0.981,20,69,63,4,27,4,0,1,13,0,3,1,0,0,0.365,0.421,0.462,0.883,16,57,52,7,19,5,0,0,11,0,5,2,2,0,0.064,0,0
"Haley Denning","LF",0.419,0.438,0.516,0.954,20,67,62,14,26,2,2,0,6,0,2,3,5,4,0.345,0.367,0.379,0.746,16,60,58,12,20,2,0,0,5,1,1,5,2,2,0.074,0,0
"Dakota Kennedy","LF",0.406,0.504,0.656,1.161,31,119,96,28,39,6,0,6,13,1,19,11,4,2,0.368,0.532,0.632,1.164,20,78,57,16,21,3,0,4,15,0,20,6,2,0,0.038,0,0
"Tanya Windle","RF",0.394,0.42,0.521,0.941,31,100,94,18,37,7,1,1,18,2,3,6,7,0,0.341,0.372,0.415,0.787,15,44,41,5,14,3,0,0,7,1,1,4,2,1,0.053,0,0
"Emily Schepp","C",0.394,0.436,0.676,1.112,27,79,71,15,28,6,1,4,20,2,4,6,1,1,0.213,0.246,0.328,0.574,19,65,61,4,13,1,0,2,4,1,2,6,0,0,0.181,0,0
"Jadelyn Allchin","LF",0.391,0.455,0.594,1.048,23,79,64,19,25,1,3,2,20,6,4,5,5,0,0.283,0.302,0.417,0.718,17,64,60,11,17,2,0,2,4,0,2,8,4,0,0.108,1,0
"Ariel Carlson","RF",0.379,0.418,0.776,1.194,18,67,58,17,22,5,0,6,17,0,6,17,8,1,0.34,0.435,0.755,1.19,16,62,53,11,18,4,0,6,18,1,8,9,4,1,0.039,0,0
"Carlie Scupin","1B",0.378,0.464,0.678,1.142,31,112,90,14,34,3,0,8,35,7,11,18,0,0,0.311,0.394,0.574,0.968,20,71,61,8,19,4,0,4,18,2,7,13,0,0,0.067,0,0
"Mika Lee","CF",0.366,0.386,0.61,0.996,18,44,41,11,15,5,1,1,7,0,2,8,0,0,0.318,0.333,0.636,0.97,14,45,44,7,14,2,0,4,7,1,0,4,3,1,0.048,0,0
"Alyssa Daniell","1B",0.364,0.367,0.709,1.076,18,62,55,14,20,5,1,4,18,0,2,6,1,0,0.231,0.31,0.423,0.733,16,58,52,7,12,4,0,2,11,2,4,8,2,0,0.133,0,0
"Emily Jones","CF",0.364,0.394,0.477,0.871,32,97,88,12,32,5,1,1,12,0,5,7,7,0,0.307,0.346,0.373,0.719,23,83,75,16,23,2,0,1,9,1,4,8,5,0,0.057,1,0
"Rylee Holtorf","SS",0.362,0.415,0.766,1.181,15,53,47,11,17,3,2,4,11,1,4,5,3,1,0.327,0.417,0.692,1.109,15,60,52,14,17,4,0,5,8,0,8,8,1,0,0.035,0,0
"Kelsey Hall","CF",0.351,0.448,0.532,0.98,34,116,94,24,33,7,2,2,13,5,14,23,4,1,0.333,0.404,0.622,1.026,15,52,45,12,15,1,0,4,6,1,5,8,3,0,0.018,0,0
"Kayla Lissy","3B",0.347,0.423,0.6,1.023,34,111,95,23,33,7,4,3,17,3,11,20,11,0,0.205,0.265,0.25,0.515,15,49,44,4,9,2,0,0,3,1,3,10,3,0,0.142,0,0
"Olivia DiNardo","DP",0.341,0.42,0.741,1.161,30,100,85,15,29,4,0,10,25,0,13,17,0,0,0.2,0.3,0.32,0.62,18,60,50,4,10,0,0,2,6,0,8,5,0,1,0.141,0,0
"Sharlize Palacios","C",0.339,0.443,0.768,1.211,23,70,56,11,19,1,1,7,30,1,11,7,0,0,0.391,0.533,0.891,1.425,17,60,46,10,18,2,0,7,16,1,13,10,0,0,-0.052,1,0
"Emma Kauf","C",0.333,0.346,0.529,0.876,17,52,51,7,17,4,0,2,8,0,1,3,0,1,0.288,0.362,0.442,0.804,16,58,52,9,15,2,0,2,8,2,4,7,3,2,0.045,0,0
"Kinsey Fiedler","3B",0.333,0.404,0.548,0.952,15,47,42,10,14,3,0,2,7,1,4,12,3,1,0.286,0.434,0.548,0.982,15,54,42,9,12,2,0,3,6,1,10,8,1,2,0.047,0,0
"Lagi Quiroga","C",0.333,0.394,0.746,1.14,22,74,63,13,21,2,0,8,11,0,7,10,3,1,0.278,0.322,0.667,0.989,17,61,54,8,15,3,0,6,12,0,4,7,1,0,0.055,0,0
"Alesia Denby","SS",0.33,0.447,0.813,1.261,34,114,91,25,30,7,2,11,28,7,14,19,3,1,0.171,0.293,0.257,0.55,15,42,35,1,6,0,0,1,5,2,4,10,1,0,0.159,0,0
"Aliya Belarde","2B",0.328,0.366,0.453,0.819,20,71,64,15,21,3,1,1,6,0,5,5,3,1,0.315,0.393,0.407,0.801,16,62,54,12,17,0,1,1,6,0,7,3,4,0,0.013,0,0
"Sophie Jacquez","DH",0.325,0.383,0.45,0.833,17,47,40,2,13,3,1,0,18,0,5,1,0,1,0.256,0.293,0.308,0.6,14,41,39,2,10,2,0,0,6,0,2,3,0,0,0.069,0,0
"Kaiah Altmeyer","RF",0.318,0.418,0.568,0.986,22,55,44,15,14,2,0,3,17,0,9,5,4,0,0.327,0.389,0.51,0.899,18,54,49,9,16,1,1,2,5,0,5,2,1,0,-0.00900000000000001,0,0
"Tianna Bell","1B",0.318,0.387,0.636,1.023,22,75,66,8,21,3,0,6,17,2,6,19,1,0,0.292,0.382,0.458,0.84,17,56,48,6,14,2,0,2,6,1,6,7,0,2,0.026,0,0
"Taryn Kern","2B",0.314,0.487,0.535,1.022,32,115,86,18,27,5,1,4,16,8,21,23,2,0,0.274,0.495,0.613,1.107,23,91,62,22,17,4,4,3,14,7,21,17,1,0,0.04,1,0
"Janelle Meono","CF",0.313,0.5,0.313,0.813,19,45,32,19,10,0,0,0,0,1,11,2,1,0,0.205,0.262,0.231,0.493,17,48,39,7,8,1,0,0,0,0,3,6,1,0,0.108,1,0
"Acacia Anders","SS",0.313,0.382,0.627,1.008,22,76,67,11,21,5,2,4,16,2,6,11,1,0,0.327,0.422,0.509,0.931,17,64,55,10,18,4,0,2,7,3,6,8,0,0,-0.014,0,0
"Olivia Johnson","C",0.313,0.405,0.438,0.843,15,42,32,4,10,1,0,1,6,0,5,6,0,0,0.316,0.4,0.579,0.979,13,45,38,8,12,1,0,3,9,0,6,10,0,0,-0.003,0,0
"Paige Doerr","LF",0.313,0.371,0.406,0.778,12,36,32,2,10,0,0,1,3,1,2,6,1,1,0.17,0.228,0.189,0.417,18,58,53,6,9,1,0,0,1,1,3,9,0,0,0.143,0,0
"Grace Messmer","3B",0.306,0.39,0.472,0.862,13,43,36,2,11,4,1,0,6,0,5,7,1,0,0.25,0.343,0.333,0.676,20,70,60,7,15,5,0,0,3,0,9,8,0,0,0.056,0,0
"KK Humphreys","2B",0.306,0.352,0.551,0.903,18,55,49,10,15,0,0,4,14,0,4,9,5,0,0.3,0.417,0.475,0.892,16,48,40,11,12,1,0,2,7,1,7,5,2,2,0.00600000000000001,0,0
"Elon Butler","2B",0.302,0.375,0.619,0.994,22,74,63,13,19,5,0,5,10,0,8,16,0,1,0.347,0.421,0.837,1.258,17,58,49,12,17,3,0,7,16,2,5,11,1,0,-0.045,0,0
"Jordan Woolery","1B",0.302,0.38,0.54,0.92,23,71,63,7,19,4,1,3,14,2,6,9,0,0,0.278,0.381,0.519,0.899,17,63,54,6,15,1,0,4,9,2,7,8,0,0,0.024,1,0
"Audrey LeClair","1B",0.297,0.4,0.469,0.869,29,75,64,19,19,4,2,1,4,1,10,10,11,2,0.27,0.341,0.351,0.693,15,43,37,5,10,1,1,0,0,0,4,4,3,0,0.027,0,0
"Blaise Biringer","3B",0.291,0.413,0.453,0.867,31,105,86,26,25,9,1,1,13,3,15,13,2,0,0.207,0.277,0.259,0.536,20,68,58,7,12,1,1,0,5,1,5,8,0,1,0.084,0,0
"River Mahler","SS",0.288,0.376,0.388,0.764,32,94,80,14,23,2,3,0,13,0,12,26,0,0,0.288,0.333,0.407,0.74,22,67,59,10,17,3,2,0,6,0,4,10,3,0,0,1,0
"Jillian Celis","2B",0.283,0.333,0.413,0.746,15,51,46,5,13,3,0,1,4,0,4,10,1,0,0.292,0.368,0.583,0.952,15,57,48,13,14,5,0,3,13,0,7,6,1,0,-0.00900000000000001,0,0
"Caelan Koch","DP",0.282,0.33,0.424,0.753,32,92,85,6,24,7,1,1,9,1,5,16,1,0,0.266,0.294,0.516,0.81,23,69,64,6,17,4,0,4,13,1,2,13,0,0,0.016,1,0
"Thessa Malau'ulu","3B",0.279,0.38,0.326,0.706,19,51,43,13,12,2,0,0,5,2,5,4,0,0,0.289,0.32,0.311,0.631,17,52,45,7,13,1,0,0,5,0,3,5,1,1,-0.00999999999999995,1,0
"Savannah Pola","DP",0.277,0.358,0.298,0.656,19,53,47,4,13,1,0,0,10,1,5,5,0,0,0.303,0.361,0.424,0.785,15,36,33,8,10,4,0,0,6,2,1,4,0,0,-0.026,1,0
"Shonty Passi","SS",0.277,0.37,0.383,0.753,20,55,47,10,13,2,0,1,7,1,6,6,1,0,0.256,0.319,0.419,0.738,16,48,43,6,11,4,0,1,3,1,3,6,0,0,0.021,0,0
"Kaylee Pond","LF",0.276,0.403,0.483,0.886,22,73,58,6,16,6,0,2,7,3,10,6,2,0,0.306,0.393,0.49,0.883,17,58,49,5,15,3,0,2,4,0,7,5,1,0,-0.03,0,0
"Tehya Bird","3B",0.276,0.364,0.483,0.846,12,34,29,2,8,3,0,1,4,1,3,6,1,0,0.207,0.281,0.379,0.661,12,33,29,3,6,0,1,1,3,0,3,4,0,0,0.069,0,0
"Kyra Chan","LF",0.276,0.354,0.31,0.664,22,67,58,10,16,2,0,0,4,0,7,10,0,0,0.367,0.433,0.567,1,20,67,60,6,22,3,3,1,13,0,7,4,0,0,-0.091,1,0
"Jordyn Vanhook","DP",0.273,0.31,0.473,0.783,26,59,55,4,15,5,0,2,15,0,3,14,0,0,0.211,0.318,0.316,0.634,15,45,38,3,8,1,0,1,5,2,4,13,0,0,0.062,0,0
"Jade Berry","3B",0.27,0.393,0.459,0.853,32,89,74,15,20,6,1,2,17,0,15,16,1,0,0.242,0.356,0.435,0.792,23,73,62,12,15,3,0,3,12,2,9,13,0,0,0.028,1,0
"Sydney Stewart","C",0.265,0.419,0.471,0.889,15,44,34,6,9,1,0,2,5,1,8,7,0,0,0.465,0.531,0.814,1.345,14,49,43,9,20,7,1,2,8,0,6,4,2,1,-0.2,0,0
"Alana Johnson","RF",0.262,0.367,0.69,1.058,15,49,42,8,11,3,0,5,12,0,7,9,1,0,0.34,0.389,0.64,1.029,15,55,50,11,17,0,0,5,12,0,4,4,0,1,-0.078,0,0
"Vallery Wong","C",0.26,0.339,0.54,0.879,18,57,50,10,13,2,0,4,14,3,3,6,0,0,0.309,0.339,0.436,0.775,16,59,55,7,17,7,0,0,5,1,2,8,0,0,-0.049,0,0
"Megan Grant","RF",0.258,0.36,0.452,0.812,23,75,62,9,16,1,1,3,14,1,10,12,0,0,0.317,0.379,0.533,0.912,17,66,60,9,19,4,0,3,13,0,6,13,0,0,-0.059,1,0
"Avery Hobson","LF",0.257,0.366,0.286,0.652,15,44,35,6,9,1,0,0,0,0,6,7,3,2,0.245,0.327,0.286,0.613,15,55,49,9,12,2,0,0,2,0,6,9,1,0,0.012,0,0
"Paige Sinicki","SS",0.257,0.395,0.343,0.738,18,46,35,10,9,3,0,0,4,2,6,5,7,0,0.263,0.378,0.447,0.825,16,46,38,8,10,1,0,2,11,1,6,7,2,0,-0.00600000000000001,0,0
"Eliana Gottlieb","RF",0.256,0.286,0.282,0.568,13,42,39,3,10,1,0,0,2,0,2,10,0,1,0.328,0.377,0.469,0.846,20,72,64,8,21,1,1,2,4,1,4,7,1,0,-0.072,0,0
"Ava Gall","1B",0.245,0.333,0.426,0.759,32,108,94,10,23,2,0,5,19,1,12,17,0,0,0.303,0.376,0.474,0.85,22,85,76,10,23,1,0,4,14,0,9,6,0,0,-0.058,1,0
"Allie Skaggs","2B",0.241,0.382,0.41,0.792,31,103,83,15,20,3,1,3,12,0,19,19,2,1,0.359,0.423,0.859,1.282,20,72,64,15,23,0,1,10,27,0,7,11,0,1,-0.118,0,0
"Kyndal Todd","RF",0.241,0.333,0.241,0.575,16,36,29,2,7,0,0,0,0,1,3,7,0,0,0.24,0.259,0.36,0.619,12,29,25,1,6,0,0,1,2,0,1,9,0,2,0.001,0,0
"Libby Walsh","2B",0.235,0.342,0.426,0.768,33,81,68,15,16,2,1,3,19,7,4,20,4,0,0.139,0.205,0.139,0.344,15,41,36,1,5,0,0,0,2,1,2,10,1,0,0.096,0,0
"Brooklyn Carter","CF",0.231,0.231,0.231,0.462,10,26,26,4,6,0,0,0,1,0,0,7,7,0,0.276,0.276,0.31,0.586,10,30,29,3,8,1,0,0,2,0,0,1,3,0,-0.045,0,0
"Brooke Nelson","1B",0.222,0.341,0.444,0.785,15,45,36,2,8,3,1,1,7,0,7,2,1,0,0.521,0.582,1.25,1.832,15,56,48,15,25,2,0,11,23,0,7,7,0,0,-0.299,0,0
"Tayler Biehl","SS",0.219,0.32,0.391,0.711,29,78,64,15,14,1,2,2,12,4,6,12,0,1,0.258,0.27,0.484,0.754,20,64,62,15,16,2,0,4,12,1,0,11,1,0,-0.039,0,0
"Aly Kaneshiro","C",0.215,0.305,0.366,0.67,32,105,93,12,20,5,0,3,12,4,8,9,1,0,0.355,0.41,0.592,1.002,23,83,76,16,27,6,0,4,17,1,6,4,0,0,-0.14,1,0
"Madison Simon","CF",0.214,0.436,0.429,0.864,13,39,28,6,6,1,1,1,3,2,9,11,0,0,0.244,0.385,0.439,0.824,18,52,41,9,10,2,0,2,6,0,10,6,1,0,-0.03,0,0
"Sara Kinch","C",0.211,0.309,0.394,0.703,32,81,71,11,15,4,0,3,13,3,7,17,0,0,0.27,0.308,0.514,0.821,14,40,37,3,10,3,0,2,8,1,1,10,0,0,-0.059,0,0
"Abby Doerr","C",0.194,0.237,0.306,0.542,13,38,36,2,7,1,0,1,4,0,2,7,0,0,0.308,0.357,0.346,0.703,19,57,52,0,16,2,0,0,3,1,3,7,0,0,-0.114,0,0
"Kiki Escobar","2B",0.185,0.207,0.185,0.392,13,29,27,1,5,0,0,0,2,0,1,5,0,0,0.158,0.213,0.211,0.424,20,61,57,2,9,1,1,0,6,1,3,15,1,0,0.027,0,0
"Lici Campbell","1B",0.158,0.238,0.342,0.58,13,42,38,6,6,1,0,2,3,0,4,8,0,0,0.246,0.29,0.446,0.736,20,69,65,6,16,1,0,4,13,0,4,10,0,0,-0.088,0,0
"Savanah Whatley","SS",0.136,0.174,0.136,0.31,12,23,22,3,3,0,0,0,0,0,1,7,0,0,0.2,0.25,0.222,0.472,20,51,45,2,9,1,0,0,3,0,3,8,0,0,-0.064,0,0
"Julia Jimenez","3B",0.085,0.283,0.149,0.432,20,62,47,4,4,0,0,1,10,1,12,2,0,0,0.298,0.365,0.66,1.025,16,53,47,7,14,3,1,4,17,1,4,4,0,0,-0.213,0,0
"Seneca Curo","2B",0.081,0.227,0.135,0.362,20,46,37,7,3,0,1,0,1,0,7,9,0,1,0.222,0.333,0.306,0.639,14,44,36,5,8,0,0,1,3,1,5,7,0,0,-0.141,1,0
"Zoie Smith","C",0.485,0.514,0.636,1.15,11,37,33,6,16,5,0,0,4,0,3,1,3,0,0.265,0.368,0.327,0.695,16,57,49,3,13,3,0,0,5,1,7,7,0,0,0.22,0,0
"Ashton White","1B",0.432,0.49,0.545,1.035,15,49,44,4,19,2,0,1,9,0,5,4,0,0,0.366,0.444,0.606,1.05,22,81,71,12,26,6,1,3,22,0,10,7,1,0,0.066,0,0
"Caitlin Coker","3B",0.406,0.473,0.609,1.082,20,74,64,14,26,5,1,2,9,1,8,2,5,1,0.412,0.444,0.6,1.044,24,91,85,21,35,4,0,4,17,2,3,6,2,3,-0.00599999999999995,0,0
"Brooke Deppiesse","2B",0.404,0.5,0.673,1.173,20,64,52,10,21,5,3,1,11,2,8,8,2,0,0.406,0.488,0.58,1.067,24,84,69,20,28,7,1,1,7,1,10,4,2,3,-0.002,0,0
"Peyton Sward","SS",0.379,0.419,0.517,0.937,12,32,29,9,11,2,1,0,3,0,2,7,2,0,0.3,0.354,0.333,0.687,23,67,60,14,18,0,1,0,3,0,5,16,2,0,0.079,0,0
"Holly Lovett","3B",0.371,0.389,0.429,0.817,12,36,35,3,13,2,0,0,9,1,0,3,0,0,0.309,0.387,0.509,0.896,23,66,55,10,17,2,0,3,11,3,4,16,0,0,0.062,0,0
"Brooke Popella","SS",0.364,0.417,0.424,0.841,11,37,33,1,12,2,0,0,3,0,3,3,1,0,0.217,0.288,0.261,0.549,15,52,46,2,10,2,0,0,6,0,5,12,0,0,0.147,0,0
"Lauren Keleher","CF",0.355,0.468,0.597,1.064,20,77,62,14,22,6,3,1,12,5,9,3,1,0,0.432,0.479,0.625,1.104,24,96,88,20,38,5,0,4,18,3,5,5,1,0,-0.077,0,0
"Julia Mrochko","2B",0.355,0.412,0.484,0.896,11,34,31,8,11,1,0,1,7,1,2,4,0,0,0.29,0.323,0.435,0.759,21,67,62,8,18,3,0,2,10,2,1,6,0,1,0.065,0,0
"Lauren Nett","RF",0.353,0.405,0.382,0.788,16,38,34,6,12,1,0,0,4,1,2,0,0,0,0.255,0.291,0.255,0.546,21,61,51,11,13,0,0,0,6,0,3,6,3,0,0.098,0,0
"Savannah Jones","RF",0.345,0.387,0.414,0.801,10,33,29,4,10,0,1,0,5,0,2,2,0,0,0.389,0.463,0.5,0.963,13,42,36,3,14,4,0,0,5,0,5,3,0,0,-0.044,0,0
"Josie Charles","LF",0.342,0.457,0.526,0.983,12,46,38,9,13,1,3,0,7,0,8,9,1,1,0.214,0.267,0.214,0.481,20,77,70,15,15,0,0,0,5,0,5,14,6,0,0.128,0,0
"Kayla Edwards","LF",0.34,0.353,0.42,0.773,15,52,50,10,17,4,0,0,3,1,0,2,1,1,0.434,0.463,0.697,1.161,22,82,76,25,33,10,2,2,16,1,4,1,8,1,-0.094,0,0
"Megan Coyle","SS",0.325,0.378,0.7,1.078,14,45,40,7,13,3,0,4,14,0,4,8,0,0,0.311,0.38,0.533,0.913,17,50,45,3,14,5,1,1,5,2,3,11,0,1,0.014,0,0
"Rory Dudley","1B",0.323,0.462,0.548,1.01,12,39,31,10,10,1,0,2,6,0,8,2,0,0,0.328,0.411,0.469,0.88,22,74,64,10,21,4,1,1,11,2,7,8,4,1,-0.005,0,0
"Ali Sniegocki","LF",0.318,0.354,0.545,0.9,14,48,44,7,14,4,0,2,7,0,3,3,1,0,0.344,0.364,0.5,0.864,29,99,96,15,33,6,0,3,12,1,2,19,2,0,-0.026,0,0
"Jessica Mott","CF",0.317,0.391,0.415,0.806,14,46,41,5,13,1,0,1,4,0,5,7,3,1,0.264,0.35,0.396,0.745,29,103,91,14,24,6,0,2,9,3,9,22,4,1,0.053,0,0
"Olivia Catalina","RF",0.314,0.314,0.4,0.714,14,36,35,0,11,3,0,0,1,0,0,8,0,0,0.156,0.22,0.178,0.398,19,51,45,2,7,1,0,0,3,0,4,10,3,1,0.158,0,0
"Megan Yurchick","1B",0.313,0.333,0.406,0.74,13,34,32,2,10,3,0,0,7,0,1,3,0,0,0.26,0.325,0.315,0.64,27,82,73,1,19,4,0,0,4,0,7,18,0,1,0.053,0,0
"Kayla Roncin","SS",0.31,0.338,0.338,0.676,20,75,71,12,22,2,0,0,14,0,3,1,3,0,0.374,0.38,0.473,0.853,24,94,91,18,34,5,2,0,17,0,1,4,1,0,-0.064,0,0
"Lauren Little","CF",0.304,0.385,0.348,0.732,11,26,23,1,7,1,0,0,3,0,3,4,0,0,0.22,0.238,0.244,0.482,16,44,41,4,9,1,0,0,4,0,1,6,1,2,0.084,0,0
"Claire McCann","1B",0.3,0.364,0.325,0.689,14,44,40,3,12,1,0,0,6,0,4,2,0,0,0.291,0.325,0.342,0.667,27,83,79,2,23,4,0,0,2,0,4,16,0,0,0.00900000000000001,0,0
"Rachel Carney","SS",0.297,0.35,0.432,0.782,11,41,37,6,11,2,0,1,7,1,2,8,4,1,0.235,0.395,0.368,0.763,23,86,68,17,16,0,3,1,7,2,16,14,13,1,0.062,0,0
"Kate Pryor","LF",0.286,0.311,0.381,0.692,17,46,42,6,12,2,1,0,8,0,2,3,2,0,0.222,0.26,0.267,0.527,17,50,45,8,10,2,0,0,6,0,3,5,1,0,0.064,0,0
"Gracie Smith","RF",0.282,0.317,0.333,0.65,12,42,39,5,11,2,0,0,3,1,1,5,1,0,0.235,0.279,0.247,0.526,23,86,81,10,19,1,0,0,11,1,4,8,0,0,0.047,0,0
"Kiley Shelton","RF",0.278,0.297,0.472,0.77,11,37,36,9,10,4,0,1,6,1,0,6,0,0,0.377,0.482,0.667,1.149,23,83,69,18,26,3,1,5,22,5,9,6,1,0,-0.099,0,0
"Quinn Livesay","C",0.276,0.323,0.414,0.736,11,32,29,3,8,2,1,0,1,0,2,1,1,0,0.315,0.449,0.537,0.986,23,69,54,10,17,6,0,2,11,6,8,1,2,0,-0.039,0,0
"Brooke Cannon","CF",0.27,0.3,0.297,0.597,12,41,37,8,10,1,0,0,6,0,2,5,4,0,0.192,0.25,0.244,0.494,23,86,78,10,15,4,0,0,12,2,4,17,2,0,0.078,0,0
"Niamh Dougherty","LF",0.259,0.355,0.444,0.799,11,32,27,3,7,2,0,1,4,0,4,3,0,0,0.259,0.338,0.466,0.804,22,65,58,7,15,3,0,3,8,4,3,8,1,0,0,0,0
"Adrienne Nardone","DP",0.258,0.273,0.516,0.789,11,33,31,4,8,2,0,2,7,0,1,4,0,0,0.311,0.316,0.405,0.722,23,79,74,7,23,5,1,0,16,0,2,13,0,0,-0.053,0,0
"Callie Thibault","2B",0.256,0.286,0.41,0.696,14,42,39,6,10,1,1,1,6,0,2,5,1,0,0.213,0.277,0.293,0.57,28,85,75,4,16,4,1,0,5,3,4,13,0,0,0.043,0,0
"Anna Brait","SS",0.25,0.378,0.361,0.739,14,46,36,7,9,4,0,0,4,3,5,1,0,0,0.233,0.316,0.36,0.677,29,98,86,6,20,5,0,2,12,3,8,8,0,0,0.017,0,0
"Mary Grace O'Neill","CF",0.244,0.311,0.317,0.628,14,45,41,7,10,1,1,0,1,1,3,8,7,2,0.238,0.273,0.365,0.638,19,66,63,7,15,6,1,0,3,1,2,9,7,1,0.00600000000000001,0,0
"MaKenzie Hilling","1B",0.242,0.306,0.303,0.609,11,37,33,5,8,2,0,0,2,0,3,7,0,0,0.188,0.286,0.25,0.536,16,57,48,4,9,3,0,0,3,0,7,10,0,0,0.054,0,0
"Emily Cimino","RF",0.229,0.357,0.343,0.7,12,42,35,8,8,1,0,1,11,0,7,4,0,0,0.342,0.448,0.575,1.024,23,87,73,17,25,9,1,2,21,2,12,15,1,1,-0.113,0,0
"Kara Fusco","1B",0.226,0.294,0.387,0.681,11,34,31,2,7,2,0,1,8,0,3,7,0,0,0.215,0.271,0.308,0.579,23,71,65,6,14,3,0,1,9,0,5,8,0,0,0.011,0,0
"Nora Megenity","CF",0.222,0.323,0.333,0.656,11,31,27,7,6,0,0,1,3,0,4,1,1,0,0.212,0.305,0.269,0.574,22,61,52,10,11,3,0,0,5,0,7,8,1,0,0.01,0,0
"Lizzy Avery","DP",0.217,0.4,0.239,0.639,20,63,46,10,10,1,0,0,8,0,14,7,2,0,0.333,0.434,0.413,0.847,24,82,63,7,21,2,0,1,12,1,11,10,0,0,-0.116,0,0
"Morgan Jensen","C",0.214,0.241,0.214,0.456,12,30,28,0,6,0,0,0,3,1,0,3,0,0,0.246,0.281,0.295,0.576,25,67,61,1,15,3,0,0,8,0,3,12,0,0,-0.032,0,0
"Haley Speicher","CF",0.214,0.29,0.214,0.505,9,31,28,5,6,0,0,0,1,0,3,2,1,0,0.28,0.357,0.3,0.657,16,56,50,8,14,1,0,0,1,0,6,6,2,1,-0.066,0,0
"Jillian Herbst","2B",0.2,0.263,0.2,0.463,11,39,35,3,7,0,0,0,0,1,2,2,0,0,0.304,0.353,0.367,0.72,23,85,79,15,24,2,0,1,7,2,4,12,2,0,-0.104,0,0
"Kylie Doherty","RF",0.2,0.296,0.378,0.674,19,54,45,9,9,2,0,2,16,0,7,10,0,0,0.158,0.262,0.439,0.7,22,65,57,15,9,2,1,4,14,0,8,14,3,0,0.042,0,0
"Emma Pietrzak","3B",0.192,0.4,0.231,0.631,14,35,26,5,5,1,0,0,1,0,9,5,1,0,0.267,0.295,0.373,0.668,26,80,75,10,20,3,1,1,8,0,3,19,0,0,-0.075,0,0
"Audrey Sellers","C",0.179,0.273,0.179,0.452,18,45,39,9,7,0,0,0,1,1,4,4,1,0,0.245,0.356,0.408,0.764,23,59,49,9,12,2,0,2,8,2,7,6,1,1,-0.066,0,0
"Ellie Caldwell","2B",0.175,0.19,0.2,0.39,15,43,40,3,7,1,0,0,2,0,1,4,0,0,0.263,0.283,0.298,0.582,20,61,57,10,15,0,1,0,4,0,2,8,2,0,-0.088,0,0
"Maggie Klug","C",0.167,0.219,0.167,0.385,12,32,30,0,5,0,0,0,0,0,2,1,0,0,0.147,0.194,0.176,0.371,14,36,34,0,5,1,0,0,2,0,2,4,0,0,0.02,0,0
"Noelle Gardon","3B",0.16,0.241,0.16,0.401,11,30,25,1,4,0,0,0,3,1,2,8,1,0,0.079,0.167,0.079,0.246,16,45,38,3,3,0,0,0,2,0,4,15,1,0,0.081,0,0
"Parker Llantero","RF",0.146,0.286,0.171,0.456,15,49,41,2,6,1,0,0,3,1,7,9,0,0,0.333,0.41,0.377,0.787,22,83,69,12,23,3,0,0,6,0,9,13,0,0,-0.187,0,0
"Regan Dillon","1B",0.135,0.132,0.189,0.321,13,38,37,1,5,2,0,0,3,0,0,8,0,0,0.238,0.36,0.262,0.622,18,51,42,2,10,1,0,0,1,3,5,7,0,0,-0.103,0,0
"Sam Bocis","SS",0.12,0.185,0.12,0.305,14,29,25,1,3,0,0,0,2,0,2,10,1,0,0.268,0.268,0.393,0.661,21,56,56,7,15,4,0,1,7,0,0,21,1,1,-0.148,0,0
"Caitlyn Newburn","DP",0.111,0.111,0.333,0.444,14,27,27,3,3,0,0,2,3,0,0,12,0,0,0.289,0.347,0.4,0.747,20,49,45,3,13,5,0,0,5,1,3,7,0,1,-0.178,0,0
"Paige Sandidge","LF",0.087,0.087,0.087,0.174,11,25,23,0,2,0,0,0,1,0,0,4,0,0,0.159,0.213,0.182,0.395,17,47,44,0,7,1,0,0,2,0,3,12,0,0,-0.072,0,0
"Ava Gambichler","RF",0.071,0.188,0.071,0.259,11,33,28,2,2,0,0,0,0,0,4,7,0,0,0.205,0.235,0.269,0.504,27,87,78,8,16,5,0,0,3,0,3,10,2,0,-0.134,0,0
"Kiki Milloy","CF",0.478,0.581,0.986,1.567,23,86,69,35,33,6,1,9,20,6,11,9,13,2,0.282,0.427,0.437,0.864,21,89,71,23,20,5,0,2,7,1,17,14,9,0,0.196,0,1
"Korbe Otis","LF",0.444,0.584,0.667,1.251,32,114,81,35,36,6,0,4,30,3,27,6,6,0,0.379,0.506,0.652,1.157,23,89,66,25,25,5,2,3,17,1,19,10,5,2,0.065,1,1
"McKenna Gibson","3B",0.444,0.534,0.694,1.229,26,88,72,12,32,6,0,4,24,2,13,3,0,0,0.247,0.3,0.342,0.642,20,80,73,6,18,1,0,2,13,2,4,12,0,0,0.197,0,1
"Jazmine Hill","CF",0.431,0.573,0.806,1.378,29,96,72,32,31,7,1,6,23,2,22,8,2,1,0.242,0.397,0.306,0.704,21,79,62,14,15,1,0,1,9,1,15,8,0,1,0.189,0,1
"Rylea Smith","LF",0.424,0.457,0.727,1.184,20,70,66,11,28,6,4,2,13,0,4,6,4,0,0.348,0.378,0.391,0.77,20,74,69,8,24,3,0,0,5,0,4,7,1,0,0.076,0,1
"Jocelyn Erickson","C",0.415,0.558,0.622,1.179,32,113,82,22,34,8,0,3,34,5,24,7,8,0,0.382,0.465,0.838,1.303,23,86,68,19,26,4,0,9,33,0,14,6,2,0,0.033,1,1
"Skylar Wallace","SS",0.402,0.578,0.744,1.321,32,116,82,45,33,9,2,5,27,9,25,8,23,3,0.394,0.522,0.718,1.24,23,92,71,30,28,7,2,4,25,5,15,7,9,0,0.00800000000000001,1,1
"Kendra Falby","CF",0.402,0.453,0.551,1.004,32,119,107,35,43,10,3,0,10,1,9,12,9,0,0.306,0.372,0.4,0.772,23,94,85,22,26,3,1,1,8,1,8,16,7,2,0.096,1,1
"Jayda Kearney","RF",0.4,0.452,0.843,1.296,37,127,115,26,46,7,1,14,37,0,11,24,0,0,0.306,0.452,0.51,0.962,17,62,49,8,15,1,0,3,9,1,12,16,0,0,0.094,0,1
"Jenna Laird","SS",0.396,0.45,0.472,0.922,17,60,53,13,21,4,0,0,7,1,5,8,5,0,0.275,0.333,0.319,0.652,26,103,91,16,25,4,0,0,13,1,8,7,5,1,0.121,0,1
"Amari Harper","1B",0.396,0.467,0.547,1.014,22,61,53,17,21,3,1,1,5,2,5,7,1,1,0.25,0.4,0.295,0.695,16,55,44,11,11,2,0,0,2,4,7,9,2,1,0.146,0,1
"Dallis Goodnight","CF",0.39,0.466,0.442,0.907,29,90,77,24,30,4,0,0,7,1,10,10,8,3,0.326,0.396,0.488,0.884,15,49,43,12,14,1,0,2,5,2,3,14,2,1,0.064,0,1
"Ella Wesolowski","C",0.389,0.443,0.556,0.999,28,79,72,16,28,6,0,2,19,1,6,2,1,0,0.217,0.28,0.348,0.628,16,50,46,2,10,3,0,1,6,0,4,5,0,0,0.172,0,1
"Jessie Blaine","DP",0.386,0.533,0.702,1.235,27,75,57,14,22,6,0,4,18,3,15,14,0,0,0.295,0.426,0.386,0.812,18,54,44,8,13,1,0,1,8,0,10,9,0,0,0.091,0,1
"Katie Kistler","RF",0.385,0.518,0.754,1.271,29,88,65,21,25,6,3,4,33,6,13,10,2,0,0.203,0.266,0.339,0.605,21,64,59,13,12,3,1,1,11,2,3,8,3,0,0.182,1,1
"Erin Coffel","SS",0.378,0.622,0.844,1.466,20,74,45,14,17,6,0,5,13,6,23,2,2,1,0.226,0.446,0.472,0.918,20,74,53,12,12,4,0,3,8,6,15,8,2,0,0.152,0,1
"Ariel Kowalewski","3B",0.371,0.431,0.661,1.092,26,72,62,15,23,4,1,4,18,2,6,8,1,0,0.216,0.339,0.412,0.75,21,64,51,13,11,1,0,3,10,1,9,8,1,0,0.155,1,1
"Margaret Tobias","2B",0.37,0.393,0.407,0.8,15,28,27,6,10,1,0,0,2,0,1,5,0,0,0.273,0.333,0.273,0.606,18,36,33,6,9,0,0,0,0,1,2,3,1,0,0.097,0,1
"Sierra Sacco","CF",0.361,0.53,0.458,0.988,28,102,72,32,26,3,2,0,9,1,26,14,15,0,0.339,0.441,0.536,0.977,18,68,56,16,19,3,1,2,10,0,11,10,1,0,0.022,0,1
"Jaydyn Goodwin","LF",0.356,0.4,0.63,1.03,31,81,73,18,26,9,1,3,21,1,5,7,1,0,0.25,0.345,0.271,0.616,16,56,48,4,12,1,0,0,6,2,5,7,5,1,0.106,0,1
"Aynslie Furbush","DP",0.352,0.447,0.634,1.081,25,86,71,9,25,2,0,6,29,7,6,13,0,0,0.26,0.356,0.56,0.916,19,59,50,5,13,3,0,4,11,1,7,13,0,0,0.092,0,1
"Sydney Kuma","2B",0.348,0.483,0.62,1.102,36,116,92,29,32,6,2,5,17,3,21,11,7,2,0.217,0.379,0.217,0.597,17,58,46,6,10,0,0,0,5,8,4,11,2,0,0.131,0,1
"Koko Wooley","SS",0.346,0.407,0.423,0.83,25,87,78,19,27,1,1,1,4,0,8,7,10,2,0.46,0.485,0.556,1.04,17,67,63,14,29,4,1,0,4,2,1,2,8,0,-0.114,0,1
"Grace Lorsung","3B",0.339,0.456,0.732,1.188,20,68,56,11,19,5,1,5,13,3,9,9,0,0,0.259,0.328,0.569,0.897,20,64,58,7,15,3,0,5,16,4,2,13,1,1,0.08,0,1
"Kylee Edwards","SS",0.339,0.446,0.627,1.073,28,75,59,18,20,5,0,4,17,3,10,4,3,1,0.185,0.228,0.259,0.487,18,57,54,5,10,2,1,0,3,0,3,6,0,1,0.154,0,1
"Taylor Pannell","RF",0.338,0.347,0.608,0.955,25,76,74,11,25,3,1,5,23,0,1,10,0,0,0.258,0.313,0.371,0.684,21,68,62,11,16,1,0,2,6,0,5,6,1,0,0.08,0,1
"Ellie Armistead","SS",0.337,0.368,0.584,0.953,36,96,89,18,30,8,1,4,15,0,5,10,1,0,0.128,0.19,0.128,0.319,17,42,39,4,5,0,0,0,1,0,3,10,1,0,0.209,0,1
"Reagan Johnson","CF",0.337,0.387,0.376,0.764,30,112,101,19,34,2,1,0,7,0,9,11,4,1,0.413,0.464,0.413,0.876,18,69,63,9,26,0,0,0,3,1,5,7,4,1,-0.076,0,1
"Rylie West","LF",0.333,0.377,0.611,0.988,19,63,54,15,18,3,0,4,14,1,4,8,4,0,0.344,0.446,0.787,1.233,20,74,61,17,21,4,1,7,21,3,9,20,1,1,-0.011,0,1
"Rylen Wiggins","2B",0.333,0.372,0.694,1.066,29,78,72,19,24,8,0,6,19,0,5,10,3,1,0.194,0.254,0.387,0.641,21,70,62,8,12,0,0,4,6,1,4,7,2,1,0.139,0,1
"Anna Wohlers","3B",0.333,0.447,0.5,0.947,30,94,78,16,26,4,0,3,16,4,12,16,2,0,0.174,0.291,0.37,0.66,15,56,46,4,8,3,0,2,3,3,5,18,2,0,0.159,0,1
"Kennedy Miller","C",0.333,0.413,0.603,1.016,30,92,78,16,26,4,1,5,24,6,6,7,2,0,0.354,0.404,0.604,1.008,17,52,48,7,17,1,1,3,12,2,2,8,0,0,-0.021,0,1
"Reagan Walsh","DP",0.33,0.396,0.761,1.158,32,106,88,18,29,2,0,12,39,2,11,7,1,0,0.422,0.513,0.828,1.341,23,78,64,13,27,9,1,5,21,0,13,7,1,0,-0.092,1,1
"Icess Tresvik","RF",0.329,0.417,0.415,0.831,30,96,82,20,27,1,0,2,13,0,13,17,18,2,0.292,0.32,0.458,0.778,15,51,48,5,14,2,0,2,3,0,2,14,2,1,0.037,0,1
"Jaden Pone","LF",0.325,0.375,0.338,0.713,24,90,80,18,26,1,0,0,4,2,5,15,3,1,0.375,0.437,0.391,0.827,21,74,64,8,24,1,0,0,7,0,7,14,4,1,-0.05,0,1
"Raeleen Gutierrez","1B",0.324,0.407,0.481,0.888,38,124,108,12,35,11,0,2,23,0,15,5,1,1,0.308,0.39,0.558,0.948,17,59,52,9,16,5,1,2,14,0,7,4,0,0,0.016,0,1
"Julia Cottrill","C",0.323,0.452,0.538,0.991,27,85,65,11,21,5,0,3,18,0,17,7,1,0,0.27,0.319,0.413,0.732,20,72,63,7,17,3,0,2,17,0,6,7,0,0,0.053,0,1
"Allie Enright","RF",0.323,0.45,0.738,1.188,29,82,65,19,21,6,0,7,23,0,15,15,2,1,0.279,0.313,0.475,0.789,20,67,61,10,17,3,0,3,15,0,4,13,1,0,0.044,0,1
"Ciara Briggs","CF",0.322,0.393,0.373,0.765,38,139,118,28,38,3,0,1,16,0,15,15,11,1,0.361,0.385,0.475,0.86,17,71,61,13,22,2,1,1,6,0,3,8,3,0,-0.039,0,1
"Ali Newland","LF",0.321,0.422,0.528,0.95,38,129,106,20,34,7,0,5,24,1,19,4,6,2,0.316,0.4,0.509,0.909,17,66,57,11,18,2,0,3,12,1,7,5,1,0,0.005,0,1
"Bri Ellis","1B",0.317,0.43,0.646,1.076,30,100,82,17,26,3,0,8,24,1,16,20,1,0,0.277,0.417,0.489,0.906,18,60,47,11,13,1,0,3,13,2,10,3,0,1,0.04,0,1
"Nadia Barbary","3B",0.314,0.375,0.512,0.887,28,96,86,24,27,8,0,3,28,1,8,12,1,0,0.263,0.344,0.456,0.8,18,65,57,9,15,8,0,1,9,1,6,8,0,0,0.051,0,1
"Nia Carter","RF",0.312,0.369,0.403,0.772,27,84,77,14,24,2,1,1,10,1,6,0,0,0,0.224,0.24,0.224,0.464,17,54,49,4,11,0,0,0,2,1,0,1,0,0,0.088,0,1
"Makayla Packer","CF",0.311,0.422,0.446,0.868,30,94,74,18,23,2,1,2,10,3,12,16,11,1,0.225,0.404,0.475,0.879,15,58,40,5,9,3,2,1,3,5,7,11,5,0,0.086,0,1
"Sara Mosley","3B",0.31,0.354,0.741,1.096,37,127,116,29,36,2,0,16,46,0,9,12,0,0,0.333,0.375,0.533,0.908,17,64,60,10,20,3,0,3,6,0,4,11,0,0,-0.023,0,1
"Trinity Cannon","1B",0.309,0.432,0.809,1.241,29,89,68,14,21,2,1,10,31,3,14,7,0,0,0.353,0.56,0.706,1.266,21,75,51,14,18,3,0,5,23,5,19,13,0,0,-0.044,0,1
"Karli Petty","2B",0.308,0.442,0.523,0.965,28,86,65,14,20,2,0,4,20,3,15,7,0,2,0.244,0.295,0.341,0.637,15,46,41,3,10,1,0,1,5,2,1,5,1,0,0.064,0,1
"Laura Mealer","SS",0.308,0.463,0.827,1.29,25,67,52,20,16,4,1,7,16,2,13,11,1,0,0.255,0.361,0.333,0.694,20,63,51,9,13,1,0,1,10,2,7,7,5,2,0.053,0,1
"Madisyn Kennedy","1B",0.305,0.436,0.864,1.3,27,78,59,14,18,3,0,10,33,1,15,16,0,0,0.286,0.426,0.714,1.141,18,61,49,8,14,3,0,6,17,1,11,11,0,0,0.019,0,1
"Salen Hawkins","2B",0.303,0.356,0.394,0.75,27,75,66,13,20,0,0,2,10,0,6,6,2,1,0.283,0.333,0.37,0.703,18,51,46,5,13,1,0,1,9,1,3,9,0,0,0.02,0,1
"Peyton Plotts","RF",0.3,0.368,0.46,0.828,19,57,50,6,15,3,1,1,7,1,5,13,0,0,0.293,0.356,0.683,1.038,20,45,41,6,12,1,0,5,12,0,4,15,0,0,0.00700000000000001,0,1
"Karissa Hamilton","C",0.298,0.352,0.638,0.99,18,56,47,6,14,4,0,4,12,1,4,6,0,1,0.196,0.288,0.283,0.571,20,52,46,5,9,1,0,1,4,1,5,9,0,0,0.102,0,1
"Paige Cook","RF",0.297,0.385,0.563,0.947,27,78,64,9,19,5,0,4,25,2,9,8,1,0,0.271,0.333,0.354,0.687,17,54,48,5,13,1,0,1,6,1,4,7,0,0,0.026,0,1
"McKenzie Redoutey","RF",0.297,0.408,0.455,0.864,38,122,101,24,30,5,1,3,13,2,17,13,0,0,0.36,0.441,0.48,0.921,17,59,50,10,18,3,0,1,3,2,6,4,0,0,-0.063,0,1
"Sydney Chambley","LF",0.296,0.383,0.58,0.963,36,98,81,15,24,4,2,5,16,3,9,11,5,4,0.341,0.372,0.683,1.055,16,45,41,7,14,2,0,4,6,1,1,12,1,1,-0.045,0,1
"Zaida Puni","DP",0.284,0.442,0.582,1.024,26,86,67,12,19,2,0,6,21,3,16,8,0,0,0.3,0.417,0.567,0.983,20,72,60,7,18,1,0,5,16,2,10,11,0,0,-0.016,0,1
"Cylie Halvorson","2B",0.282,0.341,0.526,0.867,29,88,78,13,22,4,0,5,16,1,7,13,0,0,0.314,0.351,0.529,0.88,18,57,51,8,16,5,0,2,8,1,3,5,0,0,-0.032,0,1
"Riley Blampied","CF",0.28,0.345,0.439,0.784,34,120,107,20,30,6,1,3,16,1,10,9,6,1,0.236,0.338,0.436,0.775,16,66,55,7,13,3,1,2,10,1,8,3,0,2,0.044,0,1
"Aniyah Black","1B",0.279,0.326,0.419,0.745,32,92,86,3,24,4,1,2,18,1,5,24,0,0,0.217,0.327,0.435,0.762,16,55,46,4,10,1,0,3,11,1,7,16,0,0,0.062,0,1
"Taylor Pleasants","SS",0.276,0.4,0.59,0.99,38,130,105,16,29,4,1,9,37,9,14,8,0,0,0.192,0.328,0.269,0.597,17,65,52,8,10,1,0,1,3,2,9,8,0,0,0.084,0,1
"Paige Smith","1B",0.275,0.344,0.463,0.807,25,91,80,15,22,9,0,2,12,1,8,8,0,0,0.162,0.216,0.279,0.496,21,76,68,10,11,2,0,2,7,0,5,4,0,0,0.113,0,1
"Giulia Koutsoyanopulos","1B",0.269,0.356,0.346,0.702,26,60,52,10,14,1,0,1,7,1,6,12,3,0,0.267,0.343,0.433,0.777,21,68,60,10,16,2,1,2,9,0,7,17,2,0,0.002,0,1
"Brooke Blankenship","SS",0.269,0.37,0.313,0.684,33,84,67,12,18,3,0,0,7,0,12,11,2,0,0.225,0.319,0.225,0.544,16,48,40,5,9,0,0,0,2,0,6,10,0,0,0.044,0,1
"Jaiden Fields","DP",0.268,0.305,0.482,0.787,27,60,56,9,15,3,0,3,8,2,1,8,0,0,0.188,0.222,0.188,0.41,13,18,16,NA,3,0,0,0,4,1,0,7,0,0,0.08,0,1
"Nelia Peralta","SS",0.265,0.427,0.397,0.824,28,90,68,9,18,1,1,2,21,2,18,8,5,0,0.17,0.214,0.189,0.403,15,56,53,1,9,1,0,0,2,1,2,5,2,1,0.095,0,1
"Maddie Gallagher","2B",0.261,0.375,0.326,0.701,17,57,46,2,12,3,0,0,9,4,5,5,2,0,0.313,0.409,0.463,0.871,26,93,80,15,25,6,0,2,18,4,9,13,7,1,-0.052,0,1
"Lyndi Rae Davis","C",0.26,0.458,0.416,0.874,35,107,77,15,20,3,0,3,19,2,27,7,0,0,0.225,0.377,0.425,0.802,16,53,40,4,9,2,0,2,15,1,10,15,0,0,0.035,0,1
"Kennedy Powell","3B",0.258,0.351,0.288,0.639,27,79,66,16,17,0,1,0,11,3,7,3,8,1,0.361,0.4,0.557,0.957,21,66,61,14,22,4,1,2,11,3,1,13,2,0,-0.103,0,1
"Rylin Hedgecock","DP",0.257,0.329,0.486,0.815,28,80,70,12,18,5,1,3,14,3,5,8,0,0,0.167,0.205,0.333,0.538,18,44,42,6,7,1,0,2,5,2,0,6,0,0,0.09,0,1
"Alex Honnold","CF",0.255,0.339,0.412,0.751,17,60,51,10,13,5,0,1,8,4,3,5,3,1,0.378,0.469,0.598,1.067,26,99,82,22,31,8,2,2,12,1,14,5,7,2,-0.123,0,1
"Lexie Brady","C",0.254,0.433,0.552,0.986,25,91,67,17,17,2,0,6,11,3,19,22,0,1,0.245,0.479,0.469,0.948,21,72,49,10,12,2,0,3,11,12,10,20,1,0,0.00900000000000001,0,1
"Raigan Kramer","LF",0.254,0.39,0.429,0.818,28,77,63,17,16,3,1,2,9,2,12,7,4,0,0.133,0.31,0.244,0.555,18,59,45,6,6,0,1,1,7,1,11,9,1,0,0.121,0,1
"Jalia Lassiter","CF",0.253,0.367,0.386,0.753,25,99,83,15,21,1,2,2,6,1,14,8,5,3,0.361,0.439,0.514,0.953,21,82,72,12,26,4,2,1,14,0,10,12,9,1,-0.108,0,1
"Kenleigh Cahalan","SS",0.253,0.316,0.402,0.718,30,95,87,11,22,3,5,0,14,2,6,10,1,0,0.347,0.383,0.453,0.836,22,81,75,6,26,5,0,1,13,0,5,8,2,1,-0.094,1,1
"Delaney Rummell","3B",0.25,0.301,0.342,0.643,25,83,76,7,19,4,0,1,11,0,6,7,0,0,0.2,0.273,0.25,0.523,21,68,60,8,12,3,0,0,6,0,6,4,0,0,0.05,0,1
"Kramer Eschete","LF",0.25,0.404,0.432,0.835,21,58,44,15,11,5,0,1,10,1,11,6,8,2,0.294,0.4,0.333,0.733,20,61,51,10,15,2,0,0,4,0,9,12,5,1,-0.044,0,1
"Kayley Lenger","RF",0.25,0.357,0.361,0.718,17,43,36,6,9,1,0,1,4,6,0,10,0,0,0.286,0.487,0.321,0.809,26,78,56,14,16,2,0,0,2,12,10,14,4,0,-0.036,0,1
"Bailey Dowling","3B",0.247,0.299,0.444,0.743,29,89,81,9,20,2,1,4,12,2,4,6,0,0,0.226,0.293,0.283,0.576,20,58,53,4,12,3,0,0,2,1,4,13,0,0,0.021,1,1
"Denver Bryant","3B",0.247,0.356,0.377,0.732,27,91,77,10,19,8,1,0,8,1,12,17,3,0,0.396,0.453,0.646,1.099,15,53,48,9,19,4,1,2,8,0,5,8,1,0,-0.149,0,1
"Jenna Johnson","LF",0.246,0.424,0.323,0.747,28,86,65,18,16,2,0,1,8,7,13,6,3,0,0.27,0.405,0.524,0.929,22,80,63,15,17,1,0,5,13,7,8,6,1,0,-0.024,1,1
"KK McCrary","LF",0.244,0.408,0.551,0.959,30,104,78,20,19,1,1,7,11,5,18,16,3,0,0.311,0.466,0.467,0.932,14,59,45,5,14,1,0,2,4,1,12,7,2,0,-0.067,0,1
"Angelina DeLeon","2B",0.242,0.342,0.318,0.66,25,77,66,6,16,2,0,1,8,1,9,11,0,0,0.241,0.339,0.444,0.783,21,62,54,9,13,2,0,3,9,4,4,21,0,0,0.001,0,1
"Kelley Lynch","DP",0.239,0.358,0.284,0.642,28,82,67,1,16,3,0,0,8,0,13,7,0,0,0.216,0.326,0.378,0.704,14,44,37,3,8,3,0,1,10,0,6,6,0,0,0.023,0,1
"Maci Bergeron","C",0.237,0.31,0.342,0.652,31,87,76,5,18,2,0,2,9,0,9,10,0,0,0.298,0.327,0.447,0.773,16,49,47,2,14,4,0,1,6,0,2,12,0,0,-0.061,0,1
"Kianna Jones","RF",0.234,0.298,0.383,0.681,34,107,94,9,22,4,2,2,11,1,8,16,0,1,0.2,0.308,0.356,0.663,16,52,45,6,9,1,0,2,4,0,7,9,0,0,0.034,0,1
"Mia Williams","2B",0.234,0.357,0.447,0.804,24,56,47,14,11,1,0,3,9,4,5,13,3,0,0.077,0.234,0.103,0.337,20,51,39,9,3,1,0,0,1,3,5,15,3,0,0.157,1,1
"Emily Digby","1B",0.234,0.311,0.403,0.714,36,92,77,13,18,7,0,2,13,1,9,22,0,0,0.25,0.362,0.625,0.987,17,48,40,10,10,1,1,4,7,1,6,13,1,0,-0.016,0,1
"Sophia Nugent","C",0.232,0.403,0.446,0.849,25,72,56,12,13,0,0,4,15,1,15,5,0,0,0.324,0.355,0.648,1.003,21,76,71,9,23,8,0,5,19,2,2,12,1,0,-0.092,0,1
"Annabelle Widra","3B",0.226,0.268,0.358,0.626,22,58,53,8,12,1,0,2,6,0,3,10,0,1,0.32,0.414,0.32,0.734,12,29,25,4,8,0,0,0,4,2,2,8,1,1,-0.094,0,1
"Vanessa Nesby","CF",0.222,0.263,0.278,0.541,13,21,18,3,4,1,0,0,1,0,1,5,1,0,0.278,0.316,0.306,0.621,15,38,36,4,10,1,0,0,3,0,2,4,2,0,-0.056,0,1
"Hannah Gammill","3B",0.218,0.333,0.487,0.821,30,94,78,14,17,3,0,6,20,4,10,13,0,0,0.209,0.397,0.581,0.978,18,58,43,10,9,1,0,5,12,4,10,11,0,0,0.00900000000000001,0,1
"Zoe Laneaux","3B",0.213,0.319,0.361,0.68,25,72,61,6,13,3,0,2,5,1,9,17,2,0,0.267,0.32,0.422,0.742,14,51,45,5,12,1,0,2,8,0,4,7,0,1,-0.054,0,1
"Abby Duchscherer","1B",0.21,0.338,0.355,0.693,26,74,62,5,13,3,0,2,12,2,10,9,0,0,0.22,0.264,0.38,0.644,17,53,50,3,11,2,0,2,9,0,3,8,0,0,-0.01,1,1
"Jamie Mackay","RF",0.207,0.299,0.379,0.678,21,71,58,4,12,4,0,2,11,1,7,10,0,0,0.262,0.354,0.31,0.664,18,49,42,5,11,2,0,0,4,2,4,8,0,0,-0.055,0,1
"Kali Heivilin","2B",0.205,0.287,0.269,0.557,30,89,78,7,16,2,0,1,10,3,6,20,0,1,0.242,0.324,0.516,0.84,22,72,62,8,15,1,2,4,10,3,5,16,1,0,-0.037,1,1
"Destiny Rodriguez","2B",0.204,0.412,0.347,0.759,24,68,49,5,10,1,0,2,12,7,11,5,1,0,0.298,0.394,0.421,0.815,21,66,57,6,17,1,0,2,6,2,7,2,0,0,-0.094,0,1
"Amelia Lech","1B",0.203,0.364,0.536,0.9,30,89,69,10,14,5,0,6,21,1,17,21,0,0,0.278,0.413,0.556,0.969,15,46,36,4,10,1,0,3,7,2,7,10,0,0,-0.075,0,1
"Katie Chester","DP",0.2,0.25,0.36,0.61,14,28,25,1,5,1,0,1,6,0,2,9,0,0,0.179,0.233,0.268,0.501,24,63,56,3,10,2,0,1,11,2,2,11,0,1,0.021,0,1
"Ava Brown","1B",0.181,0.267,0.306,0.573,31,87,72,6,13,6,0,1,14,0,10,14,0,0,0.344,0.431,0.885,1.316,23,72,61,15,21,0,0,11,26,0,10,9,0,0,-0.163,1,1
"Ally Hutchins","DP",0.17,0.259,0.34,0.6,20,55,47,6,8,2,0,2,5,1,5,15,0,0,0.277,0.358,0.468,0.827,19,54,47,7,13,0,0,3,10,0,6,12,1,0,-0.107,0,1
"Karley Shelton","2B",0.169,0.27,0.215,0.486,28,74,65,7,11,3,0,0,9,4,5,10,4,0,0.25,0.28,0.292,0.572,10,25,24,2,6,1,0,0,3,0,1,5,0,0,-0.081,0,1
"Jenn Cummings","1B",0.16,0.366,0.213,0.58,32,104,75,3,12,2,1,0,5,9,16,16,0,0,0.31,0.434,0.643,1.077,14,54,42,6,13,0,1,4,10,3,7,7,0,0,-0.15,0,1
"Lauryn Borzilleri","1B",0.146,0.25,0.25,0.5,19,56,48,4,7,2,0,1,5,1,6,8,0,0,0.3,0.375,0.6,0.975,20,58,50,7,15,3,0,4,11,0,6,8,0,0,-0.154,0,1
"Julia Crenshaw","C",0.13,0.18,0.283,0.463,16,53,46,6,6,1,0,2,6,1,2,3,0,0,0.179,0.286,0.284,0.569,25,82,67,14,12,4,0,1,9,2,8,9,4,0,-0.049,0,1
"Giulia Desiderio","C",0.122,0.265,0.122,0.387,25,51,41,4,5,0,0,0,1,2,6,8,1,2,0.222,0.3,0.222,0.522,15,41,36,6,8,0,0,0,3,3,1,2,1,0,-0.1,0,1
"Kara Daly","3B",0.106,0.176,0.191,0.368,17,51,47,4,5,1,0,1,3,2,2,16,0,0,0.243,0.337,0.405,0.743,26,86,74,8,18,3,0,3,16,2,9,15,0,0,-0.137,0,1
"Ryan Starr","SS",0.104,0.157,0.146,0.303,25,54,48,6,5,0,1,0,0,0,3,10,0,0,0.162,0.244,0.162,0.406,21,44,37,7,6,0,0,0,1,1,3,9,1,0,-0.058,0,1
"Victoria Altamirano","LF",0.461,0.559,0.789,1.349,24,93,76,27,35,8,1,5,24,3,14,4,3,0,0.435,0.473,0.797,1.27,19,74,69,18,30,8,1,5,18,1,4,8,4,0,0.026,0,0
"Alexis Dibbley","CF",0.435,0.524,0.725,1.248,28,85,69,18,30,7,2,3,17,1,13,5,5,2,0.242,0.315,0.455,0.77,21,73,66,10,16,6,1,2,3,1,6,17,1,0,0.193,0,0
"Ka'Lyn Watson","LF",0.429,0.512,0.686,1.197,25,89,70,24,30,6,3,2,13,4,10,12,15,3,0.301,0.366,0.466,0.832,23,85,73,18,22,2,2,2,17,2,6,16,10,0,0.128,0,0
"Maddison Guillen","3B",0.388,0.453,0.478,0.931,24,76,67,12,26,4,1,0,9,2,6,4,1,0,0.3,0.375,0.38,0.755,18,57,50,9,15,4,0,0,7,1,5,4,0,0,0.088,0,0
"Baylee Lemons","SS",0.388,0.438,0.463,0.901,24,76,67,9,26,3,1,0,15,1,5,6,1,0,0.173,0.173,0.212,0.385,19,55,52,5,9,2,0,0,6,0,0,4,0,0,0.215,0,0
"Maddie Watson","2B",0.387,0.472,0.516,0.988,25,75,62,6,24,3,1,1,13,2,8,6,1,2,0.159,0.239,0.254,0.493,23,76,63,4,10,4,1,0,8,0,7,8,2,0,0.228,0,0
"Tristin Court","3B",0.385,0.421,0.673,1.094,17,57,52,8,20,7,1,2,12,1,3,9,2,1,0.238,0.269,0.397,0.665,20,68,63,4,15,5,1,1,16,1,2,10,2,0,0.147,0,0
"Jillian Guiterrez","RF",0.385,0.397,0.508,0.905,20,71,65,11,25,0,1,2,23,0,2,3,1,0,0.267,0.29,0.35,0.64,17,62,60,8,16,2,0,1,8,1,1,2,1,2,0.118,0,0
"Sophia Livers","CF",0.379,0.457,0.517,0.974,15,35,29,5,11,2,1,0,2,4,1,2,4,0,0.167,0.211,0.167,0.377,20,42,36,4,6,0,0,0,2,0,2,5,2,2,0.212,0,0
"Monee Montilla","1B",0.375,0.524,0.594,1.118,14,42,32,4,12,4,0,1,2,0,10,7,0,0,0.265,0.359,0.382,0.741,15,40,34,4,9,4,0,0,2,0,5,10,0,0,0.11,0,0
"Bailey Krolczyk","C",0.368,0.423,0.515,0.938,25,81,68,14,25,4,3,0,11,0,8,8,7,1,0.353,0.384,0.588,0.972,22,77,68,15,24,11,1,1,15,0,4,13,5,0,0.015,0,0
"Jayne Sepulveda","2B",0.364,0.419,0.47,0.889,21,76,66,13,24,3,2,0,7,0,7,7,2,1,0.212,0.224,0.258,0.481,20,70,66,6,14,3,0,0,6,0,1,8,1,0,0.152,0,0
"Corine Poncho","1B",0.36,0.504,0.767,1.272,33,115,86,33,31,4,2,9,21,2,25,13,13,0,0.271,0.357,0.644,1.001,19,71,59,15,16,4,0,6,15,2,7,16,2,0,0.089,0,0
"Jasie Roberts","C",0.359,0.438,0.484,0.923,22,74,64,12,23,5,0,1,9,5,4,5,4,0,0.29,0.347,0.435,0.781,23,75,69,14,20,5,1,1,7,3,3,2,2,1,0.069,0,0
"Samantha Mundine","RF",0.358,0.406,0.463,0.869,32,106,95,11,34,8,1,0,24,1,8,5,3,1,0.275,0.342,0.29,0.632,21,76,69,6,19,1,0,0,4,1,6,5,3,2,0.083,0,0
"Taniece Tyson","DH",0.349,0.404,0.512,0.916,15,48,43,2,15,4,0,1,6,1,3,2,0,0,0.244,0.279,0.512,0.791,16,43,41,4,10,2,0,3,6,0,2,8,0,0,0.105,0,0
"Abby Andersen","RF",0.347,0.389,0.388,0.777,18,55,49,10,17,2,0,0,8,0,4,4,8,1,0.28,0.321,0.3,0.621,20,54,50,6,14,1,0,0,2,0,3,5,4,1,0.0669999999999999,0,0
"Tehya Pitts","CF",0.343,0.369,0.394,0.763,36,104,99,17,34,3,1,0,2,0,4,13,12,4,0.256,0.275,0.256,0.531,13,40,39,4,10,0,0,0,1,0,1,8,7,0,0.087,0,0
"Taylor Williams","2B",0.341,0.4,0.386,0.786,16,51,44,8,15,2,0,0,2,1,4,5,3,0,0.271,0.368,0.407,0.774,20,69,59,8,16,2,3,0,7,0,9,10,2,1,0.07,0,0
"Dariane Cram","CF",0.34,0.459,0.34,0.799,19,65,50,13,17,0,0,0,7,2,9,6,1,1,0.227,0.346,0.25,0.596,16,52,44,5,10,1,0,0,1,0,8,8,1,0,0.113,0,0
"Diamond Sefe","C",0.338,0.42,0.532,0.953,35,88,77,12,26,6,0,3,13,2,9,8,9,1,0.167,0.342,0.3,0.642,13,39,30,2,5,4,0,0,1,3,5,3,2,1,0.171,0,0
"Reagan Heflin","LF",0.333,0.378,0.391,0.77,22,77,69,8,23,4,0,0,10,0,5,11,2,0,0.247,0.272,0.39,0.661,24,83,77,13,19,7,2,0,8,0,3,9,4,0,0.086,0,0
"Audrey Greely","DP",0.328,0.406,0.448,0.854,25,72,58,19,19,2,1,1,11,1,8,11,12,0,0.338,0.375,0.462,0.837,23,72,65,9,22,5,0,1,13,0,5,15,4,0,-0.01,0,0
"Colleen Kulivan","RF",0.327,0.364,0.442,0.806,24,60,52,10,17,1,1,1,11,1,2,10,9,1,0.31,0.344,0.362,0.706,23,63,58,9,18,3,0,0,5,0,3,9,4,1,0.017,0,0
"Chloe Magee","SS",0.324,0.395,0.353,0.748,25,83,68,19,22,2,0,0,9,1,7,15,16,2,0.28,0.316,0.32,0.636,23,84,75,16,21,1,1,0,1,1,3,9,7,1,0.044,0,0
"Maria Detillier","3B",0.319,0.41,0.551,0.96,25,86,69,16,22,4,3,2,19,0,12,9,3,0,0.338,0.392,0.437,0.829,23,81,71,16,24,4,0,1,15,0,7,4,4,2,-0.019,0,0
"Shenita Tucker","CF",0.318,0.378,0.394,0.772,21,77,66,15,21,3,1,0,5,0,7,8,7,3,0.317,0.434,0.444,0.879,21,76,63,17,20,3,1,1,7,1,12,8,13,1,0.001,0,0
"Trinity Brandon","3B",0.308,0.379,0.462,0.841,17,58,52,9,16,4,2,0,8,2,4,9,2,0,0.274,0.318,0.435,0.754,20,66,62,11,17,4,0,2,11,0,4,14,2,1,0.034,0,0
"Sidney Campion","CF",0.308,0.357,0.385,0.742,15,43,39,9,12,1,1,0,1,0,3,9,3,3,0.17,0.17,0.255,0.426,17,48,47,1,8,4,0,0,4,0,0,16,0,0,0.138,0,0
"Cam Goodman","CF",0.306,0.469,0.306,0.775,25,65,49,15,15,0,0,0,8,0,15,7,13,5,0.327,0.431,0.382,0.813,23,67,55,10,18,0,0,1,6,0,10,8,10,1,-0.021,0,0
"Alina Jasso","LF",0.304,0.34,0.37,0.71,15,51,46,7,14,3,0,0,5,0,3,7,7,0,0.205,0.286,0.227,0.513,15,49,44,6,9,1,0,0,2,0,5,12,3,1,0.099,0,0
"Juls Garcia","LF",0.302,0.313,0.413,0.725,21,66,63,9,19,1,3,0,7,0,1,7,2,1,0.264,0.328,0.321,0.648,21,59,53,9,14,1,1,0,0,0,5,11,6,2,0.038,0,0
"Lexi Johnson","1B",0.297,0.325,0.527,0.852,25,79,74,11,22,5,0,4,20,0,3,9,1,0,0.397,0.432,0.632,1.065,23,75,68,12,27,5,1,3,17,0,5,8,1,0,-0.1,0,0
"Erin Krause","3B",0.286,0.349,0.446,0.796,20,64,56,8,16,5,2,0,7,1,5,7,4,1,0.246,0.329,0.308,0.636,24,75,65,8,16,4,0,0,1,1,7,9,2,2,0.04,0,0
"Claire Sisco","2B",0.283,0.386,0.35,0.736,22,74,60,12,17,2,1,0,7,5,5,8,7,1,0.216,0.28,0.27,0.551,24,84,74,8,16,1,0,1,5,0,7,10,5,0,0.067,0,0
"Samantha Gwiazda","SS",0.282,0.349,0.385,0.733,21,47,39,11,11,1,0,1,4,1,3,10,6,0,0.189,0.204,0.208,0.411,24,56,53,4,10,1,0,0,0,1,0,12,6,1,0.093,0,0
"Rylie Bouvier","3B",0.277,0.4,0.431,0.831,29,84,65,20,18,2,1,2,11,1,13,5,8,1,0.315,0.383,0.389,0.772,19,61,54,7,17,2,1,0,11,3,3,5,6,1,-0.038,0,0
"Isabella Arzola","LF",0.272,0.33,0.284,0.613,36,92,81,9,22,1,0,0,6,0,7,16,11,3,0.143,0.189,0.143,0.332,15,40,35,0,5,0,0,0,5,0,2,4,1,0,0.129,0,0
"Crislyne Moreno","LF",0.267,0.333,0.387,0.72,29,87,75,17,20,7,1,0,12,2,6,14,9,0,0.235,0.298,0.431,0.73,19,58,51,7,12,4,0,2,12,1,4,10,6,0,0.032,0,0
"Ashlynn Griffith","RF",0.266,0.28,0.291,0.572,36,84,79,11,21,2,0,0,2,0,2,13,13,1,0.176,0.176,0.176,0.353,11,17,17,0,3,0,0,0,1,0,0,5,1,0,0.09,0,0
"Ab Garcia","CF",0.265,0.296,0.309,0.605,21,72,68,8,18,1,1,0,2,0,3,5,6,1,0.243,0.274,0.286,0.56,20,73,70,7,17,1,1,0,1,0,3,18,5,0,0.022,0,0
"Maddy Bailey","RF",0.264,0.35,0.434,0.784,20,60,53,11,14,3,0,2,12,0,7,14,1,0,0.271,0.353,0.492,0.844,22,68,59,7,16,4,0,3,15,0,8,16,0,0,-0.00700000000000001,0,0
"Molly VandenBout","DP",0.263,0.3,0.447,0.747,16,40,38,3,10,1,0,2,6,2,0,8,0,0,0.203,0.277,0.39,0.667,23,65,59,4,12,2,0,3,6,1,5,5,1,0,0.06,0,0
"Isabella Hune","RF",0.263,0.3,0.263,0.563,11,20,19,1,5,0,0,0,0,0,1,2,5,0,0.214,0.241,0.286,0.527,13,29,28,2,6,2,0,0,2,0,1,6,0,1,0.049,0,0
"Mia Liscano","SS",0.262,0.273,0.31,0.582,16,45,42,5,11,2,0,0,6,1,0,2,1,0,0.208,0.236,0.264,0.501,19,56,53,7,11,3,0,0,2,0,2,8,1,1,0.054,0,0
"Reese Reyna","SS",0.26,0.419,0.37,0.789,33,94,73,15,19,6,1,0,7,4,16,9,8,1,0.234,0.302,0.319,0.621,20,57,47,4,11,2,1,0,10,2,3,9,5,2,0.026,0,0
"Cameron Niedenthal","DP",0.259,0.333,0.407,0.741,21,64,54,3,14,2,0,2,8,0,7,9,0,0,0.185,0.302,0.222,0.524,21,63,54,2,10,2,0,0,6,1,8,7,1,0,0.074,0,0
"Mariana Torres","2B",0.256,0.326,0.41,0.736,33,92,78,14,20,4,1,2,16,1,8,10,7,1,0.308,0.345,0.462,0.807,21,59,52,9,16,4,2,0,4,1,2,8,5,0,-0.052,0,0
"Kaicey Hagler","2B",0.255,0.333,0.373,0.706,21,61,51,9,13,1,1,1,6,0,7,13,0,0,0.263,0.371,0.386,0.757,22,71,57,4,15,2,1,1,8,0,11,12,0,0,-0.00800000000000001,0,0
"Darby Hickey","1B",0.254,0.306,0.313,0.619,30,74,67,4,17,4,0,0,12,0,5,15,2,0,0.105,0.346,0.105,0.451,13,26,19,0,2,0,0,0,1,1,6,4,0,0,0.149,0,0
"Alexa Poche'","1B",0.25,0.344,0.375,0.719,21,65,56,9,14,2,1,1,7,2,6,4,1,0,0.279,0.309,0.508,0.817,22,69,61,6,17,5,0,3,13,0,4,4,0,0,-0.029,0,0
"Gabby Higbee","CF",0.25,0.277,0.477,0.754,18,48,44,7,11,4,0,2,10,0,2,8,2,1,0.19,0.238,0.328,0.566,21,64,58,5,11,2,0,2,7,0,4,10,2,1,0.06,0,0
"Ryleigh Mata","2B",0.246,0.387,0.377,0.764,23,78,61,16,15,1,2,1,11,2,12,5,0,0,0.333,0.356,0.386,0.742,18,60,57,6,19,1,1,0,6,1,1,3,1,0,-0.087,0,0
"Ashlyn Walker","C",0.243,0.364,0.324,0.688,14,44,37,5,9,3,0,0,4,3,4,6,0,0,0.321,0.309,0.321,0.63,20,56,53,3,17,0,0,0,7,0,0,5,0,0,-0.078,0,0
"Kalyn Xayaseng","LF",0.243,0.364,0.324,0.688,20,45,37,7,9,1,1,0,3,1,6,8,0,0,0.257,0.435,0.257,0.692,18,46,35,6,9,0,0,0,1,2,9,8,2,0,-0.014,0,0
"Aly Delafield","1B",0.242,0.342,0.424,0.766,14,38,33,4,8,2,2,0,0,1,4,7,0,0,0.103,0.212,0.138,0.35,14,35,29,3,3,1,0,0,1,1,3,5,0,0,0.139,0,0
"Haylie Savage","SS",0.239,0.325,0.478,0.802,22,78,67,16,16,4,0,4,12,2,7,9,3,0,0.333,0.4,0.583,0.983,23,81,72,18,24,4,1,4,12,0,8,9,3,2,-0.094,0,0
"Emmie Miehe","2B",0.231,0.315,0.323,0.638,31,74,65,13,15,6,0,0,4,0,8,15,2,1,0.077,0.077,0.115,0.192,14,27,26,1,2,1,0,0,1,0,0,8,0,0,0.154,0,0
"Charli Anger","3B",0.207,0.239,0.322,0.561,33,93,87,7,18,4,0,2,14,0,4,11,1,0,0.265,0.324,0.441,0.766,14,40,34,2,9,0,0,2,6,0,3,4,0,1,-0.058,0,0
"Laney Roos","RF",0.205,0.407,0.282,0.689,17,55,39,10,8,1,1,0,4,1,13,4,2,0,0.263,0.364,0.316,0.679,20,67,57,5,15,0,0,1,6,1,8,5,0,0,-0.058,0,0
"Kimane Rogron","3B",0.182,0.265,0.273,0.538,15,50,44,7,8,2,1,0,4,1,4,1,1,0,0.18,0.226,0.26,0.486,17,54,50,5,9,1,0,1,7,0,3,3,1,0,0.002,0,0
"Tatum Wright","1B",0.18,0.231,0.23,0.46,29,65,61,4,11,3,0,0,7,1,3,7,3,0,0.323,0.4,0.452,0.852,14,36,31,2,10,4,0,0,2,0,4,6,0,1,-0.143,0,0
"Paolina Baez","2B",0.175,0.214,0.275,0.489,15,44,40,5,7,1,0,1,7,0,2,10,2,0,0.227,0.32,0.273,0.593,17,51,44,5,10,2,0,0,2,1,5,7,0,1,-0.052,0,0
"Brooke Davis","RF",0.167,0.265,0.214,0.48,19,52,42,6,7,2,0,0,5,0,6,6,0,1,0.208,0.309,0.292,0.601,18,55,48,6,10,2,1,0,5,1,6,7,3,0,-0.041,0,0
"Veronica Harrison","1B",0.136,0.235,0.237,0.473,21,68,59,3,8,1,1,1,6,1,7,11,0,0,0.355,0.429,0.468,0.896,21,70,62,3,22,4,0,1,15,0,8,3,0,0,-0.219,0,0
"Rylie Rutherford","C",0.067,0.122,0.133,0.256,17,50,45,2,3,0,0,1,6,1,2,9,1,0,0.367,0.436,0.592,1.028,20,56,49,5,18,5,0,2,7,4,2,6,0,1,-0.3,0,0
"Nyomi Jones","CF",0.535,0.565,0.721,1.286,14,48,43,15,23,1,2,1,9,0,3,1,5,0,0.356,0.383,0.356,0.739,13,47,45,6,16,0,0,0,5,0,2,3,1,0,0.179,0,0
"Paris Johnson","CF",0.528,0.553,0.694,1.247,10,40,36,11,19,4,1,0,4,0,2,0,13,1,0.348,0.375,0.413,0.788,15,48,46,11,16,0,0,1,2,1,1,3,7,0,0.18,0,0
"Audrey Garcia","CF",0.516,0.556,0.613,1.168,13,38,31,10,16,3,0,0,11,0,4,2,0,1,0.341,0.42,0.386,0.806,18,50,44,9,15,2,0,0,2,1,5,10,0,0,0.175,0,0
"Biviana Figueroa","C",0.477,0.533,0.659,1.192,16,60,44,15,21,2,0,2,18,1,10,4,5,0,0.407,0.492,0.722,1.215,18,65,54,9,22,3,1,4,13,1,9,5,0,0,0.07,0,0
"Dakota Daniels","CF",0.475,0.512,0.625,1.137,13,43,40,10,19,2,2,0,5,0,3,9,15,1,0.357,0.4,0.405,0.805,13,45,42,8,15,0,1,0,1,0,3,6,3,0,0.118,0,0
"Jaylyn Davis","3B",0.465,0.552,0.698,1.249,16,58,43,15,20,4,0,2,20,2,10,5,0,0,0.333,0.413,0.63,1.042,19,63,54,7,18,4,0,4,13,1,7,14,0,2,0.132,0,0
"Mia Nunez","LF",0.435,0.533,0.913,1.446,16,61,46,24,20,6,2,4,18,1,11,6,5,0,0.356,0.451,0.508,0.959,19,71,59,10,21,3,0,2,18,1,10,6,6,2,0.079,0,0
"Kindall DeRamus","CF",0.423,0.506,0.592,1.097,25,86,71,30,30,4,4,0,16,1,12,4,10,2,0.442,0.51,0.674,1.185,13,49,43,17,19,2,4,0,9,0,6,0,4,2,-0.019,0,0
"Kendall Smiley","RF",0.415,0.417,0.524,0.941,27,89,82,20,34,1,4,0,10,0,1,5,14,0,0.369,0.379,0.508,0.886,19,66,65,15,24,3,3,0,11,0,1,6,6,2,0.046,0,0
"Brooklyn Scott","LF",0.413,0.442,0.63,1.073,16,52,46,11,19,8,1,0,7,0,4,1,4,0,0.278,0.297,0.361,0.658,11,37,36,6,10,1,1,0,4,0,1,6,3,0,0.135,0,0
"Mia Blasingane","RF",0.4,0.417,0.429,0.845,15,39,35,6,14,1,0,0,5,0,1,3,1,0,0.419,0.438,0.419,0.857,14,33,31,11,13,0,0,0,3,1,0,4,5,0,-0.019,0,0
"Joslynn Davis","CF",0.395,0.409,0.419,0.828,17,51,43,12,17,1,0,0,5,0,1,5,4,0,0.333,0.375,0.356,0.731,15,49,45,16,15,1,0,0,6,0,3,2,8,2,0.062,0,0
"Katie Puckett","3B",0.381,0.409,0.571,0.981,14,44,42,3,16,6,1,0,4,1,1,10,0,0,0.324,0.425,0.471,0.896,14,41,34,3,11,5,0,0,7,1,5,6,0,0,0.057,0,0
"Faith Cross","1B",0.379,0.486,0.552,1.037,13,35,29,7,11,3,1,0,7,1,5,2,3,0,0.192,0.276,0.231,0.507,11,32,26,4,5,1,0,0,1,1,2,1,0,1,0.187,0,0
"Kiauna Watson","2B",0.375,0.468,0.575,1.043,15,50,40,16,15,2,3,0,12,0,7,2,8,1,0.217,0.265,0.239,0.504,16,52,46,8,10,1,0,0,5,0,3,11,1,0,0.158,0,0
"Jaeslyn Frazier","3B",0.368,0.415,0.605,1.02,15,41,38,5,14,0,0,3,7,1,2,5,0,0,0.19,0.393,0.238,0.631,12,28,21,5,4,1,0,0,1,4,3,4,0,0,0.178,0,0
"Ja'Lynn Swiney","3B",0.367,0.394,0.4,0.794,11,33,30,7,11,1,0,0,6,0,2,3,0,0,0.302,0.348,0.442,0.79,18,47,43,7,13,3,0,1,8,0,3,9,0,0,0.065,0,0
"Amaya Gainer","SS",0.366,0.438,0.488,0.925,15,48,41,10,15,3,1,0,7,2,4,3,2,0,0.356,0.38,0.422,0.802,15,50,45,11,16,1,1,0,9,1,2,2,4,0,0.01,0,0
"Jaeda Gardner","2B",0.366,0.438,0.38,0.818,27,81,71,21,26,1,0,0,5,1,8,12,19,2,0.308,0.318,0.385,0.703,20,66,65,15,20,3,1,0,9,0,1,10,5,1,0.058,0,0
"Julie Lopez","SS",0.364,0.41,0.436,0.846,20,62,55,7,20,4,0,0,13,0,5,6,3,0,0.212,0.267,0.327,0.594,18,60,52,9,11,1,1,1,8,0,5,3,3,0,0.152,0,0
"Essence Gibbs","RF",0.358,0.452,0.509,0.961,17,64,53,17,19,0,4,0,9,0,9,6,9,1,0.308,0.379,0.327,0.706,16,58,52,17,16,1,0,0,9,0,6,9,11,0,0.05,0,0
"Jace Jackson","3B",0.357,0.441,0.536,0.977,20,68,56,14,20,6,2,0,18,2,8,5,4,0,0.306,0.386,0.419,0.805,19,70,62,12,19,2,1,1,15,0,8,9,7,0,0.051,0,0
"Tavia Leadon","1B",0.349,0.404,0.512,0.916,15,47,43,4,15,7,0,0,6,0,4,3,0,0,0.358,0.37,0.566,0.936,17,54,53,3,19,0,1,3,12,0,1,8,0,0,-0.00900000000000001,0,0
"Jessica Alaan","2B",0.348,0.358,0.413,0.772,16,55,46,8,16,3,0,0,14,1,2,1,4,0,0.36,0.4,0.44,0.84,16,57,50,7,18,4,0,0,11,0,4,1,3,0,-0.012,0,0
"Marisa Perla","SS",0.344,0.371,0.5,0.871,12,35,32,5,11,2,0,1,5,0,2,4,0,0,0.16,0.222,0.24,0.462,18,56,50,4,8,1,0,1,3,0,4,6,0,0,0.184,0,0
"Briana Velasquez","SS",0.343,0.409,0.429,0.838,15,47,35,7,12,3,0,0,7,0,6,3,3,0,0.38,0.404,0.54,0.944,16,53,50,14,19,5,0,1,12,0,2,3,3,0,-0.037,0,0
"Aerin Talley","2B",0.333,0.381,0.872,1.253,15,43,39,12,13,4,1,5,14,0,3,7,4,0,0.226,0.241,0.566,0.807,19,54,53,8,12,3,0,5,15,0,1,15,0,0,0.107,0,0
"Allyson Riches","CF",0.333,0.429,0.361,0.79,13,44,36,6,12,1,0,0,4,1,5,2,2,0,0.303,0.41,0.424,0.834,13,40,33,4,10,4,0,0,2,0,6,4,0,0,0.03,0,0
"Hannah Garza","1B",0.333,0.481,0.762,1.243,10,29,21,3,7,3,0,2,12,0,6,1,1,0,0.188,0.308,0.188,0.495,16,43,32,2,6,0,0,0,4,2,4,9,1,0,0.145,0,0
"Kamryn Broussard","LF",0.333,0.42,0.429,0.849,15,50,42,7,14,2,1,0,2,2,5,5,3,2,0.289,0.313,0.378,0.69,15,48,45,7,13,2,1,0,3,1,1,6,2,0,0.044,0,0
"Jade Smith","CF",0.325,0.413,0.45,0.863,14,46,40,6,13,1,2,0,2,2,4,4,4,1,0.229,0.288,0.333,0.622,16,53,48,9,11,1,2,0,1,0,4,13,4,0,0.096,0,0
"Amari Broughton","3B",0.321,0.367,0.464,0.831,21,61,56,9,18,5,0,1,13,0,4,8,1,0,0.282,0.429,0.385,0.813,15,50,39,3,11,1,0,1,6,3,7,10,0,1,0.039,0,0
"Brooke Ramsey","C",0.317,0.344,0.4,0.744,25,65,60,7,19,3,1,0,20,0,3,3,3,0,0.224,0.25,0.259,0.509,19,60,58,12,13,2,0,0,4,0,2,4,8,2,0.093,0,0
"Kalyiah Gibson","RF",0.317,0.411,0.317,0.728,20,73,63,16,20,0,0,0,6,0,10,19,23,0,0.328,0.368,0.406,0.774,18,68,64,14,21,1,2,0,9,0,4,16,10,2,-0.011,0,0
"Nyah Morgan","C",0.316,0.404,0.579,0.983,16,47,38,8,12,3,2,1,15,2,5,3,0,0,0.308,0.396,0.436,0.832,16,49,39,5,12,3,1,0,8,2,5,7,2,0,0.00800000000000001,0,0
"Kiri Parker","P",0.313,0.333,0.563,0.896,12,33,32,3,10,1,2,1,4,0,1,8,0,0,0.136,0.17,0.205,0.375,18,47,44,3,6,3,0,0,4,0,2,13,0,0,0.177,0,0
"Karisma Garcia","C",0.303,0.4,0.455,0.855,12,41,33,1,10,2,0,1,8,0,6,5,0,0,0.283,0.364,0.391,0.755,17,56,46,4,13,2,0,1,14,0,7,6,0,1,0.02,0,0
"Alexia Denby","RF",0.301,0.338,0.425,0.762,26,80,73,9,22,5,2,0,14,0,5,17,5,0,0.313,0.353,0.5,0.853,17,51,48,7,15,4,1,1,9,0,3,14,3,0,-0.012,0,0
"Meah Almaraz","1B",0.295,0.357,0.344,0.701,20,70,61,9,18,3,0,0,16,0,7,12,0,0,0.219,0.25,0.266,0.516,19,68,64,5,14,3,0,0,12,0,3,15,1,0,0.076,0,0
"Olivia Miller","SS",0.294,0.351,0.353,0.704,11,37,34,5,10,2,0,0,3,0,3,4,4,0,0.216,0.318,0.243,0.561,17,45,37,3,8,1,0,0,5,1,5,7,3,3,0.078,0,0
"Hermariya Stephens","CF",0.291,0.409,0.4,0.809,19,68,55,16,16,2,2,0,6,0,11,15,11,2,0.322,0.364,0.441,0.804,19,68,59,18,19,3,2,0,5,1,4,11,17,1,-0.031,0,0
"Deana Zuniga","LF",0.29,0.378,0.387,0.765,12,40,31,4,9,1,1,0,4,0,5,7,2,0,0.222,0.243,0.25,0.493,13,40,36,5,8,1,0,0,2,0,1,10,0,0,0.068,0,0
"Alana Mark","1B",0.286,0.345,0.551,0.896,16,55,49,6,14,4,0,3,10,0,5,8,2,0,0.44,0.491,0.54,1.031,15,57,50,7,22,2,0,1,9,1,5,6,0,1,-0.154,0,0
"Thais Uyema","C",0.282,0.364,0.282,0.646,16,47,39,10,11,0,0,0,3,3,2,0,4,0,0.318,0.348,0.364,0.711,16,48,44,9,14,2,0,0,4,0,2,3,1,1,-0.036,0,0
"Kristian Edwards","CF",0.282,0.364,0.333,0.697,13,46,39,3,11,2,0,0,3,0,5,5,8,2,0.228,0.302,0.246,0.547,21,64,57,6,13,1,0,0,3,0,6,9,5,1,0.054,0,0
"Saniah Henderson","1B",0.273,0.304,0.364,0.668,8,23,22,2,6,2,0,0,5,0,1,2,0,0,0.333,0.362,0.511,0.873,16,47,45,5,15,2,0,2,4,0,2,13,0,0,-0.06,0,0
"Brianna Duggins","1B",0.27,0.325,0.405,0.73,14,40,37,7,10,1,2,0,7,0,3,3,1,0,0.286,0.302,0.405,0.707,16,43,42,3,12,3,1,0,7,0,1,7,1,0,-0.016,0,0
"Deija Russell","RF",0.269,0.333,0.308,0.641,12,31,26,1,7,1,0,0,4,0,3,5,0,1,0.061,0.088,0.121,0.209,13,34,33,2,2,2,0,0,0,0,1,14,0,0,0.208,0,0
"Asia George","CF",0.267,0.313,0.489,0.801,14,48,45,10,12,2,4,0,1,2,1,10,5,1,0.34,0.415,0.426,0.841,14,53,47,8,16,2,1,0,12,0,6,1,4,2,-0.073,0,0
"Joyce Bloome","DP",0.267,0.283,0.267,0.549,16,48,45,10,12,0,0,0,4,0,1,8,5,1,0.216,0.275,0.216,0.491,13,42,37,9,8,0,0,0,6,0,3,7,11,0,0.051,0,0
"Shalin Charles","DH",0.265,0.333,0.429,0.762,20,54,49,4,13,2,0,2,8,1,4,10,0,0,0.237,0.256,0.263,0.52,14,39,38,1,9,1,0,0,5,1,0,11,0,0,0.028,0,0
"Pamela Richardson","RF",0.261,0.346,0.261,0.607,9,30,23,5,6,0,0,0,1,0,3,3,5,0,0.348,0.423,0.348,0.771,16,58,46,7,16,0,0,0,5,0,6,7,4,1,-0.087,0,0
"Kaitlyn Harper","C",0.257,0.297,0.314,0.612,14,37,35,2,9,2,0,0,1,0,2,5,0,0,0.279,0.304,0.395,0.7,15,46,43,4,12,2,0,1,7,0,2,7,0,1,-0.022,0,0
"Jayda Williams","C",0.25,0.364,0.286,0.649,14,37,28,1,7,1,0,0,2,1,4,9,0,1,0.071,0.161,0.107,0.268,14,31,28,2,2,1,0,0,2,1,2,12,0,0,0.179,0,0
"Katelynn Walls","SS",0.25,0.362,0.275,0.637,15,50,40,5,10,1,0,0,3,0,7,7,5,0,0.222,0.327,0.267,0.594,17,53,45,8,10,2,0,0,2,1,6,9,9,0,0.028,0,0
"Kallie Earlington","3B",0.25,0.321,0.417,0.738,10,29,24,3,6,2,1,0,4,0,3,3,0,0,0.258,0.375,0.258,0.633,15,40,31,3,8,0,0,0,8,0,7,1,2,0,-0.00800000000000001,0,0
"Samantha Smith","P",0.25,0.342,0.469,0.811,13,38,32,4,8,2,1,1,12,0,5,3,1,0,0.353,0.425,0.559,0.984,13,40,34,4,12,4,0,1,10,0,5,3,1,0,-0.103,0,0
"Sydney Wesley","DH",0.241,0.306,0.278,0.584,17,62,54,4,13,2,0,0,5,0,6,8,6,2,0.263,0.326,0.289,0.615,14,44,38,6,10,1,0,0,4,0,4,4,2,0,-0.022,0,0
"Hannah Miller","2B",0.241,0.313,0.31,0.623,13,32,29,3,7,0,1,0,1,1,2,6,1,0,0.361,0.429,0.528,0.956,17,43,36,5,13,4,1,0,4,2,3,10,4,1,-0.12,0,0
"Destinee Smith","SS",0.237,0.375,0.263,0.638,15,49,38,12,9,1,0,0,6,0,9,2,7,0,0.136,0.235,0.205,0.44,18,52,44,6,6,0,0,1,4,0,6,9,5,0,0.101,0,0
"Leah Richardson","1B",0.234,0.309,0.319,0.628,24,55,47,6,11,2,1,0,14,0,6,5,0,0,0.268,0.348,0.39,0.738,15,46,41,2,11,2,0,1,7,2,3,5,0,0,-0.034,0,0
"Aylani Ottley","3B",0.233,0.343,0.233,0.576,15,35,30,5,7,0,0,0,0,1,4,11,2,1,0.143,0.231,0.143,0.374,14,41,35,6,5,0,0,0,1,0,4,11,10,0,0.09,0,0
"Ta'mya Johnson","CF",0.231,0.362,0.333,0.695,15,48,39,5,9,1,0,1,3,1,7,3,5,1,0.2,0.267,0.218,0.485,17,60,55,5,11,1,0,0,1,2,3,8,2,2,0.031,0,0
"Makyia Taylor","C",0.224,0.25,0.408,0.658,16,52,49,6,11,3,0,2,5,1,1,4,1,0,0.298,0.365,0.383,0.748,15,52,47,5,14,4,0,0,13,0,5,5,3,0,-0.074,0,0
"Kelsey Lockridge","1B",0.222,0.282,0.25,0.532,13,40,36,1,8,1,0,0,3,1,2,9,0,1,0.17,0.216,0.234,0.45,18,51,47,2,8,3,0,0,6,2,1,11,1,0,0.052,0,0
"Iyanna Canada","RF",0.219,0.242,0.219,0.461,13,37,32,6,7,0,0,0,3,0,1,6,6,0,0.091,0.091,0.091,0.182,9,22,22,1,2,0,0,0,0,0,0,4,1,0,0.128,0,0
"Alana Scott","SS",0.219,0.276,0.313,0.589,25,80,64,14,14,1,1,1,17,0,7,9,6,1,0.321,0.361,0.589,0.95,20,62,56,10,18,5,2,2,18,1,3,7,6,1,-0.102,0,0
"Samiyyah Huckabee","2B",0.213,0.245,0.319,0.564,17,49,47,13,10,2,0,1,7,0,2,6,11,0,0.156,0.25,0.219,0.469,15,38,32,8,5,0,1,0,2,0,4,4,7,1,0.057,0,0
"Beija Allen","LF",0.212,0.413,0.364,0.777,16,49,33,11,7,5,0,0,4,3,9,8,3,0,0.256,0.434,0.282,0.716,17,54,39,8,10,1,0,0,7,2,11,9,1,0,-0.044,0,0
"Genise Wells","3B",0.211,0.318,0.211,0.529,13,44,38,6,8,0,0,0,6,0,6,5,4,1,0.091,0.146,0.091,0.237,17,48,44,2,4,0,0,0,2,1,2,8,1,0,0.12,0,0
"McKenzie Ogden","LF",0.2,0.333,0.233,0.567,13,37,30,3,6,1,0,0,2,0,6,7,3,0,0.286,0.348,0.286,0.634,15,47,42,8,12,0,0,0,1,0,4,5,1,1,-0.086,0,0
"Zahria Jones","DP",0.194,0.265,0.419,0.684,12,34,31,6,6,1,0,2,7,1,2,6,1,0,0.211,0.375,0.316,0.691,10,25,19,0,4,2,0,0,4,2,3,4,1,0,-0.017,0,0
"Jada Carhee","SS",0.188,0.25,0.292,0.542,19,52,48,8,9,3,1,0,5,1,3,14,4,1,0.179,0.324,0.179,0.502,12,34,28,3,5,0,0,0,4,3,3,9,0,0,0.00900000000000001,0,0
"Keira Miracle-Tilford","RF",0.182,0.217,0.364,0.581,16,48,44,8,8,1,2,1,7,0,2,5,0,1,0.237,0.341,0.237,0.578,14,45,38,7,9,0,0,0,4,1,5,4,2,1,-0.055,0,0
"Gabrielle Willis","LF",0.147,0.216,0.235,0.452,16,39,34,6,5,1,1,0,7,0,3,5,3,0,0.341,0.408,0.386,0.795,18,51,44,5,15,0,1,0,10,0,5,6,3,0,-0.194,0,0
"Samaria Jackson","1B",0.143,0.186,0.214,0.401,21,61,56,5,8,2,1,0,6,0,3,9,0,0,0.233,0.292,0.535,0.827,16,48,43,8,10,1,0,4,12,1,3,11,1,0,-0.09,0,0
"Aulora Edwards","1B",0.138,0.167,0.172,0.339,13,30,29,2,4,1,0,0,3,0,1,6,1,0,0.306,0.419,0.333,0.752,15,45,36,3,11,1,0,0,1,1,6,7,1,2,-0.168,0,0
"Jasmine Carlson","RF",0.114,0.17,0.114,0.284,20,48,44,2,5,0,0,0,1,0,3,15,2,0,0.107,0.219,0.107,0.326,14,32,28,3,3,0,0,0,0,0,4,9,2,0,0.00700000000000001,0,0
"Angel Morales","1B",0.111,0.357,0.111,0.468,9,28,18,1,2,0,0,0,4,0,8,3,0,0,0.389,0.54,0.417,0.957,17,50,36,2,14,1,0,0,6,0,13,7,0,0,-0.278,0,0
"Hillary Victor","SS",0.077,0.314,0.077,0.391,14,35,26,3,2,0,0,0,1,0,9,5,0,0,0.154,0.283,0.179,0.462,16,48,39,6,6,1,0,0,2,0,7,9,1,3,-0.077,0,0
"Haley Akers","LF",0.071,0.103,0.107,0.211,13,29,28,1,2,1,0,0,2,0,1,8,0,0,0.2,0.214,0.225,0.439,15,42,40,3,8,1,0,0,7,0,1,5,2,0,-0.129,0,0
"Reed Butler","CF",0.506,0.587,0.857,1.444,24,93,77,33,39,4,1,7,22,1,14,7,4,1,0.358,0.452,0.509,0.961,17,62,53,12,19,5,0,1,9,1,8,8,2,0,0.148,0,0
"Mihyia Davis","CF",0.447,0.475,0.511,0.985,28,99,94,27,42,4,1,0,9,0,5,5,13,4,0.426,0.471,0.521,0.992,26,102,94,17,40,5,2,0,6,1,7,10,9,1,0.021,0,0
"KK Mathis","1B",0.443,0.541,0.829,1.37,23,85,70,23,31,9,0,6,21,1,14,8,5,2,0.25,0.323,0.375,0.698,17,62,56,5,14,1,0,2,7,1,5,7,1,0,0.193,0,0
"Hannah Borden","C",0.431,0.532,1,1.532,16,62,51,15,22,5,0,8,18,1,10,5,0,0,0.339,0.446,0.645,1.091,20,74,62,14,21,1,0,6,11,1,11,13,1,0,0.092,0,0
"Bella Henzler","C",0.431,0.494,0.806,1.3,22,83,72,26,31,3,0,8,23,3,7,7,2,0,0.345,0.367,0.586,0.953,17,60,58,8,20,5,0,3,6,0,2,5,2,0,0.086,0,0
"Hallie Hall","RF",0.427,0.482,0.68,1.162,24,84,75,15,32,7,0,4,19,1,7,3,1,0,0.222,0.25,0.407,0.657,17,60,54,7,12,1,0,3,7,0,2,7,0,0,0.205,0,0
"Maddie Hayden","LF",0.424,0.474,0.541,1.015,28,96,85,29,36,8,1,0,21,2,7,3,12,3,0.247,0.293,0.259,0.552,25,93,85,15,21,1,0,0,5,1,5,2,5,2,0.177,0,0
"Hannah Earls","SS",0.423,0.462,0.432,0.895,33,121,111,23,47,1,0,0,10,0,8,5,13,2,0.243,0.312,0.243,0.555,19,79,70,9,17,0,0,0,2,0,7,6,3,0,0.18,0,0
"Brooklyn Ulrich","2B",0.42,0.474,0.841,1.314,20,76,69,16,29,11,0,6,16,0,7,14,0,1,0.359,0.411,0.75,1.161,20,73,64,17,23,4,0,7,24,1,6,12,1,0,0.061,0,0
"Kayt Houston","RF",0.417,0.493,0.783,1.276,19,71,60,13,25,5,1,5,17,0,10,11,2,0,0.426,0.507,0.721,1.228,19,71,61,16,26,6,0,4,10,1,9,6,5,1,-0.00900000000000001,0,0
"Emma Davis","CF",0.41,0.51,0.446,0.956,27,103,83,21,34,3,0,0,13,1,16,2,11,2,0.322,0.394,0.407,0.801,17,66,59,14,19,2,0,1,5,1,6,5,2,0,0.088,0,0
"Peyton Darnell","C",0.4,0.439,0.717,1.156,19,66,60,12,24,4,0,5,18,0,5,5,0,0,0.246,0.277,0.41,0.687,19,66,61,4,15,7,0,1,10,0,3,9,0,0,0.154,0,0
"Addie Wray","CF",0.4,0.423,0.54,0.963,19,54,50,9,20,1,3,0,9,0,2,3,0,0,0.211,0.211,0.211,0.421,19,58,57,4,12,0,0,0,1,0,0,5,0,0,0.189,0,0
"Lourdes Bacon","LF",0.4,0.44,0.419,0.859,32,117,105,24,42,2,0,0,7,0,9,6,15,2,0.339,0.439,0.357,0.797,16,66,56,13,19,1,0,0,4,0,10,1,6,0,0.061,0,0
"Bub Feringa","P",0.397,0.478,0.569,1.047,20,69,58,5,23,10,0,0,13,0,10,2,1,0,0.315,0.439,0.389,0.828,20,66,54,4,17,1,0,1,8,1,11,5,0,0,0.082,0,0
"Bailey Welch","LF",0.39,0.449,0.561,1.01,18,51,41,6,16,3,2,0,7,0,6,6,3,0,0.273,0.448,0.432,0.88,20,63,44,7,12,1,0,2,9,1,13,5,1,0,0.117,0,0
"Carys Platt","CF",0.384,0.475,0.43,0.905,32,106,86,24,33,2,1,0,16,1,14,14,10,3,0.288,0.3,0.305,0.605,16,62,59,11,17,1,0,0,2,0,1,8,5,2,0.096,0,0
"Lauren Lindsey","1B",0.379,0.379,0.586,0.966,11,29,29,2,11,3,0,1,6,0,0,3,0,0,0.109,0.128,0.152,0.28,18,49,46,4,5,2,0,0,2,0,1,8,0,0,0.27,0,0
"Taylor McKinney","2B",0.378,0.447,0.581,1.028,24,86,74,17,28,4,1,3,14,0,10,7,8,0,0.333,0.421,0.455,0.876,11,38,33,8,11,2,1,0,2,1,4,3,0,1,0.045,0,0
"Jana Lee","DP",0.375,0.418,0.625,1.043,15,56,48,8,18,6,0,2,13,1,4,9,0,0,0.288,0.367,0.519,0.886,17,60,52,4,15,6,0,2,14,0,7,14,0,0,0.087,0,0
"Brooke Ellestad","3B",0.372,0.4,0.513,0.913,28,87,78,13,29,3,1,2,27,0,5,5,3,0,0.395,0.417,0.667,1.083,25,85,81,14,32,4,0,6,26,0,3,7,1,0,-0.023,0,0
"Katie Perkins","1B",0.37,0.427,0.407,0.834,27,95,81,12,30,3,0,0,14,3,5,7,1,0,0.237,0.262,0.271,0.533,17,65,59,5,14,2,0,0,6,1,1,4,0,0,0.133,0,0
"Sasha Willems","C",0.367,0.426,0.429,0.854,18,57,49,4,18,1,1,0,6,0,5,9,0,0,0.18,0.278,0.246,0.524,20,74,61,6,11,4,0,0,4,1,8,8,1,0,0.187,0,0
"Kinsley Gordon","CF",0.362,0.412,0.617,1.029,16,51,47,9,17,7,1,1,6,0,4,5,0,0,0.193,0.207,0.316,0.523,20,59,57,7,11,1,0,2,12,0,1,10,0,0,0.169,0,0
"Sydney Bickel","SS",0.359,0.446,0.438,0.883,20,74,64,10,23,1,2,0,10,0,10,7,8,2,0.283,0.358,0.367,0.725,20,67,60,14,17,3,1,0,2,1,6,5,5,1,0.076,0,0
"Bella Gerlach","LF",0.358,0.456,0.731,1.187,20,79,67,21,24,4,0,7,19,0,12,13,2,0,0.344,0.403,0.703,1.106,20,72,64,18,22,2,0,7,20,2,5,7,5,0,0.014,0,0
"Maia Mumpfield","1B",0.357,0.39,0.518,0.908,20,62,56,7,20,3,0,2,8,0,3,6,2,0,0.075,0.098,0.1,0.198,16,42,40,0,3,1,0,0,1,0,1,11,0,0,0.282,0,0
"Clara Hudgens","CF",0.356,0.433,0.407,0.84,26,69,59,16,21,1,1,0,6,3,5,15,7,1,0.229,0.27,0.229,0.499,14,40,35,6,8,0,0,0,0,1,1,6,2,1,0.127,0,0
"Rielly Lucas","1B",0.35,0.423,0.667,1.089,20,72,60,22,21,5,1,4,15,0,9,11,1,0,0.224,0.375,0.517,0.892,20,72,58,13,13,5,0,4,9,2,12,14,0,0,0.126,0,0
"Libby Baker","1B",0.346,0.4,0.538,0.938,27,90,78,11,27,3,0,4,16,1,8,9,1,0,0.278,0.293,0.537,0.83,16,58,54,6,15,2,0,4,15,0,2,7,0,0,0.0679999999999999,0,0
"Camryn Michallas","3B",0.345,0.391,0.621,1.011,20,66,58,6,20,4,0,4,13,0,5,9,0,0,0.279,0.333,0.311,0.645,20,67,61,7,17,0,1,0,4,0,5,8,1,1,0.0659999999999999,0,0
"D'Aun Riggs","RF",0.344,0.392,0.367,0.758,27,99,90,19,31,2,0,0,9,1,6,7,4,0,0.288,0.3,0.373,0.673,16,61,59,8,17,1,2,0,4,0,1,7,2,0,0.056,0,0
"Meagan Brown","RF",0.342,0.471,0.506,0.977,31,107,79,22,27,6,2,1,20,2,20,8,7,1,0.426,0.483,0.685,1.169,16,61,54,10,23,5,0,3,20,0,6,4,3,0,-0.084,0,0
"Sara Vanderford","3B",0.341,0.439,0.604,1.044,33,110,91,21,31,16,1,2,19,1,15,11,3,1,0.328,0.417,0.787,1.204,19,73,61,15,20,4,0,8,23,0,10,11,1,0,0.013,0,0
"Destiny Washington","RF",0.34,0.39,0.434,0.824,20,60,53,7,18,5,0,0,5,0,5,6,5,0,0.314,0.364,0.412,0.775,18,55,51,6,16,2,0,1,6,0,4,6,0,0,0.026,0,0
"Kasia Parks","CF",0.339,0.373,0.357,0.73,20,60,56,10,19,1,0,0,3,0,3,4,6,0,0.25,0.271,0.268,0.539,20,60,56,13,14,1,0,0,5,1,1,7,4,0,0.089,0,0
"Brooklin Lippert","CF",0.338,0.375,0.338,0.713,28,77,68,16,23,0,0,0,3,0,4,8,6,1,0.283,0.313,0.283,0.595,16,50,46,5,13,0,0,0,3,0,2,3,2,1,0.055,0,0
"Grace Barrett","SS",0.333,0.371,0.409,0.781,19,71,66,15,22,2,0,1,8,1,3,5,1,0,0.339,0.388,0.468,0.856,19,70,62,13,21,2,0,2,12,1,4,4,1,0,-0.00600000000000001,0,0
"Riley Zana","2B",0.33,0.407,0.56,0.966,35,124,109,20,36,7,0,6,29,2,12,6,0,0,0.3,0.333,0.42,0.753,15,56,50,8,15,3,0,1,13,2,1,7,0,0,0.03,0,0
"Jade Sinness","CF",0.329,0.431,0.482,0.914,27,103,85,21,28,7,0,2,20,0,16,7,5,0,0.315,0.383,0.463,0.846,16,60,54,10,17,2,0,2,9,0,6,5,1,0,0.014,0,0
"Victoria Valdez","C",0.323,0.438,0.569,1.007,27,80,65,15,21,2,1,4,20,8,6,8,0,0,0.279,0.43,0.459,0.889,23,79,61,7,17,2,0,3,12,8,9,3,3,0,0.044,0,0
"Chloe Middlebrooks","CF",0.322,0.371,0.489,0.86,28,98,90,16,29,3,0,4,14,2,5,13,9,1,0.226,0.294,0.339,0.633,21,68,62,9,14,4,0,1,2,4,2,12,8,1,0.096,0,0
"Natalie Turner","3B",0.321,0.424,0.357,0.781,27,71,56,15,18,0,1,0,4,1,9,10,8,0,0.108,0.25,0.135,0.385,16,46,37,3,4,1,0,0,0,3,4,9,2,1,0.213,0,0
"Jasmine Hall","3B",0.319,0.438,0.569,1.008,24,89,72,22,23,6,0,4,18,4,12,6,2,0,0.241,0.311,0.37,0.682,17,61,54,7,13,2,1,1,2,0,6,8,3,1,0.078,0,0
"Laney Credeur","DP",0.317,0.446,0.5,0.946,25,74,60,10,19,3,1,2,12,1,13,8,0,0,0.368,0.435,0.605,1.041,25,85,76,10,28,6,0,4,14,1,8,9,0,0,-0.051,0,0
"Killian Roberts","2B",0.314,0.5,0.457,0.957,17,50,35,9,11,2,0,1,8,0,14,6,0,0,0.167,0.288,0.405,0.693,16,52,42,6,7,2,1,2,8,1,7,14,0,0,0.147,0,0
"Mackenzie Brasher","CF",0.309,0.377,0.309,0.686,18,63,55,9,17,0,0,0,4,0,6,2,7,1,0.303,0.338,0.355,0.693,20,80,76,16,23,2,1,0,7,0,4,12,7,1,0.00600000000000001,0,0
"Cecilia Vasquez","SS",0.309,0.361,0.527,0.888,25,62,55,12,17,3,0,3,9,1,4,5,2,2,0.239,0.278,0.403,0.681,23,72,67,11,16,2,0,3,10,3,1,7,1,0,0.07,0,0
"Cassidy Boltz","DP",0.306,0.333,0.531,0.864,23,51,49,7,15,0,1,3,12,0,2,11,1,0,0.233,0.267,0.372,0.639,15,45,43,6,10,0,0,2,8,0,2,9,0,1,0.073,0,0
"Alexa Langeliers","2B",0.305,0.462,0.678,1.14,25,79,59,20,18,4,0,6,17,1,17,8,3,0,0.356,0.396,0.586,0.982,26,96,87,13,31,5,3,3,21,1,6,6,6,0,-0.051,0,0
"Faith Barth","2B",0.301,0.418,0.411,0.829,27,94,73,11,22,8,0,0,15,4,12,10,1,0,0.333,0.417,0.529,0.946,17,61,51,7,17,4,0,2,11,2,6,3,0,0,-0.032,0,0
"Natalie Taylor","RF",0.3,0.39,0.44,0.83,16,59,50,9,15,2,1,1,6,2,6,6,0,0,0.25,0.318,0.417,0.735,20,69,60,6,15,4,0,2,8,2,4,11,2,0,0.05,0,0
"Mikaila Fox","3B",0.297,0.435,0.432,0.867,15,46,37,5,11,5,0,0,2,2,7,8,0,0,0.188,0.278,0.281,0.559,15,36,32,3,6,0,0,1,2,2,2,5,0,0,0.109,0,0
"Sam Roe","1B",0.292,0.414,0.514,0.928,28,87,72,19,21,4,0,4,16,4,11,3,3,0,0.346,0.442,0.556,0.998,26,96,81,18,28,5,0,4,19,4,10,7,2,0,-0.054,0,0
"Madison Edwards","2B",0.291,0.4,0.473,0.873,24,71,55,12,16,2,1,2,14,1,9,6,3,0,0.19,0.286,0.238,0.524,17,50,42,3,8,2,0,0,2,0,6,3,2,1,0.101,0,0
"Delaney Keith","3B",0.29,0.398,0.523,0.922,35,128,107,29,31,7,0,6,26,1,19,13,10,2,0.37,0.5,0.826,1.326,15,58,46,17,17,6,0,5,11,2,10,9,4,1,-0.08,0,0
"Anna Jones","RF",0.289,0.337,0.373,0.711,29,93,83,13,24,4,0,1,14,0,6,10,8,1,0.373,0.435,0.441,0.875,19,71,59,13,22,4,0,0,12,0,8,4,10,1,-0.084,0,0
"Jacelyn Buck","3B",0.288,0.373,0.39,0.763,27,69,59,7,17,3,0,1,13,0,8,7,2,0,0.159,0.245,0.25,0.495,16,49,44,5,7,4,0,0,6,0,5,15,0,0,0.129,0,0
"Carolyn Deady","C",0.284,0.393,0.493,0.885,26,84,67,5,19,2,0,4,13,1,13,9,1,1,0.18,0.293,0.26,0.553,21,59,50,3,9,1,0,1,4,2,6,10,2,0,0.104,0,0
"JJ Smith","1B",0.282,0.435,0.493,0.928,31,92,71,10,20,3,0,4,16,1,19,14,0,0,0.333,0.412,0.596,1.008,19,68,57,7,19,3,0,4,16,2,7,4,0,0,-0.051,0,0
"Ashton Schroyer","RF",0.282,0.322,0.365,0.687,28,94,85,12,24,2,1,1,4,2,3,3,2,1,0.25,0.3,0.25,0.55,20,60,56,4,14,0,0,0,1,1,3,10,3,0,0.032,0,0
"Payton Nicholson","2B",0.281,0.317,0.316,0.632,24,62,57,9,16,2,0,0,2,0,3,12,4,0,0.171,0.205,0.171,0.375,17,44,41,0,7,0,0,0,1,1,1,11,2,0,0.11,0,0
"Chloe Nadler","2B",0.277,0.385,0.538,0.923,24,79,65,12,18,2,0,5,14,3,9,10,8,0,0.255,0.364,0.447,0.81,19,56,47,8,12,1,1,2,6,5,3,13,2,0,0.022,0,0
"Gabby Stagner","1B",0.271,0.339,0.771,1.11,17,57,48,11,13,3,3,5,13,0,6,5,1,0,0.29,0.389,0.677,1.066,19,72,62,12,18,6,0,6,18,1,9,10,0,0,-0.019,0,0
"Reagan Glanz","C",0.271,0.3,0.417,0.717,18,52,48,6,13,2,1,1,9,0,2,7,1,0,0.167,0.302,0.306,0.608,16,43,36,5,6,2,0,1,5,1,6,7,0,0,0.104,0,0
"Olivia Cook","3B",0.267,0.267,0.333,0.6,12,31,30,5,8,2,0,0,5,0,0,4,0,0,0.17,0.245,0.17,0.415,18,54,47,2,8,0,0,0,2,0,5,12,0,0,0.097,0,0
"Libby Pippin","RF",0.261,0.409,0.352,0.761,33,111,88,23,23,2,0,2,9,6,16,9,6,0,0.244,0.38,0.293,0.673,15,54,41,11,10,2,0,0,2,1,8,4,3,1,0.017,0,0
"Courtney Ball","3B",0.26,0.304,0.34,0.644,23,56,50,6,13,1,0,1,9,0,4,6,1,0,0.167,0.231,0.167,0.397,11,28,24,2,4,0,0,0,2,0,2,5,0,0,0.093,0,0
"Delanie Thames","SS",0.26,0.393,0.4,0.793,22,68,50,9,13,2,1,1,4,7,4,9,1,0,0.25,0.4,0.475,0.875,16,51,40,6,10,3,0,2,9,3,7,10,1,0,0.01,0,0
"Maddy Jennings","C",0.259,0.408,0.481,0.889,33,103,81,12,21,3,0,5,16,3,18,13,0,0,0.25,0.367,0.5,0.867,15,49,40,8,10,1,0,3,8,3,5,8,0,0,0.00900000000000001,0,0
"Jaycee Goodwin","3B",0.259,0.347,0.306,0.653,28,100,85,10,22,4,0,0,10,8,4,6,3,1,0.204,0.306,0.241,0.547,20,62,54,6,11,2,0,0,2,4,4,8,3,1,0.055,0,0
"Jess Mazur","RF",0.257,0.381,0.457,0.838,27,87,70,7,18,2,0,4,17,2,12,20,0,0,0.143,0.288,0.286,0.574,17,59,49,5,7,1,0,2,9,4,6,24,0,0,0.114,0,0
"Iyanla De Jesus","DH",0.255,0.358,0.422,0.78,35,120,102,12,26,5,0,4,25,1,16,8,0,0,0.349,0.481,0.744,1.226,15,54,43,11,15,2,0,5,12,1,10,8,0,0,-0.094,0,0
"Andie Edwards","2B",0.25,0.33,0.361,0.691,31,93,72,16,18,3,1,1,19,1,11,3,1,2,0.229,0.316,0.438,0.753,16,58,48,9,11,4,0,2,15,1,6,7,1,0,0.021,0,0
"Karmyn Bass","DP",0.247,0.321,0.387,0.708,33,108,93,11,23,9,2,0,21,0,11,3,0,0,0.268,0.339,0.375,0.714,18,64,56,9,15,0,0,2,8,0,6,8,1,0,-0.021,0,0
"Katarina Zarate","2B",0.247,0.321,0.507,0.828,32,84,73,13,18,4,0,5,18,1,8,13,1,0,0.267,0.377,0.289,0.666,16,53,45,4,12,1,0,0,5,1,7,11,3,0,-0.02,0,0
"Brie Normandin","SS",0.246,0.321,0.333,0.654,33,86,69,11,17,3,0,1,12,2,6,3,1,0,0.216,0.293,0.243,0.536,15,44,37,2,8,1,0,0,5,0,4,3,1,0,0.03,0,0
"Gracie Bellard","LF",0.246,0.403,0.316,0.719,23,72,57,12,14,4,0,0,8,5,10,6,3,0,0.086,0.22,0.086,0.305,14,42,35,3,3,0,0,0,0,1,5,6,0,0,0.16,0,0
"Anslee Finch","LF",0.242,0.384,0.394,0.778,27,88,66,13,16,4,0,2,12,1,16,13,1,0,0.304,0.407,0.565,0.973,16,55,46,5,14,3,0,3,7,1,7,8,0,0,-0.062,0,0
"Shelby Allen","LF",0.241,0.29,0.276,0.566,12,32,29,7,7,1,0,0,0,0,2,9,2,0,0.184,0.295,0.184,0.48,19,44,38,11,7,0,0,0,2,0,6,14,1,0,0.057,0,0
"Marley Sims","SS",0.238,0.333,0.286,0.619,18,50,42,9,10,0,1,0,8,3,3,3,2,1,0.268,0.339,0.357,0.696,20,66,56,5,15,3,1,0,3,0,6,5,1,2,-0.03,0,0
"Janai Conklin","C",0.231,0.324,0.338,0.663,23,76,65,4,15,1,0,2,9,2,7,10,1,0,0.234,0.294,0.447,0.741,15,51,47,6,11,1,0,3,11,3,1,5,0,0,-0.003,0,0
"Piper Randolph","CF",0.23,0.321,0.338,0.659,26,85,74,14,17,3,1,1,11,0,10,13,7,1,0.352,0.403,0.537,0.94,17,62,54,14,19,1,0,3,13,1,5,11,3,1,-0.122,0,0
"Audra Thompson","SS",0.217,0.353,0.304,0.657,27,89,69,11,15,3,0,1,18,3,12,8,0,0,0.22,0.389,0.488,0.877,16,55,41,9,9,2,0,3,9,4,8,5,1,0,-0.003,0,0
"Abby Cunningham","LF",0.214,0.313,0.262,0.574,19,52,42,4,9,2,0,0,5,1,5,10,0,0,0.261,0.32,0.304,0.624,19,54,46,6,12,2,0,0,4,0,4,6,0,0,-0.047,0,0
"Taylor Thorp","1B",0.213,0.315,0.255,0.57,19,57,47,6,10,2,0,0,1,0,7,2,0,0,0.154,0.286,0.288,0.574,19,65,52,5,8,1,0,2,8,1,9,4,0,0,0.059,0,0
"Abbie Campbell","SS",0.208,0.333,0.321,0.654,23,65,53,11,11,3,0,1,5,0,10,4,0,0,0.265,0.324,0.5,0.824,14,38,34,3,9,2,0,2,6,0,3,2,0,0,-0.057,0,0
"Elle Carter","SS",0.207,0.233,0.305,0.537,31,87,82,6,17,2,3,0,8,1,2,8,2,3,0.323,0.323,0.387,0.71,11,32,31,8,10,2,0,0,1,0,0,1,2,0,-0.116,0,0
"Maria Smith","SS",0.205,0.262,0.205,0.467,13,45,39,5,8,0,0,0,3,0,3,9,1,1,0.25,0.295,0.321,0.617,20,63,56,7,14,2,1,0,6,0,4,16,3,0,-0.045,0,0
"Olivia Branstetter","3B",0.196,0.309,0.283,0.592,17,55,46,2,9,4,0,0,7,4,4,2,0,0,0.366,0.491,0.512,1.003,14,53,41,8,15,3,0,1,5,4,7,4,2,0,-0.17,0,0
"Odalys Cordova","2B",0.167,0.179,0.222,0.402,14,39,36,5,6,0,1,0,5,0,1,2,0,1,0.288,0.327,0.481,0.808,17,56,52,6,15,4,0,2,9,0,3,3,0,1,-0.121,0,0
"Ryanna Valdivia","2B",0.111,0.32,0.111,0.431,12,27,18,3,2,0,0,0,3,0,6,3,0,0,0.242,0.324,0.273,0.597,17,38,33,5,8,1,0,0,4,1,3,11,0,0,-0.131,0,0
"Kayla Agner","1B",0.059,0.273,0.059,0.332,12,25,17,1,1,0,0,0,2,2,3,1,0,0,0.136,0.208,0.182,0.39,14,25,22,3,3,1,0,0,2,0,2,7,0,0,-0.077,0,0
"Lexy Smith","3B",0.5,0.5,0.733,1.233,9,30,30,5,15,2,1,1,6,0,0,1,0,0,0.293,0.354,0.431,0.785,19,65,58,7,17,0,1,2,13,1,5,3,0,0,0.207,0,0
"Emilee Buringa","CF",0.48,0.552,0.72,1.272,9,29,25,9,12,3,0,1,3,0,4,6,3,0,0.173,0.271,0.173,0.444,27,89,75,11,13,0,0,0,2,4,6,19,6,1,0.307,0,0
"Brooke Dumont","C",0.476,0.542,0.952,1.494,8,25,21,2,10,4,0,2,14,0,3,1,0,0,0.227,0.311,0.364,0.674,23,74,66,6,15,6,0,1,2,0,8,15,0,0,0.249,0,0
"Lynsey Tucker","2B",0.439,0.582,0.634,1.216,15,55,41,15,18,3,1,1,12,3,11,2,4,1,0.338,0.427,0.429,0.856,22,89,77,15,26,2,1,1,11,5,7,9,2,0,0.101,0,0
"Maggie O'Brien","SS",0.438,0.491,0.604,1.095,15,53,48,12,21,1,2,1,5,2,3,7,8,0,0.333,0.381,0.436,0.817,22,87,78,13,26,5,0,1,8,2,4,11,3,1,0.105,0,0
"Lindsey Culver","LF",0.435,0.48,0.609,1.089,8,25,23,7,10,4,0,0,3,0,2,3,1,0,0.359,0.435,0.564,0.999,27,94,78,13,28,7,0,3,17,1,11,13,1,0,0.076,0,0
"Kaitlyn Raymond","LF",0.4,0.438,0.556,0.993,13,49,45,11,18,1,3,0,2,0,3,6,3,2,0.237,0.308,0.288,0.596,19,65,59,13,14,3,0,0,3,0,6,12,9,1,0.163,0,0
"Anjolee Aguilar-Beaucage","2B",0.375,0.464,0.708,1.173,9,29,24,7,9,2,0,2,4,1,3,2,2,0,0.247,0.302,0.364,0.666,26,88,77,12,19,1,1,2,7,2,5,16,2,1,0.128,0,0
"Rozelyn Carrillo","SS",0.364,0.375,0.682,1.057,8,25,22,8,8,2,1,1,9,0,1,2,0,0,0.202,0.218,0.274,0.492,27,90,84,9,17,3,0,1,7,0,2,17,0,1,0.162,0,0
"Avery Wukawitz","CF",0.357,0.455,0.893,1.347,9,33,28,10,10,3,0,4,8,0,5,8,3,0,0.256,0.373,0.349,0.721,14,52,43,8,11,1,0,1,3,3,5,12,7,1,0.101,0,0
"Mia Jarecki","2B",0.346,0.393,0.385,0.777,8,28,26,7,9,1,0,0,1,0,2,4,0,0,0.393,0.459,0.631,1.09,27,99,84,24,33,1,2,5,12,0,12,12,9,0,-0.047,0,0
"Cassie Castaneda","C",0.343,0.385,0.343,0.727,13,39,35,3,12,0,0,0,4,0,3,2,0,0,0.25,0.302,0.292,0.594,18,53,48,5,12,2,0,0,2,1,3,5,0,0,0.093,0,0
"Briona Woods","CF",0.343,0.439,0.457,0.896,12,41,35,5,12,4,0,0,7,2,4,5,0,0,0.219,0.25,0.359,0.609,20,68,64,7,14,3,0,2,8,0,3,20,0,0,0.124,0,0
"Sydney Ross","C",0.333,0.468,0.528,0.996,15,47,36,8,12,2,1,1,8,4,6,7,7,1,0.339,0.461,0.468,0.928,22,76,62,14,21,3,1,1,9,5,9,5,1,1,-0.00600000000000001,0,0
"Bella Dean","2B",0.333,0.387,0.556,0.943,9,31,27,6,9,1,1,1,5,0,3,3,1,0,0.169,0.263,0.239,0.502,25,80,71,6,12,2,0,1,9,0,9,8,1,0,0.164,0,0
"Alex Olson","DP",0.323,0.395,0.581,0.975,12,38,31,5,10,2,0,2,10,0,5,8,1,0,0.24,0.255,0.34,0.595,16,55,50,6,12,3,1,0,10,0,2,11,0,0,0.083,0,0
"Rylee Henderson","SS",0.32,0.37,0.36,0.73,9,28,25,3,8,1,0,0,2,0,2,4,0,0,0.155,0.246,0.172,0.419,25,66,58,5,9,1,0,0,2,1,6,14,1,0,0.165,0,0
"Emma Osmundson","RF",0.318,0.423,0.727,1.15,8,26,22,9,7,0,0,3,12,1,3,1,0,0,0.307,0.357,0.42,0.778,27,99,88,14,27,8,1,0,20,1,7,14,2,0,0.011,0,0
"Ella Cook","DP",0.313,0.389,0.625,1.014,5,18,16,2,5,2,0,1,5,1,1,3,0,0,0.373,0.407,0.843,1.251,17,55,51,10,19,3,0,7,24,0,3,7,1,0,-0.06,0,0
"Abbi Stierlen","1B",0.303,0.452,0.515,0.968,13,43,33,5,10,1,0,2,10,0,9,4,0,0,0.196,0.293,0.333,0.626,18,58,51,7,10,1,0,2,9,0,7,13,1,0,0.107,0,0
"Katie Noble","1B",0.3,0.378,0.375,0.753,14,45,40,1,12,3,0,0,5,2,3,7,0,0,0.196,0.338,0.286,0.624,21,68,56,5,11,0,1,1,8,1,11,6,0,0,0.104,0,0
"Kadin Vire","C",0.295,0.311,0.295,0.607,14,46,44,5,13,0,0,0,3,0,1,5,1,1,0.192,0.259,0.288,0.547,19,60,52,6,10,3,1,0,10,0,5,6,2,0,0.103,0,0
"Reanna Rudd","1B",0.286,0.355,0.464,0.819,9,31,28,7,8,0,1,1,8,1,2,5,0,0,0.233,0.319,0.3,0.619,23,69,60,3,14,1,0,1,5,0,8,5,0,0,0.053,0,0
"Laken Lienhard","SS",0.286,0.362,0.429,0.79,13,48,42,6,12,6,0,0,5,0,5,3,1,0,0.306,0.493,0.388,0.88,20,68,49,15,15,4,0,0,6,3,15,6,0,0,-0.02,0,0
"Sydney Thomason","RF",0.279,0.392,0.465,0.857,15,51,43,7,12,5,0,1,9,1,7,7,0,0,0.289,0.329,0.513,0.843,22,85,76,10,22,8,0,3,12,0,6,16,0,0,-0.00999999999999995,0,0
"Johanna Rodriguez","DP",0.275,0.293,0.3,0.593,13,41,40,1,11,1,0,0,1,0,1,5,0,0,0.25,0.308,0.271,0.579,18,52,48,2,12,1,0,0,9,0,4,6,0,0,0.025,0,0
"Clara Edwards","P",0.273,0.429,0.364,0.792,6,14,11,2,3,1,0,0,2,0,3,2,0,0,0.213,0.333,0.319,0.652,19,60,47,4,10,2,0,1,5,2,7,8,0,0,0.06,0,0
"Lauren Parker","LF",0.269,0.296,0.269,0.566,12,29,26,4,7,0,0,0,0,0,1,4,2,0,0.356,0.396,0.444,0.84,18,50,45,9,16,2,1,0,2,1,2,7,1,0,-0.087,0,0
"Jocelyn Carrillo","CF",0.263,0.391,0.579,0.97,8,23,19,3,5,0,0,2,2,0,4,4,0,0,0.195,0.271,0.416,0.686,27,88,77,8,15,1,2,4,14,0,8,15,1,1,0.068,0,0
"Autumn Iversen","CF",0.263,0.25,0.474,0.724,8,20,19,2,5,2,1,0,4,0,0,4,1,1,0.13,0.213,0.167,0.38,21,61,54,6,7,2,0,0,1,0,6,12,1,1,0.133,0,0
"Morgan Klein","RF",0.256,0.341,0.41,0.751,13,44,39,8,10,0,0,2,7,0,5,8,0,0,0.3,0.391,0.4,0.791,15,46,40,5,12,1,0,1,4,0,6,13,3,0,-0.044,0,0
"Izzy Haslett","LF",0.237,0.293,0.237,0.53,13,41,38,2,9,0,0,0,1,0,3,4,0,0,0.204,0.235,0.327,0.562,17,52,49,3,10,2,2,0,6,0,2,2,0,0,0.033,0,0
"Elleana Navarro","2B",0.226,0.265,0.226,0.491,12,34,31,2,7,0,0,0,2,0,2,6,0,0,0.174,0.25,0.239,0.489,17,52,46,4,8,0,0,1,5,0,5,15,1,0,0.052,0,0
"Tatum Villotta","2B",0.222,0.25,0.296,0.546,8,28,27,3,6,2,0,0,2,0,1,3,1,0,0.28,0.298,0.317,0.615,22,84,82,7,23,3,0,0,4,0,2,9,1,0,-0.058,0,0
"Ava Rongisch","LF",0.222,0.326,0.25,0.576,15,46,36,4,8,1,0,0,12,1,6,10,0,0,0.262,0.366,0.475,0.842,19,71,61,10,16,7,0,2,11,3,7,14,1,1,-0.04,0,0
"Cassidy Carby","3B",0.219,0.395,0.25,0.645,13,44,32,5,7,1,0,0,3,0,10,9,0,2,0.327,0.383,0.655,1.038,19,60,55,12,18,3,0,5,15,0,5,17,1,0,-0.108,0,0
"Marra Cramer","CF",0.219,0.306,0.406,0.712,15,36,32,6,7,1,1,1,2,0,4,7,2,0,0.259,0.322,0.333,0.655,22,60,54,6,14,2,1,0,5,0,5,10,3,0,-0.04,0,0
"Katelyn Neumayer","1B",0.2,0.243,0.429,0.672,13,37,35,2,7,2,0,2,5,1,1,9,0,0,0.282,0.333,0.333,0.667,15,42,39,7,11,2,0,0,2,1,2,7,0,0,-0.082,0,0
"Angie Dumlao","2B",0.195,0.214,0.22,0.434,13,42,41,0,8,1,0,0,0,0,1,4,0,0,0.324,0.361,0.412,0.773,12,37,34,4,11,3,0,0,7,0,2,7,0,0,-0.129,0,0
"Mariah Peters","RF",0.188,0.235,0.219,0.454,12,34,32,2,6,1,0,0,4,0,2,9,1,0,0.175,0.34,0.225,0.565,18,50,40,6,7,2,0,0,6,1,9,8,1,0,0.013,0,0
"Rylie Jones","SS",0.188,0.278,0.188,0.465,8,18,16,1,3,0,0,0,3,1,1,6,1,0,0.185,0.2,0.185,0.385,20,60,54,6,10,0,0,0,6,0,1,10,1,0,0.003,0,0
"Jasmyn Yessian","3B",0.182,0.379,0.318,0.697,9,29,22,4,4,0,0,1,4,1,6,3,0,0,0.169,0.222,0.385,0.607,25,74,65,5,11,3,1,3,13,0,5,21,0,1,0.013,0,0
"Alecea Mendoza","DP",0.176,0.222,0.353,0.575,6,18,17,4,3,0,0,1,3,0,1,3,1,0,0.259,0.375,0.333,0.708,19,65,54,8,14,2,1,0,3,1,9,12,1,0,-0.083,0,0
"Olivia Aden","3B",0.172,0.297,0.172,0.47,13,37,29,5,5,0,0,0,5,1,5,2,0,0,0.22,0.35,0.26,0.61,19,63,50,3,11,2,0,0,1,5,5,12,0,0,-0.048,0,0
"Delaney White","1B",0.167,0.2,0.208,0.408,8,26,24,2,4,1,0,0,5,1,0,2,0,0,0.268,0.316,0.366,0.682,22,78,71,5,19,4,0,1,7,1,4,12,0,0,-0.101,0,0
"Abby Husak","RF",0.156,0.224,0.178,0.402,14,49,45,7,7,1,0,0,1,0,4,13,0,0,0.324,0.432,0.324,0.756,21,82,68,12,22,0,0,0,8,1,12,10,2,0,-0.168,0,0
"Sydney Nichols","SS",0.15,0.19,0.225,0.415,14,42,40,2,6,0,0,1,3,0,2,10,1,0,0.246,0.328,0.368,0.697,21,64,57,5,14,4,0,1,3,0,7,12,0,0,-0.096,0,0
"Gabby Moser","LF",0.143,0.25,0.286,0.536,8,24,21,2,3,1,1,0,1,0,3,4,0,0,0.25,0.288,0.408,0.695,22,80,76,4,19,3,0,3,11,0,4,9,0,0,-0.107,0,0
"Taya Hopfauf","3B",0.135,0.2,0.135,0.335,13,40,37,4,5,0,0,0,1,1,2,14,0,0,0.191,0.269,0.362,0.631,18,52,47,8,9,2,0,2,6,0,5,9,2,0,-0.056,0,0
"Cheyanne Masterson","3B",0.125,0.222,0.125,0.347,8,20,16,3,2,0,0,0,0,0,2,5,0,0,0.096,0.277,0.154,0.431,24,66,52,6,5,0,0,1,2,4,9,18,0,0,0.029,0,0
"Zoe King","C",0.111,0.238,0.111,0.349,8,22,18,2,2,0,0,0,0,0,3,0,0,0,0.246,0.27,0.377,0.647,22,66,61,4,15,5,0,1,5,0,2,9,0,0,-0.135,0,0
"Brooklyn Morris","CF",0.088,0.088,0.118,0.206,13,34,34,2,3,1,0,0,2,0,0,8,0,0,0.172,0.286,0.207,0.493,12,35,29,0,5,1,0,0,3,0,5,3,0,1,-0.084,0,0
"Derika Castillo","2B",0.077,0.2,0.077,0.277,12,30,26,0,2,0,0,0,2,0,4,5,0,0,0.229,0.25,0.286,0.536,17,36,35,4,8,2,0,0,1,0,1,5,0,0,-0.152,0,0
"Katie Joten","SS",0.042,0.2,0.042,0.242,13,32,24,1,1,0,0,0,1,4,1,6,1,1,0.238,0.441,0.333,0.774,18,59,42,13,10,1,0,1,5,5,11,14,8,0,-0.196,0,0
"Arianna Jaurequi","2B",0.5,0.603,0.82,1.423,18,66,50,18,25,7,0,3,14,7,6,5,4,1,0.193,0.356,0.228,0.584,22,78,57,9,11,2,0,0,4,6,9,9,2,0,0.307,0,0
"Mika Chong","DP",0.438,0.509,0.708,1.217,17,57,48,12,21,4,0,3,15,0,7,1,5,1,0.317,0.391,0.45,0.841,21,71,60,10,19,2,0,2,9,0,8,5,1,1,0.121,0,0
"Sam Buckley","3B",0.432,0.594,0.864,1.457,20,64,44,19,19,6,5,1,12,7,12,7,3,0,0.278,0.424,0.361,0.785,27,92,72,15,20,3,0,1,9,5,14,10,4,0,0.154,0,0
"Taylor Johnson","1B",0.402,0.473,0.561,1.034,27,93,82,13,33,13,0,0,14,6,5,12,0,0,0.405,0.5,0.69,1.19,14,50,42,11,17,3,0,3,11,5,3,7,0,0,-0.003,0,0
"Hannah Ferguson","CF",0.377,0.419,0.406,0.825,20,76,69,15,26,2,0,0,5,1,4,5,8,0,0.376,0.42,0.409,0.829,27,102,93,13,35,1,1,0,13,1,6,18,12,4,0.001,0,0
"Amanda Limon","SS",0.374,0.396,0.475,0.871,32,108,99,16,37,4,3,0,14,2,3,4,4,0,0.367,0.404,0.429,0.832,14,54,49,6,18,3,0,0,5,1,2,5,2,0,0.00700000000000001,0,0
"Marissa Montelongo","2B",0.356,0.441,0.441,0.882,20,69,59,14,21,2,0,1,8,2,7,3,14,0,0.237,0.348,0.342,0.69,27,95,76,17,18,0,1,2,8,4,9,17,11,3,0.119,0,0
"Rian Dirmeyer","SS",0.349,0.356,0.518,0.874,27,87,83,11,29,8,0,2,15,1,1,10,3,0,0.35,0.381,0.575,0.956,14,42,40,3,14,4,1,1,3,0,2,4,3,0,-0.001,0,0
"Izzy Jamgotchian","C",0.347,0.389,0.837,1.226,16,54,49,10,17,3,0,7,19,0,4,9,0,0,0.391,0.444,0.781,1.226,22,72,64,8,25,4,0,7,22,1,6,12,0,0,-0.044,0,0
"Alex Cutonilli","DP",0.327,0.339,0.473,0.812,20,57,55,2,18,8,0,0,10,0,1,9,0,0,0.288,0.323,0.39,0.712,24,62,59,7,17,3,0,1,12,3,0,11,3,0,0.039,0,0
"Abigail Charpentier","RF",0.32,0.426,0.52,0.946,20,61,50,8,16,3,2,1,3,3,7,8,3,0,0.313,0.397,0.448,0.845,23,79,67,15,21,3,0,2,11,3,7,10,3,1,0.00700000000000001,0,0
"Morgan Salmon","3B",0.318,0.357,0.545,0.903,21,71,66,9,21,7,1,2,17,0,4,7,2,0,0.213,0.28,0.253,0.534,23,82,75,13,16,1,1,0,6,2,5,7,6,0,0.105,0,0
"Joecellia Roberts","DP",0.315,0.39,0.483,0.873,31,101,89,12,28,6,3,1,13,1,10,9,1,0,0.314,0.35,0.429,0.779,12,40,35,5,11,2,1,0,9,0,3,7,0,0,0.001,0,0
"Bailey McLaughlin","CF",0.306,0.358,0.306,0.665,21,72,62,8,19,0,0,0,4,0,5,2,6,1,0.306,0.368,0.306,0.674,21,74,62,10,19,0,0,0,6,0,6,8,11,1,0,0,0
"Olivia Silvestre","LF",0.304,0.44,0.392,0.832,29,102,79,21,24,4,0,1,6,4,16,6,5,0,0.281,0.455,0.406,0.861,14,44,32,4,9,1,0,1,6,1,10,5,0,0,0.023,0,0
"Taylor Lane","1B",0.304,0.333,0.464,0.798,20,61,56,5,17,3,0,2,13,1,2,6,0,0,0.234,0.298,0.351,0.648,26,85,77,8,18,3,0,2,18,0,7,10,0,0,0.07,0,0
"Lauryn Carter","CF",0.293,0.463,0.512,0.975,17,55,41,14,12,3,0,2,5,2,11,3,6,1,0.304,0.418,0.375,0.793,21,68,56,8,17,4,0,0,7,5,6,10,4,2,-0.011,0,0
"Rebecca Rubio","SS",0.292,0.382,0.333,0.715,21,57,48,10,14,2,0,0,3,1,6,4,2,0,0.135,0.292,0.135,0.427,22,67,52,10,7,0,0,0,3,5,7,7,2,0,0.157,0,0
"Tele Jennings","LF",0.281,0.36,0.472,0.832,30,101,89,15,25,12,1,1,13,2,9,22,0,1,0.238,0.333,0.429,0.762,14,49,42,7,10,2,0,2,6,0,6,7,0,0,0.043,0,0
"Camille Lara","LF",0.278,0.316,0.389,0.705,19,59,54,6,15,3,0,1,6,0,3,3,0,1,0.333,0.394,0.333,0.727,25,68,60,12,20,0,0,0,7,0,6,5,5,2,-0.055,0,0
"Delaney Scully","1B",0.277,0.295,0.398,0.693,29,94,83,13,23,4,0,2,9,1,2,6,0,0,0.158,0.179,0.263,0.443,14,42,38,2,6,1,0,1,1,0,1,4,1,0,0.119,0,0
"Carly Ruiz","RF",0.275,0.375,0.29,0.665,30,84,69,10,19,1,0,0,5,0,11,8,2,0,0.222,0.243,0.278,0.521,13,41,36,7,8,0,1,0,2,0,1,1,1,0,0.053,0,0
"Cairah Curran","2B",0.274,0.375,0.306,0.681,20,73,62,10,17,0,1,0,4,0,10,4,10,1,0.333,0.365,0.333,0.698,23,85,78,22,26,0,0,0,10,0,5,10,16,2,-0.059,0,0
"Hayley Olivas","3B",0.271,0.3,0.271,0.571,18,51,48,5,13,0,0,0,8,1,1,5,1,0,0.245,0.362,0.286,0.648,18,60,49,6,12,2,0,0,6,3,6,6,1,0,0.026,0,0
"Hazyl Gray","LF",0.27,0.347,0.317,0.665,21,73,63,7,17,3,0,0,6,3,5,5,5,1,0.408,0.422,0.803,1.224,23,84,76,20,31,4,1,8,30,1,3,10,4,2,-0.138,0,0
"Adele Braun","3B",0.255,0.333,0.489,0.823,18,54,47,12,12,0,1,3,12,4,2,6,0,0,0.14,0.283,0.22,0.503,20,64,50,5,7,1,0,1,4,8,2,10,2,0,0.115,0,0
"Arisa Tovar","C",0.247,0.282,0.26,0.542,27,79,73,4,18,1,0,0,6,1,3,8,1,0,0.231,0.259,0.269,0.528,10,27,26,2,6,1,0,0,3,0,1,2,0,0,0.016,0,0
"Victoria Cervantes","SS",0.244,0.396,0.488,0.884,17,53,41,13,10,2,1,2,12,8,3,15,4,0,0.265,0.413,0.49,0.902,21,64,49,12,13,2,3,1,6,5,8,13,8,1,-0.021,0,0
"Leiora Davidson","1B",0.229,0.275,0.292,0.566,19,51,48,3,11,3,0,0,4,1,2,5,0,0,0.228,0.262,0.456,0.718,20,62,57,8,13,4,0,3,17,0,3,9,1,0,0.001,0,0
"Talissa Montez","RF",0.228,0.241,0.281,0.522,20,60,57,5,13,3,0,0,4,1,0,6,2,0,0.233,0.233,0.3,0.533,13,30,30,3,7,2,0,0,1,0,0,4,0,0,-0.005,0,0
"Mikalyn Emanuelli","CF",0.224,0.298,0.263,0.561,30,88,76,11,17,1,1,0,3,0,8,5,5,0,0.289,0.341,0.316,0.657,14,43,38,6,11,1,0,0,0,0,3,3,2,0,-0.065,0,0
"Asia Lee","CF",0.209,0.292,0.256,0.547,25,51,43,6,9,2,0,0,2,0,5,10,3,0,0.04,0.172,0.04,0.212,11,30,25,0,1,0,0,0,1,0,4,8,1,0,0.169,0,0
"Jordan Hayes","2B",0.195,0.276,0.273,0.549,29,89,77,6,15,4,1,0,15,1,8,9,0,0,0.118,0.231,0.118,0.348,14,40,34,1,4,0,0,0,3,0,5,7,0,0,0.077,0,0
"Michelle Delgado","3B",0.184,0.25,0.211,0.461,28,87,76,5,14,2,0,0,6,1,6,13,6,0,0.294,0.385,0.529,0.914,12,39,34,3,10,2,0,2,7,1,4,4,0,0,-0.11,0,0
"Jasmine Sofowora","LF",0.167,0.245,0.25,0.495,18,54,48,10,8,1,0,1,8,0,5,5,2,0,0.314,0.4,0.569,0.969,20,62,51,8,16,1,0,4,8,3,5,6,7,1,-0.147,0,0
"EJ Joyner","2B",0.167,0.206,0.233,0.44,25,66,60,4,10,2,1,0,6,0,3,9,0,0,0.24,0.24,0.4,0.64,11,25,25,3,6,1,0,1,5,0,0,4,0,0,-0.073,0,0
"Kelci Hill","CF",0.527,0.538,0.905,1.444,21,80,74,24,39,15,2,3,17,0,3,4,3,0,0.258,0.29,0.303,0.593,19,69,66,8,17,1,1,0,2,0,3,2,3,0,0.269,0,0
"Kaydee Bennett","2B",0.51,0.6,0.725,1.325,18,66,51,17,26,3,4,0,7,2,11,5,7,1,0.369,0.43,0.595,1.025,26,93,84,23,31,5,1,4,7,1,8,5,6,1,0.141,0,0
"Ashley Trierweiler","1B",0.475,0.522,0.59,1.112,38,140,122,42,58,9,1,1,26,4,10,8,18,1,0.415,0.475,0.509,0.985,16,62,53,18,22,2,0,1,3,3,4,2,4,1,0.06,0,0
"LB Kahahawai-Kekona","CF",0.443,0.521,0.508,1.029,20,71,61,21,27,2,1,0,8,0,10,1,8,2,0.203,0.23,0.254,0.484,20,63,59,7,12,3,0,0,2,0,2,6,2,1,0.24,0,0
"Emily Gonzalez","RF",0.423,0.492,0.673,1.165,16,59,52,12,22,5,1,2,15,2,5,4,1,1,0.412,0.524,0.51,1.034,18,64,51,5,21,5,0,0,9,0,12,0,0,1,0.011,0,0
"Megan Gibbs","1B",0.41,0.471,0.852,1.323,21,69,61,17,25,3,0,8,27,0,7,5,1,0,0.36,0.467,0.7,1.167,17,61,50,11,18,2,0,5,16,1,9,13,3,1,0.05,0,0
"Taylor Fitch","3B",0.404,0.442,0.809,1.251,16,52,47,12,19,7,0,4,10,2,2,6,0,0,0.358,0.429,0.519,0.947,24,91,81,12,29,8,1,1,18,5,5,14,0,0,0.046,0,0
"Camille Corona","3B",0.403,0.456,0.486,0.942,24,83,72,17,29,4,1,0,7,0,7,6,4,1,0.381,0.444,0.444,0.889,20,72,63,11,24,2,1,0,9,0,8,3,2,0,0.022,0,0
"Ariyana Miranda","DP",0.381,0.426,0.857,1.283,16,47,42,12,16,3,1,5,12,1,3,8,2,0,0.229,0.296,0.438,0.734,17,54,48,6,11,4,0,2,8,1,4,11,0,0,0.152,0,0
"Rachael Brown","C",0.378,0.478,0.541,1.019,18,47,37,4,14,3,0,1,8,0,8,5,0,0,0.316,0.364,0.658,1.022,16,46,38,4,12,1,0,4,14,0,4,5,0,0,0.062,0,0
"Kalena Burns","1B",0.375,0.444,0.667,1.111,33,108,96,10,36,4,0,8,26,0,12,16,0,0,0.364,0.419,0.515,0.934,21,74,66,5,24,4,0,2,14,1,6,11,0,0,0.011,0,0
"Kayla Rodgers","LF",0.374,0.441,0.495,0.936,35,112,99,16,37,9,0,1,18,3,9,17,4,2,0.277,0.397,0.468,0.865,16,59,47,12,13,4,1,1,11,2,8,6,2,1,0.097,0,0
"Savannah Groshong-Kirk","2B",0.374,0.404,0.451,0.855,35,100,91,21,34,5,1,0,13,0,6,12,10,1,0.408,0.431,0.49,0.921,16,54,49,8,20,4,0,0,4,0,2,4,4,0,-0.034,0,0
"Amber Rodriguez","LF",0.373,0.383,0.407,0.79,17,61,59,17,22,2,0,0,6,0,1,1,2,1,0.291,0.344,0.327,0.672,17,63,55,14,16,0,1,0,3,1,4,6,3,1,0.082,0,0
"Kayla Lyon","C",0.37,0.422,0.63,1.052,33,109,100,15,37,12,1,4,27,6,3,15,1,0,0.431,0.465,0.831,1.296,21,71,65,14,28,9,1,5,17,3,2,9,0,1,-0.061,0,0
"Kassidy Munoz","C",0.368,0.429,0.526,0.955,14,42,38,5,14,1,1,1,10,1,3,5,1,0,0.342,0.405,0.368,0.773,16,44,38,3,13,1,0,0,1,3,1,3,0,0,0.026,0,0
"Kristin Fifield","RF",0.365,0.437,0.722,1.159,38,135,115,27,42,9,1,10,45,2,15,14,8,1,0.313,0.424,0.521,0.945,16,59,48,12,15,2,1,2,8,1,9,8,1,0,0.052,0,0
"Sydney Frankenberger","CF",0.365,0.421,0.462,0.883,16,58,52,10,19,2,0,1,3,3,2,4,1,0,0.349,0.398,0.465,0.863,23,94,86,18,30,2,4,0,9,0,7,4,2,0,0.016,0,0
"Halle Morris","DP",0.364,0.463,0.673,1.135,21,67,55,10,20,5,0,4,20,3,8,4,0,0,0.405,0.576,0.548,1.124,17,60,42,7,17,6,0,0,12,6,11,8,0,0,-0.041,0,0
"Tristyn Trull","SS",0.362,0.392,0.464,0.856,21,74,69,13,25,4,0,1,17,0,4,3,4,1,0.268,0.317,0.464,0.781,19,61,56,8,15,5,0,2,8,0,4,2,1,0,0.094,0,0
"Kaitlyn Sailor","LF",0.361,0.385,0.508,0.893,22,65,61,12,22,3,0,2,16,1,2,10,1,0,0.291,0.361,0.527,0.888,19,61,55,7,16,7,0,2,9,1,5,9,0,0,0.07,0,0
"Ellie Vance","2B",0.356,0.397,0.39,0.787,20,64,59,5,21,0,1,0,7,0,4,1,2,0,0.323,0.371,0.369,0.741,23,72,65,5,21,0,0,1,2,1,4,3,5,1,0.033,0,0
"Nikki Donahue","C",0.354,0.392,0.458,0.85,20,52,48,3,17,5,0,0,8,0,3,8,0,0,0.333,0.371,0.576,0.947,14,35,33,5,11,2,0,2,3,0,2,7,0,0,0.021,0,0
"Peyton Hall","3B",0.354,0.446,0.646,1.092,19,56,48,11,17,2,0,4,12,2,6,6,0,0,0.237,0.293,0.237,0.53,12,41,38,6,9,0,0,0,4,0,3,8,1,0,0.117,0,0
"Ramsay Lopez","DP",0.352,0.465,0.648,1.113,35,114,88,11,31,2,0,8,31,0,22,19,0,0,0.349,0.431,0.814,1.245,16,58,43,6,15,5,0,5,21,0,10,5,0,0,0.003,0,0
"Merissa Borkowski","LF",0.352,0.378,0.362,0.74,34,113,105,19,37,1,0,0,10,0,5,15,5,1,0.392,0.403,0.446,0.849,21,79,74,17,29,4,0,0,9,0,2,10,1,1,-0.04,0,0
"Karmyna Becerra","3B",0.352,0.407,0.907,1.314,16,59,54,14,19,1,1,9,16,0,5,2,3,0,0.286,0.328,0.429,0.756,18,63,56,13,16,2,0,2,8,1,3,7,0,1,0.066,0,0
"Kate Penberthy","3B",0.349,0.368,0.542,0.91,31,91,83,13,29,8,1,2,16,0,3,9,0,2,0.266,0.262,0.5,0.762,21,66,64,11,17,3,0,4,13,0,0,7,0,0,0.083,0,0
"Sammie Shelander","1B",0.346,0.435,0.615,1.051,18,62,52,8,18,3,1,3,15,4,5,4,2,0,0.311,0.391,0.446,0.837,26,87,74,11,23,7,0,1,14,7,4,5,2,0,0.035,0,0
"Kayla Wallace","LF",0.344,0.459,0.754,1.214,21,75,61,19,21,7,3,4,17,2,11,14,7,0,0.233,0.281,0.35,0.631,19,64,60,4,14,4,0,1,4,0,4,15,1,1,0.111,0,0
"Carly Eldredge","2B",0.343,0.352,0.507,0.86,20,72,67,5,23,3,1,2,17,0,2,4,0,0,0.222,0.259,0.333,0.592,20,59,54,5,12,1,1,1,3,1,2,4,0,1,0.121,0,0
"Laurie Cooke","SS",0.341,0.378,0.488,0.866,16,45,41,10,14,2,2,0,4,0,3,7,4,1,0.283,0.298,0.348,0.646,18,47,46,11,13,1,1,0,5,0,1,8,1,1,0.0580000000000001,0,0
"Katy Schaefer","3B",0.34,0.41,0.566,0.976,17,61,53,10,18,3,0,3,21,1,6,1,0,0,0.291,0.328,0.636,0.964,19,58,55,9,16,4,0,5,11,1,2,7,0,0,0.049,0,0
"Katelyn Dunckel","SS",0.336,0.439,0.555,0.994,38,135,110,36,37,12,0,4,28,6,15,7,7,0,0.24,0.316,0.34,0.656,16,59,50,9,12,2,0,1,13,3,3,1,1,0,0.096,0,0
"Rachel Campbell","C",0.333,0.397,0.852,1.249,22,63,54,14,18,1,0,9,23,1,6,18,0,0,0.109,0.16,0.217,0.377,19,50,46,2,5,2,0,1,7,1,2,16,1,0,0.224,0,0
"Angelique Mann","CF",0.333,0.379,0.556,0.935,18,59,54,11,18,6,0,2,9,3,1,3,2,2,0.218,0.283,0.382,0.665,17,60,55,7,12,3,0,2,8,1,4,8,0,0,0.115,0,0
"Makaiya Gomez","CF",0.333,0.364,0.57,0.934,34,99,93,21,31,8,4,2,17,1,4,7,2,0,0.365,0.421,0.481,0.902,16,57,52,7,19,6,0,0,11,1,4,1,1,0,-0.032,0,0
"Olivia Marble","CF",0.333,0.379,0.426,0.805,18,64,54,13,18,2,0,1,7,0,4,8,4,2,0.4,0.452,0.612,1.063,26,95,85,19,34,9,0,3,11,4,4,10,13,1,-0.067,0,0
"Austin Germain","1B",0.327,0.41,0.442,0.852,19,61,52,11,17,6,0,0,5,2,6,2,0,0,0.2,0.275,0.244,0.519,16,52,45,4,9,0,1,0,4,3,2,7,0,0,0.127,0,0
"Alayah Toscano","CF",0.326,0.341,0.395,0.736,16,44,43,9,14,3,0,0,3,0,1,3,3,1,0.19,0.209,0.19,0.4,18,45,42,5,8,0,0,0,3,1,0,1,2,1,0.136,0,0
"Avery Miloch","C",0.324,0.425,0.647,1.072,14,40,34,5,11,3,1,2,13,1,5,11,0,0,0.262,0.338,0.557,0.896,21,68,61,8,16,3,0,5,14,2,5,10,1,0,0.062,0,0
"Lindsey Franklin","1B",0.318,0.382,0.439,0.821,23,76,66,4,21,2,0,2,17,0,8,11,0,0,0.241,0.388,0.444,0.833,20,67,54,6,13,2,0,3,6,3,10,15,0,0,0.077,0,0
"Mikee Morris","SS",0.306,0.34,0.388,0.727,16,55,49,3,15,4,0,0,8,1,2,8,2,0,0.325,0.378,0.422,0.799,24,90,83,19,27,3,1,1,12,0,7,6,1,1,-0.019,0,0
"Oaklee Trapp","1B",0.304,0.4,0.411,0.811,21,65,56,14,17,3,0,1,8,1,8,10,0,0,0.114,0.162,0.143,0.305,16,37,35,0,4,1,0,0,0,0,2,13,0,0,0.19,0,0
"Bubba Rote","LF",0.304,0.36,0.457,0.817,17,50,46,11,14,5,1,0,6,3,1,11,4,0,0.291,0.371,0.364,0.735,21,64,55,11,16,2,1,0,5,3,4,21,3,0,0.013,0,0
"Sydney Soto","CF",0.303,0.311,0.416,0.727,31,96,89,13,27,7,0,1,15,0,1,6,2,0,0.259,0.29,0.345,0.635,21,64,58,6,15,3,1,0,6,1,2,5,3,0,0.044,0,0
"Laura Lockard","3B",0.302,0.366,0.429,0.795,22,71,63,9,19,5,0,1,13,2,5,3,0,0,0.244,0.37,0.311,0.681,20,57,45,0,11,3,0,0,3,1,8,4,1,1,0.058,0,0
"Jasmine Wehn","1B",0.3,0.321,0.52,0.841,16,53,50,7,15,3,1,2,15,0,2,7,0,0,0.289,0.364,0.355,0.719,24,88,76,7,22,5,0,0,11,1,9,6,0,0,0.011,0,0
"Britney Moreno","2B",0.295,0.326,0.432,0.758,18,49,44,10,13,4,1,0,7,1,1,2,0,0,0.256,0.31,0.41,0.72,15,44,39,5,10,1,1,1,1,0,3,5,0,0,0.039,0,0
"Lily Garcia","2B",0.29,0.343,0.387,0.73,14,37,31,5,9,3,0,0,3,0,3,2,1,0,0.273,0.319,0.348,0.668,24,75,66,9,18,3,1,0,11,1,4,2,0,2,0.017,0,0
"Morgan Westbrook","RF",0.286,0.4,0.405,0.805,20,50,42,10,12,2,0,1,6,2,6,6,0,0,0.333,0.351,0.444,0.796,15,37,36,1,12,1,0,1,11,1,0,6,0,0,-0.047,0,0
"Marisa Rubio","LF",0.281,0.305,0.351,0.656,20,60,57,6,16,2,1,0,8,0,2,9,2,0,0.378,0.404,0.378,0.782,19,49,45,2,17,0,0,0,3,0,2,12,2,1,-0.097,0,0
"Madison Nguyen","LF",0.276,0.282,0.276,0.558,22,79,76,6,21,0,0,0,4,1,0,9,7,0,0.185,0.185,0.222,0.407,23,82,81,6,15,1,1,0,5,0,0,12,3,0,0.091,0,0
"Karen Spadafora","C",0.275,0.286,0.325,0.611,16,42,40,2,11,2,0,0,7,0,1,8,0,0,0.327,0.367,0.455,0.821,21,60,55,5,18,4,0,1,6,0,4,7,0,0,-0.052,0,0
"Priscilla Estrada","SS",0.273,0.33,0.303,0.633,34,116,99,18,27,1,1,0,6,1,8,7,4,2,0.323,0.371,0.431,0.802,21,73,65,14,21,2,1,1,6,2,3,6,0,1,-0.05,0,0
"Ry Binne","SS",0.273,0.319,0.295,0.615,15,50,44,12,12,1,0,0,0,0,3,1,2,0,0.22,0.304,0.22,0.524,13,49,41,4,9,0,0,0,2,0,5,4,4,1,0.053,0,0
"Gabi Giroux","SS",0.273,0.455,0.303,0.758,17,45,33,3,9,1,0,0,3,2,9,5,0,0,0.129,0.325,0.161,0.486,16,40,31,2,4,1,0,0,1,3,6,8,1,0,0.144,0,0
"Kelby Robbins","3B",0.271,0.327,0.292,0.619,18,53,48,1,13,1,0,0,1,1,3,7,0,0,0.245,0.327,0.286,0.613,22,55,49,1,12,2,0,0,0,1,5,9,0,0,0.026,0,0
"Tai Wilson","LF",0.267,0.389,0.311,0.7,16,54,45,10,12,2,0,0,0,1,8,9,0,1,0.329,0.402,0.438,0.841,24,85,73,13,24,6,1,0,11,1,8,15,2,1,-0.062,0,0
"Nicola Simpson","P",0.267,0.361,0.467,0.828,13,36,30,2,8,3,0,1,5,2,3,7,0,0,0.279,0.348,0.443,0.79,21,70,61,4,17,4,0,2,13,1,6,4,0,0,-0.012,0,0
"Miranda Lopez","2B",0.262,0.279,0.357,0.636,16,45,42,4,11,4,0,0,4,0,1,1,0,0,0.1,0.167,0.1,0.267,18,55,50,2,5,0,0,0,2,0,4,6,0,1,0.162,0,0
"Jessica Adams","P",0.259,0.333,0.379,0.713,22,66,58,3,15,1,0,2,12,2,5,16,0,0,0.259,0.286,0.296,0.582,12,28,27,1,7,1,0,0,2,1,0,6,0,0,0,0,0
"Tinley Lucas","C",0.259,0.359,0.389,0.748,29,65,54,9,14,1,0,2,6,3,6,11,3,0,0.222,0.303,0.444,0.747,13,34,27,6,6,0,0,2,5,2,2,9,0,0,0.037,0,0
"Lexi Benson","DP",0.255,0.435,0.362,0.797,20,62,47,10,12,1,2,0,6,2,13,9,2,2,0.261,0.382,0.457,0.838,21,55,46,5,12,1,4,0,8,1,8,14,2,0,-0.00600000000000001,0,0
"Arianna Ramirez","1B",0.255,0.25,0.49,0.74,16,52,51,7,13,3,0,3,7,0,0,6,1,0,0.273,0.298,0.4,0.698,18,57,55,2,15,4,0,1,7,1,1,7,0,0,-0.018,0,0
"Jordan Dickerson","2B",0.254,0.333,0.339,0.672,21,66,59,8,15,2,0,1,13,3,4,5,0,0,0.209,0.271,0.256,0.527,19,50,43,2,9,2,0,0,6,0,4,10,0,0,0.045,0,0
"Kalyn Hill","C",0.25,0.343,0.339,0.682,21,70,56,7,14,2,0,1,8,0,10,2,0,0,0.196,0.26,0.348,0.608,18,52,46,2,9,4,0,1,6,0,4,5,0,0,0.054,0,0
"Catrin Hoffman","RF",0.25,0.372,0.361,0.733,15,44,36,4,9,4,0,0,7,0,7,12,0,0,0.216,0.283,0.49,0.774,22,60,51,6,11,6,1,2,11,2,4,12,0,0,0.034,0,0
"Ava Sin","RF",0.25,0.294,0.438,0.732,14,34,32,5,8,1,1,1,4,0,2,4,0,0,0.298,0.359,0.386,0.745,21,64,57,10,17,5,0,0,9,0,6,7,0,0,-0.048,0,0
"Malachy Russell-Millen","2B",0.244,0.456,0.293,0.749,25,60,41,6,10,2,0,0,1,9,7,9,0,0,0.3,0.488,0.433,0.921,17,43,30,1,9,1,0,1,7,4,7,4,0,1,-0.056,0,0
"Skylar Padgett","SS",0.241,0.353,0.345,0.698,14,35,29,5,7,0,0,1,7,5,0,5,0,0,0.241,0.349,0.333,0.683,23,65,54,7,13,2,0,1,4,4,5,6,0,1,0,0,0
"Marley Neises","CF",0.232,0.27,0.478,0.749,25,74,69,11,16,3,1,4,16,0,4,19,1,0,0.267,0.262,0.367,0.629,20,62,60,7,16,3,0,1,6,0,0,12,1,1,-0.035,0,0
"Chloe Reneau","SS",0.222,0.286,0.222,0.508,20,50,45,5,10,0,0,0,2,0,4,12,1,1,0.273,0.324,0.318,0.642,23,71,66,7,18,1,1,0,2,0,5,14,2,1,-0.051,0,0
"Mikaelah Burkland","RF",0.214,0.306,0.286,0.592,19,52,42,2,9,3,0,0,6,0,6,10,0,0,0.091,0.18,0.145,0.326,23,64,55,4,5,3,0,0,3,0,6,10,0,0,0.123,0,0
"Maya Martinez","RF",0.213,0.245,0.319,0.564,23,51,47,5,10,2,0,1,5,0,2,9,0,0,0.31,0.415,0.429,0.844,19,54,42,9,13,5,0,0,9,3,6,5,0,0,-0.097,0,0
"Lovey Kepa’a","3B",0.179,0.292,0.375,0.667,32,66,56,6,10,0,1,3,12,1,8,18,0,0,0.241,0.313,0.586,0.899,13,32,29,4,7,1,0,3,8,0,3,3,0,0,-0.062,0,0
"Miranda Lista","3B",0.132,0.214,0.158,0.372,18,43,38,6,5,1,0,0,3,0,4,11,1,0,0.159,0.255,0.273,0.528,20,51,44,3,7,2,0,1,10,0,6,13,0,1,-0.027,0,0
"Ashlee LaRue","RF",0.121,0.244,0.242,0.486,16,43,33,5,4,1,0,1,4,1,5,15,0,0,0.114,0.225,0.114,0.339,16,42,35,1,4,0,0,0,1,0,5,8,0,0,0.00699999999999999,0,0
"Mallory Webb","CF",0.108,0.214,0.108,0.322,19,42,37,3,4,0,0,0,1,1,4,13,2,0,0.273,0.344,0.273,0.617,24,61,55,4,15,0,0,0,0,0,6,9,4,0,-0.165,0,0
