Player,Team,POS,BA,OBP,SLG,OPS,GP,PA,AB,R,H,2B,3B,HR,RBI,HBP,BB,K,SB,CS,CF,HA,PS
Morgan Petty,Albany,RF,0.545,0.643,0.939,1.582,12,42,33,10,18,2,1,3,7,2,7,1,8,0,American East,Home,0.185
Ella Squaires,UMBC,LF,0.475,0.575,0.525,1.101,19,73,59,21,28,3,0,0,2,0,14,4,12,0,American East,Home,0.169
Ashley Della Guardia,UMBC,1B,0.444,0.516,0.833,1.349,19,64,54,16,24,3,0,6,22,0,9,6,1,1,American East,Home,0.256
Emily Riggs,UMBC,2B,0.418,0.492,0.782,1.274,19,63,55,10,23,5,0,5,23,3,5,7,0,0,American East,Home,0.236
Caitlyn Mitros,Albany,LF,0.417,0.475,0.528,1.003,11,40,36,7,15,2,1,0,9,1,3,2,5,2,American East,Home,0.143
Brenna Davenport,UMass Lowell,1B,0.407,0.467,0.481,0.948,10,30,27,3,11,2,0,0,3,0,3,2,2,0,American East,Home,0.094
Sara Anderson,Albany,3B,0.4,0.486,0.433,0.919,12,35,30,7,12,1,0,0,0,0,5,5,1,0,American East,Home,0.196
Lindsey Walter,Binghamton,CF,0.391,0.462,0.522,0.983,18,54,46,15,18,1,1,1,2,1,5,6,6,1,American East,Home,0.175
Kyli Her--dez,Maine,3B,0.385,0.429,0.462,0.89,5,14,13,3,5,1,0,0,2,0,1,7,0,1,American East,Home,0.26
Alexis Clancy,Bryant,1B,0.383,0.433,0.667,1.1,19,67,60,16,23,6,1,3,19,2,4,8,2,2,American East,Home,0.015
Allison L’Amoreaux,Binghamton,1B,0.367,0.446,0.714,1.161,17,57,49,15,18,5,0,4,11,3,4,9,0,0,American East,Home,0.188
Megan Marcel,Bryant,3B,0.367,0.529,0.735,1.264,21,70,49,12,18,3,0,5,23,4,14,5,2,0,American East,Home,0.067
Victoria Vilarchao,Albany,DP,0.357,0.412,0.714,1.126,12,34,28,3,10,1,0,3,9,1,3,8,0,0,American East,Home,0.068
Makenna Coleman,Bryant,CF,0.345,0.465,0.672,1.137,21,71,58,19,20,4,3,3,12,1,12,0,5,1,American East,Home,-0.074
Hannah Cochran,Bryant,LF,0.328,0.411,0.656,1.067,21,75,64,16,21,3,0,6,19,1,8,8,10,0,American East,Home,-0.051
Jerzie Nutile,UMBC,P,0.326,0.396,0.512,0.907,17,49,43,11,14,5,0,1,11,2,3,6,0,0,American East,Home,0.104
Anna Margetis,Maine,1B,0.323,0.333,0.452,0.785,10,33,31,5,10,1,0,1,5,1,0,5,0,0,American East,Home,0.168
Trinadey Santiago,UMass Lowell,3B,0.32,0.32,0.36,0.68,8,25,25,1,8,1,0,0,2,0,0,4,0,1,American East,Home,0.113
Amaya Carroll,UMBC,SS,0.31,0.355,0.448,0.803,18,65,58,11,18,0,1,2,14,2,2,7,1,0,American East,Home,-0.023
Gabby Papushka,Maine,RF,0.308,0.357,0.423,0.78,10,28,26,3,8,3,0,0,3,0,2,7,0,1,American East,Home,0.147
Elizabeth Frederick,UMass Lowell,CF,0.296,0.367,0.37,0.737,10,31,27,1,8,2,0,0,2,0,3,4,4,1,American East,Home,0.059
Brianna Santos,Binghamton,DP,0.295,0.386,0.41,0.796,19,70,61,13,18,7,0,0,4,4,5,5,3,0,American East,Home,-0.075
Cayla Tulley,UMass Lowell,LF,0.294,0.409,0.529,0.939,8,22,17,3,5,1,0,1,4,0,4,5,1,0,American East,Home,0.115
Aleix Hudson,Bryant,2B,0.29,0.4,0.468,0.868,21,75,62,19,18,8,0,1,9,2,10,7,3,0,American East,Home,-0.043
Maddy Dodig,Binghamton,2B,0.286,0.352,0.388,0.74,19,54,49,11,14,2,0,1,7,1,4,6,0,0,American East,Home,0.13
Krista Francia,Maine,SS,0.276,0.417,0.414,0.83,10,36,29,6,8,2,1,0,4,2,5,1,0,0,American East,Home,0.057
Deanna Grahek,Albany,SS,0.267,0.313,0.367,0.679,12,34,30,8,8,3,0,0,4,0,2,6,1,0,American East,Home,0.159
Alexis Larrow,Bryant,DP,0.263,0.404,0.395,0.799,16,51,38,4,10,2,0,1,8,4,5,7,0,0,American East,Home,-0.054
Madison Petrella,Albany,C,0.25,0.375,0.375,0.75,12,40,32,4,8,2,1,0,10,0,7,4,1,0,American East,Home,-0.139
Elisa Allen,Binghamton,C,0.25,0.375,0.531,0.906,14,40,32,5,8,0,0,3,11,4,3,8,0,0,American East,Home,0.09
Amya Lundy,UMBC,3B,0.25,0.328,0.385,0.712,18,58,52,8,13,2,1,1,3,1,5,9,3,2,American East,Home,-0.12
Sam Rohwer,Bryant,SS,0.235,0.371,0.51,0.881,21,63,51,12,12,2,0,4,16,0,11,7,1,0,American East,Home,-0.03
Morgan Fisher,UMass Lowell,C,0.222,0.364,0.37,0.734,10,33,27,4,6,1,0,1,5,0,6,3,2,0,American East,Home,-0.129
Katie Jo Moery,Maine,2B,0.219,0.219,0.25,0.469,10,32,32,1,7,1,0,0,6,0,0,5,1,0,American East,Home,-0.048
Emily Tow,UMass Lowell,RF,0.207,0.233,0.31,0.544,10,30,29,4,6,0,0,1,1,0,1,5,1,0,American East,Home,-0.039
Shelby Carvalho,Binghamton,3B,0.196,0.328,0.373,0.7,19,61,51,9,10,3,0,2,11,1,9,17,2,0,American East,Home,-0.015
Mary Kate Murray,Albany,1B,0.161,0.263,0.29,0.553,12,38,31,2,5,1,0,1,5,0,5,3,0,0,American East,Home,-0.094
Lea White,UMass Lowell,SS,0.147,0.216,0.147,0.363,10,37,34,3,5,0,0,0,2,0,3,1,6,0,American East,Home,-0.241
Jordan Nastos,Albany,CF,0.139,0.162,0.139,0.301,12,37,36,3,5,0,0,0,2,0,1,6,0,0,American East,Home,-0.219
Katelyn Fitzgerald,UMass Lowell,DP,0.138,0.167,0.172,0.339,10,30,29,1,4,1,0,0,1,0,1,5,0,0,American East,Home,-0.195
Rylee Kent,Maine,3B,0.1,0.28,0.1,0.38,10,25,20,1,2,0,0,0,1,0,5,6,0,0,American East,Home,-0.183
Isabel Quintanilla,UMass Lowell,2B,0.056,0.292,0.222,0.514,8,24,18,2,1,0,0,1,1,0,6,3,0,0,American East,Home,-0.187
Makenna Coleman,Bryant,CF,0.419,0.457,0.721,1.177,15,47,43,12,18,4,0,3,13,1,2,7,5,2,American East,Away,
Madison Petrella,Albany,C,0.389,0.459,0.685,1.144,18,61,54,12,21,4,0,4,16,0,7,10,1,1,American East,Away,
Lea White,UMass Lowell,SS,0.388,0.467,0.613,1.08,24,92,80,26,31,4,1,4,16,1,11,7,6,0,American East,Away,
Hannah Cochran,Bryant,LF,0.379,0.406,0.515,0.921,19,69,66,16,25,6,0,1,15,0,3,11,7,0,American East,Away,
Brianna Santos,Binghamton,DP,0.37,0.453,0.5,0.953,15,53,46,9,17,3,0,1,3,0,7,1,1,1,American East,Away,
Amya Lundy,UMBC,3B,0.37,0.473,0.609,1.081,17,56,46,7,17,2,0,3,12,1,8,7,1,0,American East,Away,
Alexis Clancy,Bryant,1B,0.368,0.405,0.529,0.935,20,75,68,11,25,5,0,2,9,3,2,8,2,1,American East,Away,
Morgan Petty,Albany,RF,0.36,0.476,0.54,1.016,18,63,50,17,18,3,0,2,8,8,4,9,8,3,American East,Away,
Jordan Nastos,Albany,CF,0.358,0.424,0.453,0.877,18,60,53,14,19,2,0,1,4,2,4,6,4,2,American East,Away,
Morgan Fisher,UMass Lowell,C,0.351,0.425,0.455,0.88,24,88,77,11,27,2,0,2,18,1,9,7,0,2,American East,Away,
Aleix Hudson,Bryant,2B,0.333,0.423,0.621,1.044,20,78,66,22,22,5,1,4,21,1,10,10,3,0,American East,Away,
Amaya Carroll,UMBC,SS,0.333,0.35,0.474,0.824,17,60,57,8,19,3,1,1,7,2,0,10,1,0,American East,Away,
Katelyn Fitzgerald,UMass Lowell,DP,0.333,0.378,0.333,0.712,22,75,69,4,23,0,0,0,5,1,4,12,0,0,American East,Away,
Alexis Larrow,Bryant,DP,0.317,0.378,0.366,0.744,15,45,41,4,13,2,0,0,7,1,3,13,0,0,American East,Away,
Brenna Davenport,UMass Lowell,1B,0.313,0.356,0.403,0.759,23,75,67,10,21,3,0,1,7,0,5,6,0,0,American East,Away,
Ella Squaires,UMBC,LF,0.306,0.346,0.347,0.693,15,52,49,4,15,0,1,0,4,0,3,6,4,2,American East,Away,
Megan Marcel,Bryant,3B,0.3,0.386,0.417,0.802,20,71,60,9,18,4,0,1,9,4,5,11,3,0,American East,Away,
Victoria Vilarchao,Albany,DP,0.289,0.4,0.553,0.953,15,45,38,3,11,4,0,2,14,5,2,9,0,0,American East,Away,
Rylee Kent,Maine,3B,0.283,0.353,0.304,0.657,18,51,46,1,13,1,0,0,3,0,5,10,0,0,American East,Away,
Caitlyn Mitros,Albany,LF,0.274,0.318,0.29,0.609,18,66,62,11,17,1,0,0,3,0,4,3,4,2,American East,Away,
Katie Jo Moery,Maine,2B,0.267,0.321,0.36,0.681,26,81,75,9,20,7,0,0,6,2,4,17,7,1,American East,Away,
Sam Rohwer,Bryant,SS,0.265,0.403,0.327,0.73,19,63,49,12,13,0,0,1,9,1,11,12,3,0,American East,Away,
Mary Kate Murray,Albany,1B,0.255,0.305,0.455,0.76,17,59,55,7,14,2,0,3,15,1,3,9,0,0,American East,Away,
Emily Tow,UMass Lowell,RF,0.246,0.254,0.292,0.546,22,68,65,9,16,0,0,1,6,0,1,15,5,0,American East,Away,
Isabel Quintanilla,UMass Lowell,2B,0.243,0.284,0.429,0.712,21,77,70,14,17,4,0,3,13,0,4,6,1,0,American East,Away,
Elizabeth Frederick,UMass Lowell,CF,0.237,0.33,0.447,0.777,24,88,76,16,18,5,1,3,11,1,10,10,4,1,American East,Away,
Jerzie Nutile,UMBC,P,0.222,0.276,0.556,0.831,11,29,27,6,6,0,0,3,5,0,2,4,0,0,American East,Away,
Krista Francia,Maine,SS,0.219,0.286,0.25,0.536,24,73,64,6,14,2,0,0,5,0,6,10,0,1,American East,Away,
Lindsey Walter,Binghamton,CF,0.216,0.31,0.216,0.526,15,45,37,4,8,0,0,0,2,2,3,6,2,0,American East,Away,
Shelby Carvalho,Binghamton,3B,0.211,0.286,0.474,0.759,14,43,38,6,8,1,0,3,7,2,2,12,0,0,American East,Away,
Trinadey Santiago,UMass Lowell,3B,0.207,0.313,0.328,0.641,23,70,58,3,12,1,0,2,10,1,8,16,0,0,American East,Away,
Sara Anderson,Albany,3B,0.204,0.259,0.204,0.463,18,56,49,3,10,0,0,0,6,1,3,2,0,1,American East,Away,
Ashley Della Guardia,UMBC,1B,0.188,0.316,0.208,0.524,17,57,48,7,9,1,0,0,3,0,9,6,1,0,American East,Away,
Emily Riggs,UMBC,2B,0.182,0.333,0.295,0.629,16,54,44,3,8,2,0,1,5,1,9,19,0,0,American East,Away,
Cayla Tulley,UMass Lowell,LF,0.179,0.258,0.232,0.49,21,63,56,10,10,3,0,0,4,1,5,24,5,2,American East,Away,
Allison L’Amoreaux,Binghamton,1B,0.179,0.304,0.385,0.689,15,47,39,5,7,2,0,2,8,3,4,13,0,0,American East,Away,
Gabby Papushka,Maine,RF,0.161,0.224,0.161,0.385,25,70,62,7,10,0,0,0,6,0,5,21,1,0,American East,Away,
Elisa Allen,Binghamton,C,0.16,0.323,0.28,0.603,12,31,25,3,4,0,0,1,2,2,4,9,0,0,American East,Away,
Maddy Dodig,Binghamton,2B,0.156,0.243,0.219,0.462,13,37,32,3,5,2,0,0,4,0,4,12,1,0,American East,Away,
Anna Margetis,Maine,1B,0.155,0.218,0.197,0.415,26,78,71,6,11,0,0,1,3,3,3,16,0,0,American East,Away,
Kyli Her--dez,Maine,3B,0.125,0.176,0.146,0.322,21,51,48,4,6,1,0,0,3,2,1,13,2,0,American East,Away,
Deanna Grahek,Albany,SS,0.108,0.333,0.189,0.523,18,52,37,9,4,1,1,0,3,2,11,10,4,0,American East,Away,
CC Wong,Wichita State,DP,0.519,0.643,1,1.643,19,70,52,22,27,7,0,6,24,0,18,4,4,0,American Athletic,Home,0.105
Addison Barnard,Wichita State,CF,0.481,0.569,1.352,1.921,19,66,54,23,26,8,0,13,25,1,10,6,4,1,American Athletic,Home,0.098
Imani Edwards,Tulsa,SS,0.46,0.478,0.81,1.287,20,67,63,23,29,4,3,4,15,1,2,0,5,1,American Athletic,Home,0.187
MacKenzie Denson,Tulsa,LF,0.446,0.471,0.462,0.932,20,70,65,13,29,1,0,0,4,0,3,3,8,1,American Athletic,Home,0.164
Jesiana Mora,Florida Atlantic,3B,0.44,0.505,0.527,1.032,31,108,91,22,40,6,1,0,21,1,13,4,14,0,American Athletic,Home,0.15
Presley Leebrick,Florida Atlantic,RF,0.425,0.564,0.563,1.127,31,117,87,30,37,6,0,2,15,2,27,11,9,0,American Athletic,Home,0.165
Claira Skaggs,Tulsa,3B,0.418,0.5,0.655,1.155,20,66,55,9,23,7,0,2,16,4,5,4,0,0,American Athletic,Home,0.168
Kailyn Bearpaw,Tulsa,RF,0.382,0.46,0.745,1.206,20,63,55,14,21,5,0,5,18,0,8,5,0,0,American Athletic,Home,0.113
Krystin Nelson,Wichita State,3B,0.378,0.481,0.578,1.059,19,54,45,13,17,6,0,1,10,2,7,4,1,0,American Athletic,Home,0.045
Arianna Rodi,Charlotte,1B,0.376,0.46,0.8,1.26,27,100,85,17,32,3,0,11,29,0,14,14,1,0,American Athletic,Home,0.043
Haley Morgan,Tulsa,CF,0.375,0.471,0.5,0.971,20,70,56,16,21,4,0,1,9,4,7,3,7,1,American Athletic,Home,0.129
Abigail Knight,Charlotte,LF,0.368,0.489,0.526,1.016,27,95,76,10,28,9,0,1,14,3,15,7,0,1,American Athletic,Home,0.162
Morgan Johnson,East Carolina,1B,0.367,0.449,0.767,1.215,31,108,90,26,33,3,0,11,35,7,8,11,1,1,American Athletic,Home,0.003
Emma Jackson,East Carolina,CF,0.367,0.425,0.624,1.049,33,120,109,26,40,12,2,4,24,2,9,16,0,0,American Athletic,Home,-0.072
Jaylen Prichard,UTSA,2B,0.364,0.5,0.409,0.909,16,56,44,10,16,2,0,0,5,0,12,7,0,1,American Athletic,Home,0.041
Alanah Rivera,USF,SS,0.357,0.455,0.44,0.895,34,101,84,10,30,4,0,1,22,5,10,11,0,1,American Athletic,Home,0.102
Lainee Brown,Wichita State,C,0.347,0.377,0.51,0.888,18,55,49,10,17,2,0,2,10,0,3,5,0,0,American Athletic,Home,0.072
Mikayla Smith,North Texas,2B,0.343,0.373,0.7,1.073,26,77,70,9,24,5,1,6,16,1,3,15,0,0,American Athletic,Home,0.032
Makenzie Mason,East Carolina,3B,0.338,0.417,0.351,0.768,32,86,74,19,25,1,0,0,6,0,10,12,3,1,American Athletic,Home,0.258
Cori Hoffler,Charlotte,2B,0.329,0.468,0.589,1.057,27,94,73,23,24,7,0,4,14,7,13,19,6,0,American Athletic,Home,0.099
Bella Wiggins,UAB,CF,0.327,0.476,0.571,1.048,20,65,49,12,16,2,2,2,10,1,13,5,4,0,American Athletic,Home,0.064
Kamryn Jackson,Florida Atlantic,CF,0.326,0.426,0.576,1.002,31,108,92,28,30,7,2,4,29,8,8,10,4,0,American Athletic,Home,-0.014
Anna Sawyer,East Carolina,RF,0.326,0.432,0.467,0.9,33,111,92,18,30,10,0,1,14,1,17,20,1,0,American Athletic,Home,0.057
Maci Cole,Tulsa,C,0.325,0.413,0.575,0.988,18,46,40,10,13,2,1,2,8,0,6,9,0,0,American Athletic,Home,0.103
Annie Kate Dalton,East Carolina,C,0.321,0.433,0.417,0.849,30,104,84,7,27,5,0,1,18,2,16,12,0,0,American Athletic,Home,0.097
Ella Chancey,Charlotte,3B,0.315,0.44,0.562,1.001,27,91,73,21,23,4,1,4,19,3,14,19,6,1,American Athletic,Home,-0.027
Kiley Channell,Florida Atlantic,SS,0.306,0.425,0.506,0.93,31,109,85,13,26,12,1,1,18,6,13,10,2,2,American Athletic,Home,-0.065
Alexa Galligani,USF,LF,0.304,0.388,0.343,0.731,33,118,102,19,31,4,0,0,4,2,12,19,2,0,American Athletic,Home,0.086
Taylor Woodring,East Carolina,DP,0.302,0.392,0.524,0.916,28,74,63,9,19,2,0,4,11,3,7,8,0,0,American Athletic,Home,-0.002
Hannah Dorsett,UAB,2B,0.302,0.361,0.321,0.681,21,65,53,12,16,1,0,0,7,1,5,7,3,0,American Athletic,Home,-0.021
Cierra Simon,North Texas,SS,0.299,0.392,0.403,0.795,26,80,67,9,20,2,1,1,8,2,9,11,5,1,American Athletic,Home,-0.098
Trinity Schlotterbeck,Florida Atlantic,DP,0.294,0.462,0.544,1.006,29,91,68,9,20,8,0,3,23,3,19,16,1,1,American Athletic,Home,0.011
McKaylee Polk,Memphis,3B,0.294,0.39,0.451,0.841,19,59,51,5,15,2,0,2,8,1,7,5,1,0,American Athletic,Home,-0.006
Taylor Jensen,UTSA,C,0.293,0.453,0.61,1.063,16,53,41,7,12,2,1,3,14,0,12,13,0,0,American Athletic,Home,0.103
Cammeo Presutti,Florida Atlantic,LF,0.286,0.375,0.31,0.685,30,96,84,15,24,0,1,0,2,1,11,7,4,1,American Athletic,Home,0.042
Hannah Miles,UAB,RF,0.286,0.34,0.327,0.666,21,53,49,8,14,0,1,0,5,2,2,4,4,0,American Athletic,Home,0.025
Taryn Madlock,UTSA,RF,0.286,0.333,0.429,0.762,12,30,28,5,8,1,0,1,4,1,1,12,0,1,American Athletic,Home,0.134
Sophia Campbell,UTSA,1B,0.286,0.352,0.327,0.678,16,54,49,1,14,2,0,0,4,0,5,7,0,0,American Athletic,Home,0.125
Abby Jones,Tulsa,2B,0.281,0.359,0.632,0.991,20,64,57,14,16,6,1,4,18,0,7,4,2,1,American Athletic,Home,0.064
Olivia Williams,Charlotte,CF,0.28,0.351,0.38,0.731,25,58,50,10,14,5,0,0,11,0,6,7,6,0,American Athletic,Home,0.01
Erykah Guerrero,UTSA,DP,0.279,0.295,0.512,0.807,13,44,43,3,12,4,0,2,7,0,1,9,0,0,American Athletic,Home,0.086
Zoe Adebayo,Memphis,1B,0.277,0.41,0.431,0.84,26,84,65,8,18,2,1,2,11,5,11,16,2,1,American Athletic,Home,0.027
Olivia Valbak,UAB,SS,0.276,0.333,0.31,0.644,21,66,58,5,16,2,0,0,10,0,5,7,0,0,American Athletic,Home,0.048
Sami Hood,Wichita State,2B,0.275,0.326,0.5,0.826,13,45,40,7,11,9,0,0,5,0,3,8,0,0,American Athletic,Home,0.007
Tatum Sparks,North Texas,3B,0.274,0.328,0.403,0.732,25,69,62,7,17,2,0,2,6,1,4,10,1,1,American Athletic,Home,0.138
Taylor Sedlacek,Wichita State,SS,0.273,0.385,0.655,1.039,19,65,55,15,15,3,0,6,19,2,8,8,1,2,American Athletic,Home,0.043
Kanisha Anderson,East Carolina,LF,0.271,0.325,0.3,0.625,28,78,70,14,19,2,0,0,5,0,6,6,5,0,American Athletic,Home,-0.053
Arianna Cox-Cole,Memphis,LF,0.271,0.358,0.288,0.646,23,68,59,9,16,1,0,0,6,2,6,12,8,3,American Athletic,Home,0.04
Kiyah Garrett,Charlotte,DP,0.268,0.341,0.521,0.863,25,82,71,9,19,9,0,3,14,0,9,10,0,0,American Athletic,Home,-0.026
Logan Sutton,East Carolina,2B,0.265,0.315,0.361,0.676,32,91,83,13,22,5,0,1,10,1,5,10,6,0,American Athletic,Home,-0.046
Lindsey Smith,UAB,3B,0.264,0.35,0.528,0.878,21,62,53,14,14,5,0,3,12,1,6,12,1,0,American Athletic,Home,-0.019
Mary-Kathryn Scott,East Carolina,SS,0.263,0.295,0.333,0.628,32,62,57,9,15,2,1,0,8,0,3,8,4,0,American Athletic,Home,0.087
Olivia Elliott,USF,RF,0.261,0.343,0.348,0.691,31,108,92,12,24,2,3,0,13,2,10,3,3,1,American Athletic,Home,-0.02
Molly Rainey,North Texas,RF,0.259,0.344,0.519,0.863,24,61,54,9,14,5,0,3,7,2,5,8,2,0,American Athletic,Home,-0.041
Makalah Mitchell,Charlotte,CF,0.258,0.41,0.29,0.701,19,39,31,8,8,1,0,0,3,1,7,12,3,0,American Athletic,Home,0.087
Auburn Dupree,UAB,LF,0.25,0.348,0.25,0.598,16,47,40,7,10,0,0,0,1,0,6,6,5,2,American Athletic,Home,-0.109
Alyssa Aguilar,UAB,1B,0.25,0.292,0.295,0.587,18,49,44,3,11,2,0,0,4,1,2,3,0,0,American Athletic,Home,0.05
Zoey Jones,Florida Atlantic,1B,0.247,0.309,0.438,0.747,31,97,89,11,22,8,0,3,11,1,7,13,1,0,American Athletic,Home,0.016
Bailey Urban,Wichita State,LF,0.246,0.302,0.386,0.688,19,64,57,9,14,2,0,2,13,1,4,8,0,0,American Athletic,Home,-0.011
Jordyn Kadlub,USF,CF,0.246,0.307,0.304,0.611,30,84,69,9,17,2,1,0,1,0,6,9,5,0,American Athletic,Home,0.012
Lexi Winters,Charlotte,C,0.232,0.345,0.464,0.809,25,85,69,16,16,5,1,3,13,1,12,2,3,0,American Athletic,Home,-0.018
Madi Hays,UTSA,CF,0.222,0.404,0.444,0.849,14,47,36,8,8,2,0,2,5,1,10,10,1,1,American Athletic,Home,-0.002
Marissa Trivelpiece,USF,1B,0.221,0.349,0.244,0.593,34,111,86,8,19,2,0,0,13,6,13,10,0,0,American Athletic,Home,-0.052
Cameryn Orland,Florida Atlantic,2B,0.212,0.312,0.288,0.6,27,79,66,7,14,3,1,0,11,1,9,6,4,0,American Athletic,Home,-0.02
Kathy Garcia-Soto,USF,2B,0.209,0.329,0.239,0.568,34,84,67,15,14,0,1,0,8,4,9,9,3,3,American Athletic,Home,-0.088
Kailey Gamble,North Texas,1B,0.2,0.43,0.4,0.83,26,79,55,4,11,2,0,3,11,1,22,22,0,0,American Athletic,Home,-0.088
Celeste Wood,Tulsa,1B,0.2,0.308,0.267,0.574,19,52,45,3,9,3,0,0,5,1,6,8,0,0,American Athletic,Home,-0.032
Kylie Forney,UTSA,3B,0.2,0.283,0.325,0.608,16,47,40,6,8,2,0,1,5,1,4,12,2,0,American Athletic,Home,0.086
Kennedy Semien,Memphis,SS,0.197,0.321,0.242,0.563,26,79,66,8,13,0,0,1,5,1,11,9,4,0,American Athletic,Home,-0.036
Khamiyah Brown,Memphis,C,0.196,0.274,0.25,0.524,24,62,56,2,11,3,0,0,6,0,6,10,0,0,American Athletic,Home,0.002
Kalei Chris10sen,North Texas,C,0.193,0.27,0.263,0.533,25,63,57,9,11,1,0,1,6,3,3,8,1,0,American Athletic,Home,-0.069
Teagan Ritchie,Charlotte,SS,0.193,0.303,0.211,0.514,25,66,57,9,11,1,0,0,7,2,7,15,5,0,American Athletic,Home,-0.07
Caroline Tallent,Wichita State,1B,0.171,0.393,0.366,0.759,19,56,41,12,7,2,0,2,6,10,5,7,1,0,American Athletic,Home,0.023
Kat Ibarra,North Texas,RF,0.167,0.245,0.229,0.474,21,55,48,5,8,1,1,0,5,0,5,14,2,0,American Athletic,Home,-0.119
Presley Morris,Memphis,2B,0.164,0.164,0.179,0.343,25,68,67,2,11,1,0,0,6,0,0,13,0,2,American Athletic,Home,0.043
Camryn Robillard,UTSA,SS,0.128,0.255,0.128,0.384,16,48,39,4,5,0,0,0,3,0,7,7,1,0,American Athletic,Home,0.015
Kelsie Adams,Memphis,CF,0.106,0.208,0.17,0.378,23,53,47,5,5,3,0,0,1,0,6,12,0,0,American Athletic,Home,0.039
Emma Jackson,East Carolina,CF,0.439,0.507,1,1.507,16,67,57,17,25,5,0,9,17,1,8,7,1,0,American Athletic,Away,
CC Wong,Wichita State,DP,0.414,0.518,0.743,1.261,22,85,70,23,29,4,2,5,19,0,15,6,0,1,American Athletic,Away,
Cierra Simon,North Texas,SS,0.397,0.417,0.544,0.961,21,72,68,11,27,3,2,1,14,0,3,9,2,2,American Athletic,Away,
Addison Barnard,Wichita State,CF,0.383,0.554,0.867,1.421,22,83,60,21,23,2,0,9,18,0,23,7,4,4,American Athletic,Away,
Kiley Channell,Florida Atlantic,SS,0.371,0.406,0.484,0.89,20,71,62,11,23,7,0,0,18,1,4,4,0,0,American Athletic,Away,
Morgan Johnson,East Carolina,1B,0.364,0.438,0.527,0.965,16,64,55,13,20,3,0,2,7,1,7,12,1,1,American Athletic,Away,
Auburn Dupree,UAB,LF,0.359,0.444,0.359,0.803,16,46,39,8,14,0,0,0,1,0,6,7,6,2,American Athletic,Away,
Ella Chancey,Charlotte,3B,0.342,0.4,0.534,0.934,21,80,73,10,25,2,3,2,16,0,7,11,2,1,American Athletic,Away,
Kamryn Jackson,Florida Atlantic,CF,0.34,0.535,0.638,1.174,20,72,47,18,16,5,0,3,14,7,15,4,0,0,American Athletic,Away,
Krystin Nelson,Wichita State,3B,0.333,0.443,0.451,0.894,21,62,51,13,17,3,0,1,8,0,10,4,0,0,American Athletic,Away,
Arianna Rodi,Charlotte,1B,0.333,0.494,0.81,1.303,21,83,63,16,21,3,0,9,20,1,19,13,0,0,American Athletic,Away,
Kanisha Anderson,East Carolina,LF,0.324,0.333,0.382,0.716,13,38,34,3,11,0,1,0,5,0,1,3,4,0,American Athletic,Away,
Jaylen Prichard,UTSA,2B,0.323,0.405,0.446,0.852,24,75,65,10,21,5,0,1,2,1,8,12,1,0,American Athletic,Away,
Hannah Dorsett,UAB,2B,0.323,0.353,0.323,0.676,21,71,65,9,21,0,0,0,7,3,0,10,1,2,American Athletic,Away,
Mikayla Smith,North Texas,2B,0.311,0.391,0.557,0.949,21,70,61,13,19,3,0,4,13,0,8,9,0,0,American Athletic,Away,
Logan Sutton,East Carolina,2B,0.311,0.426,0.578,1.004,17,55,45,12,14,3,0,3,10,2,7,7,2,0,American Athletic,Away,
Taylor Woodring,East Carolina,DP,0.304,0.407,0.457,0.864,16,54,46,4,14,4,0,1,7,2,6,9,0,2,American Athletic,Away,
Molly Rainey,North Texas,RF,0.3,0.375,0.5,0.875,18,58,50,8,15,5,1,1,6,1,5,11,3,0,American Athletic,Away,
McKaylee Polk,Memphis,3B,0.3,0.404,0.5,0.904,18,48,40,3,12,2,0,2,6,1,6,3,0,0,American Athletic,Away,
Kathy Garcia-Soto,USF,2B,0.297,0.422,0.378,0.801,16,46,37,4,11,3,0,0,7,1,7,9,2,1,American Athletic,Away,
Kiyah Garrett,Charlotte,DP,0.294,0.36,0.588,0.948,21,75,68,13,20,8,0,4,15,0,7,7,1,1,American Athletic,Away,
Jesiana Mora,Florida Atlantic,3B,0.29,0.389,0.435,0.824,20,72,62,14,18,4,1,1,19,0,10,2,2,0,American Athletic,Away,
Kailey Gamble,North Texas,1B,0.288,0.403,0.627,1.03,22,72,59,13,17,5,0,5,15,2,10,14,0,0,American Athletic,Away,
Kat Ibarra,North Texas,RF,0.286,0.375,0.333,0.708,18,49,42,9,12,2,0,0,5,2,4,10,3,0,American Athletic,Away,
Trinity Schlotterbeck,Florida Atlantic,DP,0.283,0.403,0.717,1.12,20,67,53,15,15,2,0,7,23,1,11,8,3,1,American Athletic,Away,
Lindsey Smith,UAB,3B,0.283,0.338,0.533,0.872,21,68,60,5,17,5,2,2,10,1,5,14,0,0,American Athletic,Away,
MacKenzie Denson,Tulsa,LF,0.282,0.325,0.333,0.659,23,86,78,12,22,2,1,0,7,0,5,4,3,1,American Athletic,Away,
Olivia Elliott,USF,RF,0.281,0.369,0.526,0.896,17,67,57,18,16,4,2,2,6,1,7,1,3,0,American Athletic,Away,
Lainee Brown,Wichita State,C,0.275,0.306,0.304,0.61,22,74,69,5,19,2,0,0,5,0,3,10,0,0,American Athletic,Away,
Marissa Trivelpiece,USF,1B,0.273,0.45,0.523,0.973,17,60,44,9,12,5,0,2,7,2,13,4,0,0,American Athletic,Away,
Imani Edwards,Tulsa,SS,0.273,0.321,0.364,0.685,23,86,77,12,21,2,1,1,11,2,4,7,6,1,American Athletic,Away,
Olivia Williams,Charlotte,CF,0.27,0.333,0.324,0.658,18,42,37,6,10,2,0,0,7,1,3,2,4,0,American Athletic,Away,
Kailyn Bearpaw,Tulsa,RF,0.269,0.319,0.343,0.663,23,72,67,5,18,2,0,1,5,0,5,9,0,0,American Athletic,Away,
Anna Sawyer,East Carolina,RF,0.269,0.397,0.365,0.762,16,63,52,7,14,3,1,0,7,0,11,9,0,0,American Athletic,Away,
Sami Hood,Wichita State,2B,0.268,0.281,0.429,0.709,16,58,56,7,15,1,1,2,8,0,1,8,1,0,American Athletic,Away,
Bella Wiggins,UAB,CF,0.263,0.373,0.474,0.847,20,69,57,9,15,5,2,1,5,3,7,6,2,1,American Athletic,Away,
Teagan Ritchie,Charlotte,SS,0.263,0.317,0.395,0.712,17,43,38,10,10,2,0,1,3,1,2,6,1,1,American Athletic,Away,
Kalei Chris10sen,North Texas,C,0.262,0.392,0.381,0.773,19,51,42,6,11,2,0,1,8,3,6,8,1,1,American Athletic,Away,
Hannah Miles,UAB,RF,0.261,0.292,0.261,0.553,20,49,46,5,12,0,0,0,4,0,2,9,1,1,American Athletic,Away,
Presley Leebrick,Florida Atlantic,RF,0.26,0.443,0.36,0.803,19,70,50,15,13,2,0,1,8,2,16,8,0,0,American Athletic,Away,
Bailey Urban,Wichita State,LF,0.257,0.35,0.471,0.821,22,81,70,10,18,3,0,4,15,0,10,8,0,0,American Athletic,Away,
Alanah Rivera,USF,SS,0.255,0.407,0.277,0.683,17,61,47,4,12,1,0,0,6,3,9,4,2,0,American Athletic,Away,
Zoe Adebayo,Memphis,1B,0.25,0.333,0.375,0.708,18,56,48,3,12,3,0,1,8,0,6,8,0,0,American Athletic,Away,
Claira Skaggs,Tulsa,3B,0.25,0.36,0.438,0.798,22,75,64,11,16,4,1,2,16,1,10,11,0,0,American Athletic,Away,
Lexi Winters,Charlotte,C,0.25,0.333,0.339,0.673,19,64,56,7,14,2,0,1,5,1,6,2,1,0,American Athletic,Away,
Haley Morgan,Tulsa,CF,0.246,0.405,0.492,0.897,23,85,65,11,16,0,2,4,15,7,11,7,9,1,American Athletic,Away,
Cammeo Presutti,Florida Atlantic,LF,0.244,0.354,0.268,0.622,18,50,41,13,10,1,0,0,4,2,5,5,2,1,American Athletic,Away,
Jordyn Kadlub,USF,CF,0.234,0.327,0.298,0.625,18,57,47,8,11,1,1,0,5,0,7,7,3,1,American Athletic,Away,
Kennedy Semien,Memphis,SS,0.233,0.32,0.279,0.599,17,52,43,1,10,2,0,0,4,0,6,3,0,0,American Athletic,Away,
Cameryn Orland,Florida Atlantic,2B,0.232,0.306,0.321,0.628,20,62,56,10,13,3,1,0,7,1,5,9,3,0,American Athletic,Away,
Celeste Wood,Tulsa,1B,0.232,0.338,0.375,0.713,22,66,56,9,13,6,1,0,2,1,8,4,0,0,American Athletic,Away,
Zoey Jones,Florida Atlantic,1B,0.231,0.286,0.308,0.593,20,56,52,4,12,1,0,1,6,1,3,13,3,0,American Athletic,Away,
Arianna Cox-Cole,Memphis,LF,0.231,0.333,0.333,0.667,16,46,39,5,9,1,0,1,2,0,6,7,4,0,American Athletic,Away,
Cori Hoffler,Charlotte,2B,0.23,0.377,0.344,0.721,21,77,61,16,14,2,1,1,7,5,10,11,0,1,American Athletic,Away,
Taylor Sedlacek,Wichita State,SS,0.23,0.383,0.574,0.956,22,81,61,16,14,3,0,6,23,1,16,13,3,0,American Athletic,Away,
Olivia Valbak,UAB,SS,0.228,0.302,0.246,0.547,21,65,57,3,13,1,0,0,2,0,6,9,0,0,American Athletic,Away,
Annie Kate Dalton,East Carolina,C,0.224,0.35,0.265,0.615,17,62,49,3,11,2,0,0,3,0,10,12,0,0,American Athletic,Away,
Madi Hays,UTSA,CF,0.224,0.308,0.362,0.67,23,65,58,7,13,2,0,2,2,3,4,22,1,0,American Athletic,Away,
Maci Cole,Tulsa,C,0.222,0.354,0.407,0.761,21,66,54,7,12,1,0,3,9,1,10,12,0,0,American Athletic,Away,
Alexa Galligani,USF,LF,0.218,0.338,0.255,0.593,16,65,55,9,12,2,0,0,5,6,4,4,2,0,American Athletic,Away,
Abby Jones,Tulsa,2B,0.217,0.309,0.35,0.659,21,70,60,9,13,3,1,1,9,0,8,6,4,0,American Athletic,Away,
Abigail Knight,Charlotte,LF,0.206,0.316,0.222,0.538,21,77,63,6,13,1,0,0,9,3,8,7,0,2,American Athletic,Away,
Alyssa Aguilar,UAB,1B,0.2,0.302,0.2,0.502,21,54,45,3,9,0,0,0,6,1,6,4,0,0,American Athletic,Away,
Khamiyah Brown,Memphis,C,0.194,0.326,0.194,0.52,17,43,36,1,7,0,0,0,0,0,7,5,0,0,American Athletic,Away,
Erykah Guerrero,UTSA,DP,0.193,0.258,0.386,0.644,24,62,57,4,11,2,0,3,10,1,4,10,0,0,American Athletic,Away,
Taylor Jensen,UTSA,C,0.19,0.271,0.238,0.51,24,71,63,2,12,3,0,0,5,1,6,12,0,0,American Athletic,Away,
Mary-Kathryn Scott,East Carolina,SS,0.176,0.222,0.294,0.516,14,36,34,3,6,1,0,1,1,1,1,12,0,1,American Athletic,Away,
Makalah Mitchell,Charlotte,CF,0.171,0.239,0.244,0.483,19,46,41,6,7,3,0,0,5,1,3,9,0,0,American Athletic,Away,
Sophia Campbell,UTSA,1B,0.161,0.314,0.179,0.493,24,70,56,3,9,1,0,0,7,3,10,7,0,0,American Athletic,Away,
Taryn Madlock,UTSA,RF,0.152,0.176,0.182,0.358,19,36,33,2,5,1,0,0,2,0,1,13,3,0,American Athletic,Away,
Caroline Tallent,Wichita State,1B,0.148,0.262,0.259,0.521,21,67,54,9,8,3,0,1,6,5,4,14,0,0,American Athletic,Away,
Tatum Sparks,North Texas,3B,0.136,0.208,0.182,0.39,18,50,44,1,6,2,0,0,4,0,4,2,2,0,American Athletic,Away,
Presley Morris,Memphis,2B,0.121,0.147,0.152,0.299,15,36,33,2,4,1,0,0,1,0,1,10,2,0,American Athletic,Away,
Kylie Forney,UTSA,3B,0.114,0.235,0.273,0.508,23,52,44,5,5,1,0,2,5,1,6,19,1,0,American Athletic,Away,
Camryn Robillard,UTSA,SS,0.113,0.226,0.321,0.547,24,62,53,8,6,2,0,3,5,1,7,10,0,1,American Athletic,Away,
Makenzie Mason,East Carolina,3B,0.08,0.207,0.08,0.287,14,30,25,3,2,0,0,0,0,0,4,7,1,1,American Athletic,Away,
Kelsie Adams,Memphis,CF,0.067,0.125,0.067,0.192,16,34,30,4,2,0,0,0,0,0,2,10,0,0,American Athletic,Away,
Riley York,Saint Joseph's,LF,0.5,0.61,0.933,1.543,13,42,30,8,15,7,0,2,15,1,9,3,0,0,Atlantic 10,Home,0.269
Chloe Wong,Dayton,3B,0.471,0.54,0.569,1.108,18,63,51,8,24,5,0,0,13,0,10,4,3,0,Atlantic 10,Home,0.211
Sydney Barnett,Loyola Chicago,3B,0.462,0.52,1.051,1.571,14,50,39,9,18,3,1,6,19,0,8,11,0,0,Atlantic 10,Home,0.129
Kylie Bulinski,Rhode Island,C,0.462,0.541,0.635,1.176,18,62,52,5,24,6,0,1,15,1,8,4,2,0,Atlantic 10,Home,0.268
Sarah Cancila,Saint Joseph's,2B,0.412,0.511,0.706,1.217,13,46,34,15,14,4,0,2,12,1,8,3,3,0,Atlantic 10,Home,0.104
Hailey Malito,Saint Joseph's,1B,0.405,0.477,0.514,0.991,13,44,37,10,15,2,1,0,7,1,5,4,5,0,Atlantic 10,Home,0.202
Cassie Swenson,Rhode Island,SS,0.4,0.46,0.622,1.082,15,51,45,7,18,4,0,2,5,0,5,1,2,0,Atlantic 10,Home,0.079
Sierra Fretz,Saint Joseph's,C,0.393,0.474,0.643,1.117,13,39,28,2,11,4,0,1,13,0,7,4,0,0,Atlantic 10,Home,0.143
Ava Bieneman,Loyola Chicago,RF,0.391,0.491,0.478,0.969,14,55,46,11,18,0,2,0,4,0,9,4,3,2,Atlantic 10,Home,0.113
Sydney Bales,George Mason,LF,0.382,0.407,0.527,0.934,20,63,55,7,21,3,1,1,7,1,2,12,3,4,Atlantic 10,Home,0.148
Neleh Nogay,Fordham,LF,0.379,0.411,0.379,0.79,21,74,66,14,25,0,0,0,7,1,4,5,11,1,Atlantic 10,Home,0.012
Chloe Whittier,UMass,CF,0.375,0.531,0.583,1.115,17,66,48,13,18,1,0,3,6,13,3,1,2,1,Atlantic 10,Home,0.057
Marlaina Bozek,George Mason,2B,0.371,0.437,0.435,0.872,20,71,62,9,23,2,1,0,10,0,8,3,2,1,Atlantic 10,Home,0.018
Rachel Warrens,George Mason,SS,0.369,0.417,0.508,0.924,20,73,65,13,24,3,3,0,12,1,5,5,7,4,Atlantic 10,Home,0.036
Molly Grace,Dayton,1B,0.364,0.491,0.705,1.195,18,56,44,7,16,6,0,3,8,0,11,7,0,0,Atlantic 10,Home,0.14
Maddie Kapsimalis,Dayton,2B,0.362,0.457,0.69,1.147,18,70,58,13,21,4,0,5,20,1,10,12,5,0,Atlantic 10,Home,0.074
Sydney Wells,Fordham,C,0.362,0.492,0.596,1.088,18,61,47,6,17,8,0,1,20,0,13,9,0,0,Atlantic 10,Home,0.124
Maggie Greco,George Washington,3B,0.361,0.465,0.518,0.983,29,105,83,27,30,4,3,1,9,6,10,7,7,1,Atlantic 10,Home,0.059
Kayla Tauber,Saint Joseph's,SS,0.359,0.457,0.487,0.944,13,47,39,13,14,3,1,0,1,0,7,2,1,0,Atlantic 10,Home,0.044
Elyssa DeRosa,George Mason,RF,0.356,0.415,0.39,0.805,20,66,59,8,21,2,0,0,5,1,5,3,1,1,Atlantic 10,Home,0.061
Elena Gonzalez,Rhode Island,2B,0.352,0.435,0.556,0.991,18,62,54,11,19,4,2,1,11,1,7,4,5,0,Atlantic 10,Home,0.062
Jane Kaniecki,Saint Louis,1B,0.352,0.407,0.444,0.851,17,59,54,2,19,5,0,0,14,0,5,7,0,0,Atlantic 10,Home,0.068
Alena Ramirez,George Washington,2B,0.346,0.435,0.423,0.858,28,94,78,13,27,6,0,0,9,0,13,8,1,0,Atlantic 10,Home,-0.058
Kir-- Bailey,Dayton,SS,0.339,0.391,0.373,0.764,18,67,59,14,20,2,0,0,8,1,4,4,8,1,Atlantic 10,Home,0.105
Paige Hayward,George Washington,CF,0.329,0.353,0.451,0.804,29,91,82,8,27,7,0,1,20,0,3,11,2,0,Atlantic 10,Home,0.083
Teagan Sopczak,Loyola Chicago,CF,0.324,0.435,0.595,1.029,14,47,37,11,12,1,0,3,7,2,6,5,4,0,Atlantic 10,Home,0.105
Emily Power,Rhode Island,3B,0.321,0.339,0.472,0.811,18,56,53,6,17,2,0,2,10,0,2,10,1,0,Atlantic 10,Home,0.2
Sydney Yoder,Rhode Island,LF,0.318,0.392,0.432,0.824,18,51,44,6,14,2,0,1,7,2,4,5,0,0,Atlantic 10,Home,0.059
Emma Schutter,Dayton,CF,0.317,0.371,0.365,0.737,18,71,63,11,20,3,0,0,6,0,6,8,8,0,Atlantic 10,Home,0.015
Bailey Enoch,Fordham,RF,0.313,0.408,0.5,0.908,21,76,64,13,20,9,0,1,9,0,11,8,4,0,Atlantic 10,Home,-0.039
Abby Ulsas,Saint Louis,DH,0.313,0.387,0.328,0.715,19,75,67,16,21,1,0,0,2,0,8,11,3,1,Atlantic 10,Home,0.008
Kendall Johnson,Saint Louis,3B,0.306,0.32,0.408,0.728,17,51,49,6,15,2,0,1,3,0,1,4,0,0,Atlantic 10,Home,0.11
Allison Heffley,George Washington,C,0.304,0.387,0.467,0.854,29,108,92,15,28,7,1,2,21,1,12,4,3,1,Atlantic 10,Home,-0.001
Emily Lampela,George Mason,CF,0.298,0.355,0.368,0.723,20,62,57,9,17,4,0,0,5,4,1,11,3,0,Atlantic 10,Home,0.078
Cami Newbanks,Saint Louis,CF,0.296,0.387,0.519,0.906,17,63,54,7,16,3,0,3,18,0,8,11,0,0,Atlantic 10,Home,-0.023
Haley McMenamin,Saint Joseph's,DP,0.296,0.472,0.37,0.843,12,36,27,8,8,2,0,0,10,0,9,3,5,0,Atlantic 10,Home,-0.057
Kennedy Haberl,St. Bonaventure,2B,0.294,0.351,0.412,0.763,13,37,34,6,10,1,0,1,7,1,2,8,3,1,Atlantic 10,Home,0.105
Kate McGuire,Fordham,SS,0.292,0.393,0.354,0.747,21,59,48,9,14,3,0,0,2,1,7,7,0,0,Atlantic 10,Home,-0.008
Alexa Williams,George Washington,RF,0.29,0.333,0.441,0.774,28,100,93,11,27,8,0,2,19,2,4,6,1,0,Atlantic 10,Home,-0.025
Emily Daniel,Dayton,LF,0.289,0.373,0.356,0.728,16,51,45,11,13,3,0,0,6,2,4,8,11,0,Atlantic 10,Home,-0.007
Ashley Corpuz,George Washington,LF,0.284,0.485,0.642,1.127,29,101,67,25,19,3,0,7,22,3,26,14,6,0,Atlantic 10,Home,-0.024
Kelsey Etling,Saint Louis,C,0.283,0.353,0.457,0.809,17,51,46,5,13,2,0,2,6,2,3,9,0,0,Atlantic 10,Home,0.025
Sarah Keagy,UMass,3B,0.277,0.469,0.702,1.171,17,64,47,7,13,2,0,6,16,3,14,14,0,0,Atlantic 10,Home,0.06
Gianna Muhaw,Saint Joseph's,RF,0.273,0.319,0.318,0.637,13,47,44,8,12,0,1,0,2,1,2,6,3,1,Atlantic 10,Home,0.081
Riley Owens,Loyola Chicago,DP,0.269,0.345,0.385,0.729,9,29,26,3,7,1,1,0,3,0,3,8,4,1,Atlantic 10,Home,0.106
Gianna Sarlo,Fordham,3B,0.267,0.327,0.422,0.749,20,54,45,7,12,4,0,1,8,1,4,3,2,1,Atlantic 10,Home,0.012
Kaelene Walter,Dayton,RF,0.267,0.333,0.367,0.7,12,35,30,6,8,0,0,1,3,0,3,3,2,0,Atlantic 10,Home,-0.003
Michaela Carter,Fordham,CF,0.267,0.302,0.283,0.585,20,64,60,8,16,1,0,0,5,0,3,9,0,0,Atlantic 10,Home,-0.006
Olivia Moon,St. Bonaventure,DP,0.267,0.303,0.5,0.803,12,33,30,2,8,4,0,1,8,0,2,7,0,0,Atlantic 10,Home,0.176
Payge Suggs,UMass,RF,0.267,0.353,0.289,0.642,17,51,45,4,12,1,0,0,2,2,4,12,2,0,Atlantic 10,Home,-0.046
Natalie Sullivan,Saint Louis,LF,0.267,0.476,0.422,0.898,17,64,45,13,12,4,0,1,9,0,18,8,4,1,Atlantic 10,Home,-0.104
Liz Sedakis,Loyola Chicago,SS,0.262,0.326,0.333,0.659,14,48,42,4,11,1,1,0,5,0,4,6,5,1,Atlantic 10,Home,-0.044
Reese Torres,George Washington,1B,0.257,0.409,0.457,0.866,22,44,35,6,9,1,0,2,7,2,7,7,5,0,Atlantic 10,Home,-0.111
Maddy Myers,George Mason,1B,0.25,0.27,0.4,0.67,20,64,60,5,15,0,0,3,10,1,1,10,0,0,Atlantic 10,Home,0.083
Nicolette Papavasiliou,Dayton,C,0.25,0.351,0.375,0.726,14,37,32,1,8,1,0,1,7,1,4,5,1,0,Atlantic 10,Home,-0.109
Abbie Gregus,Loyola Chicago,C,0.25,0.344,0.286,0.629,13,33,28,0,7,1,0,0,1,0,4,3,0,0,Atlantic 10,Home,0.06
Hannah Her--dez,Rhode Island,CF,0.25,0.34,0.273,0.613,15,52,44,8,11,1,0,0,4,0,6,3,6,0,Atlantic 10,Home,0.11
Lydia Castro,UMass,C,0.244,0.382,0.333,0.715,15,57,45,6,11,4,0,0,4,4,6,5,0,0,Atlantic 10,Home,0.026
Grace Walker,St. Bonaventure,3B,0.241,0.267,0.241,0.508,12,31,29,3,7,0,0,0,4,1,0,8,1,0,Atlantic 10,Home,0.052
Bella Pantoja,UMass,3B,0.241,0.333,0.276,0.609,17,66,58,9,14,2,0,0,7,4,4,5,3,0,Atlantic 10,Home,-0.055
Chloe Rhine,Saint Louis,SS,0.239,0.407,0.326,0.733,18,59,46,7,11,1,0,1,6,2,11,12,2,0,Atlantic 10,Home,-0.011
Abby Mallo,Saint Louis,RF,0.226,0.281,0.491,0.771,17,58,53,7,12,2,0,4,12,4,0,15,2,0,Atlantic 10,Home,-0.016
Grace Cadden,UMass,1B,0.225,0.38,0.4,0.78,16,50,40,11,9,1,0,2,7,1,9,15,1,0,Atlantic 10,Home,-0.044
Meghan Sinkus,Saint Joseph's,CF,0.212,0.235,0.455,0.69,12,35,33,5,7,2,0,2,11,0,1,7,3,0,Atlantic 10,Home,-0.016
Skyler Rapuano,Rhode Island,RF,0.209,0.292,0.256,0.547,15,48,43,4,9,2,0,0,3,0,5,3,0,0,Atlantic 10,Home,0.013
Bella Ayala,Fordham,2B,0.207,0.258,0.328,0.586,21,63,58,10,12,2,1,1,7,1,3,9,0,0,Atlantic 10,Home,-0.038
Odyssey Torres,UMass,SS,0.207,0.343,0.276,0.619,9,35,29,3,6,2,0,0,3,1,5,4,0,0,Atlantic 10,Home,-0.033
Kymora Wang,St. Bonaventure,RF,0.206,0.308,0.294,0.602,13,40,34,6,7,3,0,0,2,0,5,10,0,0,Atlantic 10,Home,-0.044
Haley Wallace,Loyola Chicago,2B,0.2,0.304,0.25,0.554,13,49,40,4,8,2,0,0,4,0,6,4,0,2,Atlantic 10,Home,-0.1
Elyse Graham,St. Bonaventure,1B,0.192,0.344,0.308,0.651,12,32,26,2,5,3,0,0,3,0,6,7,0,0,Atlantic 10,Home,0.111
Sierra Sass,Loyola Chicago,LF,0.192,0.222,0.231,0.453,12,27,26,5,5,1,0,0,0,0,1,8,2,0,Atlantic 10,Home,-0.053
Eva Koratsis,Fordham,1B,0.19,0.254,0.381,0.634,21,71,63,6,12,3,0,3,15,1,5,10,0,0,Atlantic 10,Home,-0.06
Abby Packard,UMass,2B,0.185,0.254,0.296,0.551,17,60,54,6,10,0,0,2,8,1,4,12,0,1,Atlantic 10,Home,-0.057
Jocelyn Abbott,Saint Louis,2B,0.184,0.212,0.224,0.436,19,55,49,5,9,2,0,0,8,0,2,15,2,0,Atlantic 10,Home,-0.116
Mandy Lauth,George Washington,1B,0.169,0.389,0.2,0.589,29,94,65,11,11,2,0,0,10,1,23,10,1,0,Atlantic 10,Home,-0.094
Becca Zawistowski,Rhode Island,1B,0.154,0.175,0.179,0.354,15,40,39,1,6,1,0,0,2,1,0,4,0,0,Atlantic 10,Home,0.071
Logan Pickford,George Mason,C,0.133,0.212,0.167,0.379,13,33,30,2,4,1,0,0,3,1,2,7,1,0,Atlantic 10,Home,-0.083
Reanna Perkins,St. Bonaventure,SS,0.125,0.12,0.125,0.245,12,25,24,1,3,0,0,0,2,0,0,10,0,0,Atlantic 10,Home,0
Nat Lesnicki,Loyola Chicago,C,0.118,0.318,0.118,0.436,10,23,17,3,2,0,0,0,0,0,5,3,1,0,Atlantic 10,Home,-0.199
Kamryn Inman,George Mason,3B,0.1,0.206,0.167,0.373,14,35,30,8,3,0,1,0,5,0,4,13,2,1,Atlantic 10,Home,-0.125
Alena Ramirez,George Washington,2B,0.404,0.435,0.474,0.909,17,62,57,8,23,2,1,0,8,0,4,4,0,0,Atlantic 10,Away,
Natalie Sullivan,Saint Louis,LF,0.371,0.463,0.557,1.021,23,88,70,16,26,4,3,1,11,2,10,20,6,1,Atlantic 10,Away,
Reese Torres,George Washington,1B,0.368,0.429,0.737,1.165,16,43,38,10,14,5,0,3,14,0,4,6,1,0,Atlantic 10,Away,
Neleh Nogay,Fordham,LF,0.367,0.433,0.4,0.833,18,68,60,12,22,2,0,0,11,0,7,8,9,1,Atlantic 10,Away,
Nicolette Papavasiliou,Dayton,C,0.359,0.388,0.453,0.841,22,69,64,4,23,3,0,1,5,0,3,7,0,0,Atlantic 10,Away,
Marlaina Bozek,George Mason,2B,0.353,0.457,0.471,0.927,22,82,68,14,24,5,0,1,6,0,13,8,1,1,Atlantic 10,Away,
Haley McMenamin,Saint Joseph's,DP,0.353,0.436,0.471,0.906,16,39,34,7,12,2,1,0,1,0,5,9,0,0,Atlantic 10,Away,
Bailey Enoch,Fordham,RF,0.352,0.5,0.537,1.037,19,70,54,19,19,6,2,0,6,3,13,10,3,0,Atlantic 10,Away,
Rachel Warrens,George Mason,SS,0.333,0.407,0.528,0.935,21,82,72,13,24,7,2,1,5,1,8,6,3,3,Atlantic 10,Away,
Sydney Barnett,Loyola Chicago,3B,0.333,0.462,0.6,1.062,22,78,60,9,20,7,0,3,13,0,16,21,1,0,Atlantic 10,Away,
Cassie Swenson,Rhode Island,SS,0.321,0.4,0.472,0.872,18,61,53,6,17,4,2,0,11,4,3,8,0,1,Atlantic 10,Away,
Cami Newbanks,Saint Louis,CF,0.319,0.424,0.514,0.937,23,87,72,12,23,8,0,2,16,1,12,13,3,0,Atlantic 10,Away,
Chloe Whittier,UMass,CF,0.318,0.44,0.455,0.895,22,84,66,20,21,1,1,2,11,9,7,6,3,0,Atlantic 10,Away,
Nat Lesnicki,Loyola Chicago,C,0.317,0.404,0.415,0.819,19,49,41,4,13,4,0,0,6,1,5,8,1,0,Atlantic 10,Away,
Alexa Williams,George Washington,RF,0.315,0.373,0.444,0.817,16,60,54,10,17,4,0,1,17,3,2,4,1,0,Atlantic 10,Away,
Kayla Tauber,Saint Joseph's,SS,0.315,0.35,0.37,0.72,23,82,73,8,23,4,0,0,11,0,5,3,5,1,Atlantic 10,Away,
Payge Suggs,UMass,RF,0.313,0.389,0.333,0.722,18,54,48,14,15,1,0,0,2,0,6,4,2,0,Atlantic 10,Away,
Sarah Cancila,Saint Joseph's,2B,0.308,0.425,0.415,0.84,23,80,65,10,20,2,1,1,8,1,13,10,2,1,Atlantic 10,Away,
Ashley Corpuz,George Washington,LF,0.308,0.446,0.404,0.85,18,65,52,9,16,3,1,0,4,1,12,12,3,1,Atlantic 10,Away,
Liz Sedakis,Loyola Chicago,SS,0.306,0.362,0.435,0.798,21,70,62,5,19,5,0,1,12,0,6,13,4,1,Atlantic 10,Away,
Allison Heffley,George Washington,C,0.305,0.379,0.39,0.769,18,69,59,12,18,2,0,1,12,1,6,1,5,0,Atlantic 10,Away,
Abby Ulsas,Saint Louis,DH,0.305,0.367,0.329,0.696,23,91,82,16,25,0,1,0,3,1,7,10,4,2,Atlantic 10,Away,
Maggie Greco,George Washington,3B,0.302,0.433,0.302,0.735,18,69,53,16,16,0,0,0,5,4,9,2,3,2,Atlantic 10,Away,
Emma Schutter,Dayton,CF,0.302,0.378,0.419,0.796,24,99,86,17,26,4,3,0,10,1,10,12,12,3,Atlantic 10,Away,
Jocelyn Abbott,Saint Louis,2B,0.3,0.29,0.45,0.74,21,65,60,7,18,4,1,1,10,0,0,12,0,1,Atlantic 10,Away,
Haley Wallace,Loyola Chicago,2B,0.3,0.372,0.371,0.743,22,83,70,15,21,5,0,0,4,3,5,10,2,0,Atlantic 10,Away,
Kate McGuire,Fordham,SS,0.3,0.375,0.44,0.815,18,57,50,13,15,4,0,1,6,0,6,9,0,0,Atlantic 10,Away,
Emily Daniel,Dayton,LF,0.296,0.398,0.338,0.736,24,83,71,14,21,1,1,0,11,1,11,6,13,2,Atlantic 10,Away,
Bella Pantoja,UMass,3B,0.296,0.346,0.423,0.769,22,81,71,8,21,7,1,0,13,3,3,8,2,0,Atlantic 10,Away,
Elyssa DeRosa,George Mason,RF,0.295,0.368,0.377,0.745,20,69,61,10,18,3,1,0,7,0,7,3,0,0,Atlantic 10,Away,
Elena Gonzalez,Rhode Island,2B,0.29,0.388,0.362,0.75,24,81,69,4,20,3,1,0,7,1,10,11,9,7,Atlantic 10,Away,
Maddie Kapsimalis,Dayton,2B,0.288,0.416,0.411,0.827,24,90,73,8,21,1,1,2,13,3,13,9,2,0,Atlantic 10,Away,
Jane Kaniecki,Saint Louis,1B,0.284,0.351,0.388,0.739,23,75,67,4,19,2,1,1,16,0,7,7,0,0,Atlantic 10,Away,
Ava Bieneman,Loyola Chicago,RF,0.278,0.329,0.316,0.646,22,85,79,13,22,1,1,0,5,0,6,7,0,0,Atlantic 10,Away,
Michaela Carter,Fordham,CF,0.273,0.322,0.455,0.777,18,59,55,10,15,3,2,1,6,0,4,11,3,0,Atlantic 10,Away,
Kaelene Walter,Dayton,RF,0.27,0.313,0.333,0.647,20,68,63,10,17,1,0,1,5,1,3,11,2,0,Atlantic 10,Away,
Grace Cadden,UMass,1B,0.269,0.424,0.365,0.79,21,66,52,13,14,2,0,1,6,4,10,20,2,0,Atlantic 10,Away,
Mandy Lauth,George Washington,1B,0.263,0.491,0.342,0.833,16,56,38,10,10,1,1,0,4,2,15,10,1,0,Atlantic 10,Away,
Chloe Wong,Dayton,3B,0.26,0.31,0.403,0.712,23,85,77,8,20,5,0,2,9,1,5,11,0,0,Atlantic 10,Away,
Sydney Yoder,Rhode Island,LF,0.259,0.298,0.407,0.706,20,58,54,5,14,2,0,2,8,2,1,7,0,0,Atlantic 10,Away,
Kelsey Etling,Saint Louis,C,0.258,0.313,0.5,0.813,21,68,62,10,16,3,0,4,11,0,5,7,0,0,Atlantic 10,Away,
Gianna Sarlo,Fordham,3B,0.255,0.316,0.373,0.688,19,60,51,10,13,6,0,0,2,1,4,13,1,0,Atlantic 10,Away,
Sierra Fretz,Saint Joseph's,C,0.25,0.308,0.5,0.808,23,65,60,11,15,6,0,3,9,1,4,12,0,0,Atlantic 10,Away,
Eva Koratsis,Fordham,1B,0.25,0.404,0.568,0.972,18,57,44,6,11,5,0,3,14,4,8,17,0,0,Atlantic 10,Away,
Chloe Rhine,Saint Louis,SS,0.25,0.425,0.5,0.925,23,74,56,12,14,6,1,2,8,2,15,18,0,0,Atlantic 10,Away,
Kymora Wang,St. Bonaventure,RF,0.25,0.271,0.393,0.664,19,59,56,3,14,3,1,1,7,0,2,11,1,0,Atlantic 10,Away,
Paige Hayward,George Washington,CF,0.246,0.254,0.316,0.57,18,60,57,8,14,1,0,1,10,0,1,5,0,0,Atlantic 10,Away,
Bella Ayala,Fordham,2B,0.245,0.31,0.302,0.612,16,58,53,6,13,3,0,0,5,1,4,10,0,0,Atlantic 10,Away,
Sierra Sass,Loyola Chicago,LF,0.245,0.255,0.245,0.5,21,56,53,5,13,0,0,0,2,0,1,7,5,1,Atlantic 10,Away,
Abby Packard,UMass,2B,0.242,0.296,0.318,0.614,22,72,66,4,16,5,0,0,8,1,4,10,2,1,Atlantic 10,Away,
Abby Mallo,Saint Louis,RF,0.242,0.315,0.424,0.739,22,73,66,9,16,3,0,3,11,1,6,18,1,0,Atlantic 10,Away,
Odyssey Torres,UMass,SS,0.24,0.345,0.26,0.605,19,59,50,6,12,1,0,0,4,1,7,11,0,0,Atlantic 10,Away,
Sydney Wells,Fordham,C,0.238,0.34,0.548,0.888,14,51,42,7,10,1,0,4,14,1,6,13,0,0,Atlantic 10,Away,
Sydney Bales,George Mason,LF,0.234,0.29,0.406,0.696,22,70,64,8,15,3,1,2,8,1,4,14,2,2,Atlantic 10,Away,
Kir-- Bailey,Dayton,SS,0.234,0.314,0.312,0.626,24,92,77,10,18,2,2,0,4,0,9,8,8,0,Atlantic 10,Away,
Riley York,Saint Joseph's,LF,0.231,0.239,0.308,0.546,21,67,65,1,15,3,1,0,10,0,1,7,0,0,Atlantic 10,Away,
Meghan Sinkus,Saint Joseph's,CF,0.228,0.224,0.246,0.47,21,62,57,7,13,1,0,0,7,0,0,13,3,0,Atlantic 10,Away,
Kamryn Inman,George Mason,3B,0.225,0.354,0.275,0.629,17,49,40,8,9,2,0,0,5,0,8,14,1,0,Atlantic 10,Away,
Molly Grace,Dayton,1B,0.224,0.268,0.269,0.536,22,72,67,5,15,3,0,0,6,0,4,13,1,0,Atlantic 10,Away,
Emily Lampela,George Mason,CF,0.22,0.355,0.4,0.755,20,62,50,5,11,3,0,2,8,5,6,16,1,0,Atlantic 10,Away,
Teagan Sopczak,Loyola Chicago,CF,0.219,0.286,0.313,0.598,22,73,64,9,14,3,0,1,9,1,5,12,0,1,Atlantic 10,Away,
Lydia Castro,UMass,C,0.218,0.333,0.418,0.752,20,70,55,7,12,5,0,2,14,1,10,1,0,0,Atlantic 10,Away,
Sarah Keagy,UMass,3B,0.217,0.342,0.533,0.876,22,74,60,9,13,4,0,5,18,2,10,17,0,0,Atlantic 10,Away,
Logan Pickford,George Mason,C,0.216,0.222,0.51,0.732,19,54,51,8,11,3,0,4,11,0,1,12,1,0,Atlantic 10,Away,
Hailey Malito,Saint Joseph's,1B,0.203,0.325,0.25,0.575,23,77,64,6,13,3,0,0,5,0,12,1,3,0,Atlantic 10,Away,
Skyler Rapuano,Rhode Island,RF,0.196,0.373,0.196,0.569,20,62,46,8,9,0,0,0,0,2,11,11,0,1,Atlantic 10,Away,
Kendall Johnson,Saint Louis,3B,0.196,0.268,0.216,0.484,20,59,51,3,10,1,0,0,3,1,4,7,0,0,Atlantic 10,Away,
Kylie Bulinski,Rhode Island,C,0.194,0.27,0.209,0.479,23,74,67,2,13,1,0,0,3,1,6,8,1,0,Atlantic 10,Away,
Gianna Muhaw,Saint Joseph's,RF,0.192,0.213,0.244,0.456,23,81,78,11,15,2,1,0,6,0,2,15,3,1,Atlantic 10,Away,
Abbie Gregus,Loyola Chicago,C,0.19,0.277,0.405,0.681,20,47,42,4,8,0,0,3,7,0,5,8,0,0,Atlantic 10,Away,
Grace Walker,St. Bonaventure,3B,0.189,0.302,0.27,0.573,16,43,37,4,7,0,0,1,3,1,5,7,1,1,Atlantic 10,Away,
Kennedy Haberl,St. Bonaventure,2B,0.189,0.318,0.243,0.561,17,44,37,4,7,2,0,0,2,0,7,11,2,1,Atlantic 10,Away,
Maddy Myers,George Mason,1B,0.167,0.257,0.227,0.484,22,75,66,5,11,1,0,1,13,0,8,10,0,0,Atlantic 10,Away,
Riley Owens,Loyola Chicago,DP,0.163,0.2,0.163,0.363,16,46,43,4,7,0,0,0,1,0,2,12,2,1,Atlantic 10,Away,
Hannah Her--dez,Rhode Island,CF,0.14,0.232,0.14,0.372,19,56,50,6,7,0,0,0,0,0,6,3,5,1,Atlantic 10,Away,
Reanna Perkins,St. Bonaventure,SS,0.125,0.125,0.15,0.275,19,40,40,1,5,1,0,0,1,0,0,6,0,0,Atlantic 10,Away,
Emily Power,Rhode Island,3B,0.121,0.194,0.138,0.332,24,67,58,2,7,1,0,0,5,0,6,13,0,0,Atlantic 10,Away,
Olivia Moon,St. Bonaventure,DP,0.091,0.139,0.182,0.321,13,37,33,,3,0,0,1,3,1,1,10,0,0,Atlantic 10,Away,
Becca Zawistowski,Rhode Island,1B,0.083,0.103,0.111,0.214,17,41,36,0,3,1,0,0,2,1,0,6,0,0,Atlantic 10,Away,
Elyse Graham,St. Bonaventure,1B,0.081,0.292,0.108,0.4,19,49,37,1,3,1,0,0,0,0,11,15,0,0,Atlantic 10,Away,
Abby Settlemyre,North Carolina,SS,0.473,0.532,0.727,1.26,19,63,55,18,26,6,1,2,17,0,7,3,3,0,Atlantic Coast,Home,0.155
Cori McMillan,Virginia Tech,RF,0.469,0.565,1.061,1.626,17,62,49,25,23,3,1,8,28,0,12,5,9,0,Atlantic Coast,Home,0.104
Carlli Kloss,Notre Dame,C,0.464,0.529,0.589,1.119,17,68,56,19,26,5,1,0,9,3,7,3,8,0,Atlantic Coast,Home,0.268
Emma Ritter,Virginia Tech,CF,0.456,0.523,0.772,1.295,17,65,57,23,26,6,0,4,15,1,7,3,4,2,Atlantic Coast,Home,0.084
D'Auna Jennings,Duke,CF,0.448,0.48,0.5,0.98,32,105,96,22,43,3,1,0,12,0,6,15,10,2,Atlantic Coast,Home,0.11
Jaysoni Beachum,Florida State,3B,0.439,0.508,0.785,1.293,35,128,107,34,47,5,1,10,42,4,14,8,3,0,Atlantic Coast,Home,0.066
Michele Tarpey,NC State,1B,0.438,0.507,0.828,1.335,26,75,64,15,28,6,2,5,21,2,8,6,2,0,Atlantic Coast,Home,0.25
Valerie Cagle,Clemson,1B,0.434,0.476,0.83,1.306,17,63,53,12,23,2,2,5,28,1,6,7,1,0,Atlantic Coast,Home,0.151
Cameron Fagan,Virginia Tech,2B,0.429,0.525,0.816,1.341,17,61,49,20,21,4,0,5,27,0,11,0,1,0,Atlantic Coast,Home,0.08
Claire Davidson,Duke,LF,0.419,0.534,0.872,1.407,32,118,86,33,36,9,0,10,30,7,19,13,2,1,Atlantic Coast,Home,0.005
Hannah Slike,Boston College,C,0.419,0.463,0.758,1.221,21,68,62,12,26,7,1,4,10,0,5,0,2,1,Atlantic Coast,Home,0.141
Destiny Middleton,North Carolina,3B,0.408,0.471,0.408,0.879,27,87,76,14,31,0,0,0,7,2,8,10,7,0,Atlantic Coast,Home,0.022
Jade Hylton,Virginia,SS,0.407,0.478,0.712,1.19,20,69,59,10,24,6,0,4,15,0,9,7,4,3,Atlantic Coast,Home,0.123
Maddie Moore,Clemson,2B,0.406,0.519,0.688,1.206,24,81,64,17,26,2,2,4,18,0,16,11,8,3,Atlantic Coast,Home,0.049
Sanaa Thompson,North Carolina,LF,0.405,0.515,0.608,1.123,27,98,79,25,32,4,0,4,27,1,17,9,6,2,Atlantic Coast,Home,0.034
Michaela Edenfield,Florida State,C,0.403,0.531,0.727,1.258,30,98,77,17,31,4,0,7,24,0,21,15,0,0,Atlantic Coast,Home,0.014
Michelle Chatfield,Virginia Tech,1B,0.4,0.55,1.222,1.772,17,60,45,22,18,1,0,12,20,1,14,6,0,0,Atlantic Coast,Home,0.248
Kaley Mudge,Florida State,LF,0.398,0.495,0.554,1.049,29,102,83,19,33,7,3,0,12,2,15,1,1,1,Atlantic Coast,Home,0.136
Isa Torres,Florida State,SS,0.396,0.439,0.624,1.062,34,115,101,22,40,11,0,4,31,0,10,3,1,1,Atlantic Coast,Home,0.068
Mallorie Black,Georgia Tech,3B,0.393,0.491,0.955,1.446,30,110,89,33,35,11,0,13,36,1,18,7,1,1,Atlantic Coast,Home,0.143
Madison Dobbins,Georgia Tech,LF,0.393,0.495,0.869,1.364,30,103,84,24,33,5,1,11,45,3,15,16,1,2,Atlantic Coast,Home,0.143
Kelly Breen,Syracuse,SS,0.391,0.431,0.5,0.931,17,53,46,3,18,2,0,1,3,1,3,6,0,0,Atlantic Coast,Home,0.243
Addy Greene,Virginia Tech,LF,0.388,0.516,0.796,1.312,17,65,49,23,19,6,1,4,17,0,14,3,2,0,Atlantic Coast,Home,-0.075
Alex Coleman,North Carolina,RF,0.379,0.476,0.391,0.867,28,105,87,27,33,1,0,0,14,0,16,7,13,0,Atlantic Coast,Home,-0.104
Aminah Vega,Duke,2B,0.374,0.447,0.717,1.165,32,114,99,29,37,8,1,8,24,2,12,7,1,2,Atlantic Coast,Home,0.035
Ella Edgmon,Georgia Tech,CF,0.372,0.481,0.465,0.946,29,106,86,27,32,2,0,2,7,8,10,12,7,1,Atlantic Coast,Home,0.109
Jin Sileo,Georgia Tech,SS,0.371,0.421,0.6,1.021,28,80,70,18,26,3,2,3,5,0,6,6,8,0,Atlantic Coast,Home,0.104
Riley Frizell,Louisville,1B,0.367,0.424,0.6,1.024,19,66,60,5,22,6,1,2,16,2,4,17,0,0,Atlantic Coast,Home,0.053
Isabela Emerling,North Carolina,1B,0.365,0.457,0.784,1.241,28,94,74,15,27,4,0,9,36,0,16,18,0,0,Atlantic Coast,Home,0.134
Kat Rodriguez,Pittsburgh,2B,0.362,0.38,0.426,0.806,15,52,47,7,17,1,1,0,4,0,2,3,2,1,Atlantic Coast,Home,0.103
Amanda Hasler,NC State,C,0.361,0.451,0.928,1.379,31,102,83,24,30,5,0,14,34,7,9,15,2,0,Atlantic Coast,Home,0.082
Gisele Tapia,Duke,1B,0.359,0.438,0.489,0.927,32,107,92,17,33,4,1,2,24,2,11,2,0,0,Atlantic Coast,Home,0.169
McKenzie Clark,Clemson,CF,0.357,0.484,0.614,1.098,25,94,70,28,25,2,2,4,16,4,16,10,3,0,Atlantic Coast,Home,0.002
Madelyn Lopez,Syracuse,RF,0.353,0.476,0.51,0.986,17,63,51,10,18,2,0,2,10,3,9,3,0,0,Atlantic Coast,Home,0.033
Daisy Hess,Louisville,SS,0.352,0.507,0.537,1.044,19,72,54,14,19,6,2,0,11,3,14,8,1,1,Atlantic Coast,Home,0.06
Makenna Segal,Boston College,1B,0.351,0.359,0.649,1.008,14,41,37,2,13,5,0,2,7,0,1,6,0,0,Atlantic Coast,Home,0.244
Kelly Torres,Duke,C,0.344,0.417,0.478,0.894,32,108,90,25,31,3,3,1,20,6,8,5,4,1,Atlantic Coast,Home,0.006
Carsyn Snead,North Carolina,CF,0.343,0.392,0.388,0.78,26,74,67,13,23,1,1,0,5,1,5,6,11,1,Atlantic Coast,Home,0.065
Kalei Harding,Florida State,RF,0.342,0.423,0.73,1.153,35,130,111,32,38,10,0,11,43,1,16,7,2,0,Atlantic Coast,Home,0.033
Taylor Ensley,NC State,RF,0.341,0.451,0.694,1.145,31,102,85,18,29,6,0,8,27,2,15,8,3,0,Atlantic Coast,Home,-0.021
Bre Peck,Virginia Tech,3B,0.34,0.4,0.7,1.1,17,55,50,14,17,3,0,5,21,0,5,9,0,0,Atlantic Coast,Home,-0.016
Alia Logoleo,Clemson,SS,0.338,0.398,0.595,0.992,25,85,74,15,25,2,1,5,22,2,6,3,4,0,Atlantic Coast,Home,-0.008
Tori Ensley,NC State,LF,0.338,0.39,0.419,0.809,29,83,74,19,25,1,1,1,8,0,7,12,8,2,Atlantic Coast,Home,0.156
Amaya Ross,Florida State,1B,0.337,0.464,0.652,1.115,35,111,89,40,30,2,7,4,17,4,17,10,17,0,Atlantic Coast,Home,0.029
Lindsey Garcia,Clemson,RF,0.333,0.353,0.467,0.82,18,51,45,9,15,3,0,1,11,1,2,4,2,0,Atlantic Coast,Home,0.129
Sara Beth Allen,Georgia Tech,DP,0.333,0.54,0.731,1.271,30,113,78,28,26,4,0,9,26,7,28,14,0,0,Atlantic Coast,Home,0.06
MaKayla Marbury,NC State,SS,0.329,0.452,0.744,1.196,31,104,82,30,27,3,2,9,23,1,19,10,17,1,Atlantic Coast,Home,0.135
Leah Boggs,Virginia,C,0.326,0.347,0.478,0.825,19,50,46,9,15,4,0,1,6,0,2,5,5,0,Atlantic Coast,Home,0.043
Rebecca Clyde,Syracuse,3B,0.325,0.404,0.475,0.879,18,48,40,6,13,3,0,1,7,1,5,7,0,0,Atlantic Coast,Home,0.193
Nicole Giery,Boston College,3B,0.323,0.361,0.554,0.915,21,73,65,10,21,6,0,3,13,0,5,5,6,2,Atlantic Coast,Home,-0.038
Addison Amaral,Notre Dame,2B,0.321,0.365,0.589,0.954,17,63,56,12,18,6,0,3,19,0,5,6,0,0,Atlantic Coast,Home,0.044
Chelsea Mack,Louisville,CF,0.316,0.339,0.316,0.655,19,64,57,11,18,0,0,0,2,0,2,8,2,1,Atlantic Coast,Home,0.043
Skyler Brooks,North Carolina,2B,0.315,0.394,0.337,0.731,28,104,92,24,29,2,0,0,12,0,12,3,9,3,Atlantic Coast,Home,0.029
Alex Brown,Clemson,3B,0.315,0.351,0.506,0.857,25,96,89,20,28,2,3,3,7,1,4,8,1,2,Atlantic Coast,Home,-0.018
Jahni Kerr,Florida State,CF,0.311,0.374,0.611,0.985,30,99,90,13,28,5,2,6,25,0,9,5,2,0,Atlantic Coast,Home,0.036
Desirae Martinez,Pittsburgh,3B,0.31,0.355,0.517,0.872,12,33,29,5,9,0,0,2,4,1,1,5,0,0,Atlantic Coast,Home,0.139
Amiah Burgess,Duke,LF,0.3,0.391,0.45,0.841,29,69,60,17,18,4,1,1,16,0,9,10,2,0,Atlantic Coast,Home,-0.064
Hannah Goodwin,NC State,3B,0.297,0.477,0.516,0.992,30,87,64,12,19,3,1,3,16,2,20,5,1,0,Atlantic Coast,Home,0.035
Tiffany Domingue,Georgia Tech,2B,0.296,0.372,0.556,0.928,28,94,81,19,24,4,1,5,26,0,11,5,1,0,Atlantic Coast,Home,-0.009
KK Esparza,Pittsburgh,C,0.294,0.324,0.559,0.883,14,37,34,6,10,0,0,3,9,1,1,6,0,0,Atlantic Coast,Home,0.05
Ana Gold,Duke,3B,0.29,0.373,0.581,0.953,32,111,93,20,27,0,3,7,27,1,13,12,4,1,Atlantic Coast,Home,0.036
Ana Her--dez,Pittsburgh,SS,0.289,0.341,0.5,0.841,15,42,38,5,11,2,0,2,5,0,3,10,0,0,Atlantic Coast,Home,0.103
Mickey Winchell,Notre Dame,CF,0.283,0.333,0.302,0.635,17,58,53,6,15,1,0,0,3,0,4,8,1,0,Atlantic Coast,Home,0.088
Amanda Ramirez,Pittsburgh,DP,0.282,0.364,0.462,0.825,15,45,39,2,11,1,0,2,9,0,5,5,0,0,Atlantic Coast,Home,0.048
Francesca Frelick,Duke,DP,0.279,0.349,0.5,0.849,30,85,68,15,19,3,0,4,23,2,8,7,1,2,Atlantic Coast,Home,-0.027
Shelby Barbee,Virginia,3B,0.275,0.453,0.375,0.828,19,53,40,3,11,2,1,0,2,7,6,7,0,0,Atlantic Coast,Home,0.025
Hallie Wacaser,Florida State,RF,0.27,0.314,0.508,0.822,28,70,63,9,17,3,0,4,17,0,5,4,3,1,Atlantic Coast,Home,0.048
Gator Robinson,Boston College,SS,0.269,0.367,0.404,0.771,21,60,52,7,14,1,0,2,8,0,8,11,3,1,Atlantic Coast,Home,0.007
Jane Kronenberger,Notre Dame,RF,0.268,0.407,0.293,0.7,17,56,41,8,11,1,0,0,3,2,9,7,0,0,Atlantic Coast,Home,0.149
Angel Jasso,Syracuse,CF,0.263,0.295,0.351,0.646,18,63,57,9,15,2,0,1,9,1,2,8,3,0,Atlantic Coast,Home,-0.14
Ellie Goins,NC State,CF,0.26,0.383,0.545,0.928,31,97,77,16,20,5,1,5,21,1,15,15,5,1,Atlantic Coast,Home,-0.003
Arielle Oda,Clemson,LF,0.259,0.403,0.278,0.681,23,67,54,17,14,1,0,0,1,1,12,2,3,2,Atlantic Coast,Home,-0.067
Rachel Allen,Notre Dame,DP,0.256,0.326,0.436,0.761,17,44,39,3,10,1,0,2,10,0,4,9,0,0,Atlantic Coast,Home,-0.019
Makenzie Foster,Syracuse,2B,0.256,0.347,0.279,0.626,17,50,43,4,11,1,0,0,4,0,6,11,0,3,Atlantic Coast,Home,-0.046
Karina Gaskins,Notre Dame,1B,0.255,0.435,0.426,0.861,17,62,47,6,12,2,0,2,11,3,12,11,0,0,Atlantic Coast,Home,-0.139
Autumn Owen,North Carolina,C,0.254,0.405,0.54,0.945,24,79,63,14,16,1,1,5,20,1,15,13,0,0,Atlantic Coast,Home,-0.112
Bailee Richardson,Louisville,3B,0.25,0.288,0.357,0.645,19,61,56,9,14,3,0,1,8,0,3,15,0,0,Atlantic Coast,Home,-0.021
Bella Cabral,Virginia,2B,0.246,0.313,0.377,0.69,20,67,61,3,15,6,1,0,8,2,4,9,0,0,Atlantic Coast,Home,-0.034
Devyn Flaherty,Florida State,2B,0.243,0.374,0.311,0.684,33,92,74,19,18,1,2,0,9,4,12,2,6,1,Atlantic Coast,Home,-0.174
Reese Hunter,Georgia Tech,C,0.243,0.349,0.429,0.778,29,83,70,11,17,1,0,4,14,0,12,5,0,0,Atlantic Coast,Home,-0.017
Kelsey Hackett,Virginia,LF,0.242,0.359,0.303,0.662,15,40,33,7,8,2,0,0,5,3,3,5,1,1,Atlantic Coast,Home,0.022
Cassidy Grimm,Notre Dame,3B,0.241,0.279,0.241,0.52,17,62,58,14,14,0,0,0,7,0,3,10,4,1,Atlantic Coast,Home,-0.201
Kelly Ayer,Virginia,CF,0.24,0.283,0.28,0.563,18,53,50,9,12,0,1,0,3,0,3,3,1,0,Atlantic Coast,Home,0.056
Annika Rohs,Virginia Tech,SS,0.24,0.345,0.28,0.625,14,30,25,6,6,1,0,0,5,0,4,4,0,0,Atlantic Coast,Home,0.077
Macy Hamilton,Pittsburgh,LF,0.237,0.293,0.316,0.608,15,45,38,7,9,3,0,0,4,0,3,4,0,0,Atlantic Coast,Home,0.011
Cami Compson,Pittsburgh,1B,0.233,0.34,0.674,1.014,15,50,43,7,10,1,0,6,13,1,6,7,0,0,Atlantic Coast,Home,0.07
Paige Geraghty,Louisville,LF,0.232,0.246,0.286,0.531,19,58,56,6,13,1,1,0,7,1,0,9,0,0,Atlantic Coast,Home,-0.001
Aby Vieira,Clemson,C,0.23,0.25,0.328,0.578,21,65,61,3,14,6,0,0,12,0,2,8,1,0,Atlantic Coast,Home,0.034
Emily Tran,Notre Dame,LF,0.229,0.269,0.229,0.498,17,55,48,5,11,0,0,0,7,0,3,1,1,0,Atlantic Coast,Home,0.012
Emma Jackson,Boston College,2B,0.228,0.302,0.263,0.565,21,63,57,8,13,2,0,0,4,1,5,10,3,2,Atlantic Coast,Home,-0.211
Vanessa Miller,Louisville,RF,0.22,0.281,0.288,0.569,19,64,59,3,13,1,0,1,7,1,4,20,3,1,Atlantic Coast,Home,-0.093
Kylie Griggs,Pittsburgh,CF,0.219,0.479,0.531,1.01,13,49,32,9,7,1,0,3,9,5,11,1,5,0,Atlantic Coast,Home,-0.087
Kali Case,Boston College,CF,0.216,0.326,0.297,0.623,20,43,37,5,8,1,1,0,0,0,6,8,2,1,Atlantic Coast,Home,0.067
Maddi Grant,Louisville,3B,0.2,0.273,0.3,0.573,11,22,20,1,4,2,0,0,1,0,2,8,0,0,Atlantic Coast,Home,-0.094
Jada Baker,Duke,SS,0.195,0.256,0.247,0.503,32,86,77,15,15,1,0,1,13,3,4,14,1,1,Atlantic Coast,Home,-0.088
Sarah Coon,Virginia,3B,0.193,0.288,0.281,0.569,20,66,57,6,11,2,0,1,10,4,4,9,1,1,Atlantic Coast,Home,-0.021
Abby Weaver,Virginia,RF,0.192,0.302,0.212,0.513,20,65,52,6,10,1,0,0,8,0,9,6,1,1,Atlantic Coast,Home,-0.039
Kaylee Lambrecht,NC State,2B,0.184,0.311,0.211,0.522,31,91,76,11,14,2,0,0,7,0,14,7,3,0,Atlantic Coast,Home,-0.004
Laila Morales-Alves,Syracuse,C,0.184,0.2,0.286,0.486,16,50,49,5,9,2,0,1,8,0,1,4,0,0,Atlantic Coast,Home,-0.162
Macee Eaton,Virginia,DP,0.171,0.227,0.195,0.422,16,44,41,2,7,1,0,0,0,0,3,8,0,0,Atlantic Coast,Home,-0.072
Jordan Stephens,Boston College,RF,0.167,0.25,0.278,0.528,17,41,36,3,6,2,1,0,2,0,4,4,1,0,Atlantic Coast,Home,-0.068
Anna Holloway,Notre Dame,SS,0.167,0.222,0.262,0.484,17,48,42,2,7,1,0,1,4,1,2,6,0,0,Atlantic Coast,Home,-0.238
Kiley Goff,Louisville,C,0.162,0.367,0.189,0.557,19,53,37,10,6,1,0,0,2,4,8,9,3,0,Atlantic Coast,Home,-0.046
Taylor Posner,Syracuse,LF,0.149,0.255,0.17,0.425,18,56,47,8,7,1,0,0,3,3,4,9,2,0,Atlantic Coast,Home,-0.222
Jules Shields,Boston College,RF,0.098,0.191,0.122,0.313,18,48,41,2,4,1,0,0,3,0,5,5,1,0,Atlantic Coast,Home,-0.082
Alex Coleman,North Carolina,RF,0.483,0.5,0.5,1,16,60,58,12,28,1,0,0,4,0,2,3,3,0,Atlantic Coast,Away,
Addy Greene,Virginia Tech,LF,0.463,0.545,0.938,1.483,26,100,80,26,37,6,1,10,23,2,15,9,2,0,Atlantic Coast,Away,
Cassidy Grimm,Notre Dame,3B,0.442,0.479,0.512,0.991,15,50,43,9,19,3,0,0,9,0,4,2,2,0,Atlantic Coast,Away,
Devyn Flaherty,Florida State,2B,0.417,0.509,0.5,1.009,19,57,48,16,20,1,0,1,5,1,8,4,4,1,Atlantic Coast,Away,
Claire Davidson,Duke,LF,0.414,0.488,0.814,1.302,21,82,70,21,29,6,2,6,22,1,10,8,1,1,Atlantic Coast,Away,
Anna Holloway,Notre Dame,SS,0.405,0.405,0.568,0.973,15,42,37,2,15,4,1,0,2,0,0,9,1,0,Atlantic Coast,Away,
Angel Jasso,Syracuse,CF,0.403,0.413,0.611,1.024,21,75,72,16,29,4,4,1,17,0,2,9,6,1,Atlantic Coast,Away,
Karina Gaskins,Notre Dame,1B,0.394,0.636,0.697,1.333,15,55,33,8,13,1,0,3,10,2,20,8,2,0,Atlantic Coast,Away,
Michaela Edenfield,Florida State,C,0.389,0.521,0.972,1.493,15,48,36,12,14,4,1,5,15,2,9,3,1,0,Atlantic Coast,Away,
Destiny Middleton,North Carolina,3B,0.386,0.46,0.386,0.846,16,51,44,3,17,0,0,0,4,2,4,4,0,0,Atlantic Coast,Away,
Jaysoni Beachum,Florida State,3B,0.373,0.473,0.661,1.134,19,75,59,15,22,5,0,4,17,2,11,3,1,0,Atlantic Coast,Away,
Emma Ritter,Virginia Tech,CF,0.372,0.433,0.617,1.05,26,104,94,23,35,3,1,6,18,2,8,3,13,1,Atlantic Coast,Away,
Taylor Posner,Syracuse,LF,0.371,0.413,0.743,1.156,21,75,70,18,26,5,0,7,25,2,3,10,5,0,Atlantic Coast,Away,
Sanaa Thompson,North Carolina,LF,0.371,0.395,0.571,0.966,12,38,35,4,13,2,1,1,5,0,2,5,0,1,Atlantic Coast,Away,
Autumn Owen,North Carolina,C,0.366,0.469,0.707,1.177,13,49,41,5,15,2,0,4,12,1,7,5,0,0,Atlantic Coast,Away,
Cori McMillan,Virginia Tech,RF,0.365,0.456,0.851,1.307,24,90,74,22,27,4,1,10,28,1,13,12,6,0,Atlantic Coast,Away,
Amiah Burgess,Duke,LF,0.364,0.481,0.591,1.072,18,54,44,13,16,0,2,2,12,3,7,7,2,0,Atlantic Coast,Away,
Taylor Ensley,NC State,RF,0.362,0.412,0.596,1.008,14,51,47,8,17,3,1,2,12,0,4,10,0,0,Atlantic Coast,Away,
Nicole Giery,Boston College,3B,0.361,0.398,0.59,0.988,25,90,83,14,30,8,1,3,11,1,4,10,2,2,Atlantic Coast,Away,
Maddie Moore,Clemson,2B,0.357,0.479,0.696,1.175,17,71,56,18,20,4,0,5,13,6,8,13,6,2,Atlantic Coast,Away,
Bre Peck,Virginia Tech,3B,0.356,0.375,0.633,1.008,26,96,90,18,32,7,0,6,23,1,3,10,1,1,Atlantic Coast,Away,
McKenzie Clark,Clemson,CF,0.355,0.438,0.532,0.971,17,73,62,13,22,2,0,3,16,3,7,11,2,0,Atlantic Coast,Away,
Cameron Fagan,Virginia Tech,2B,0.349,0.43,0.5,0.93,26,100,86,18,30,4,0,3,13,1,12,7,1,0,Atlantic Coast,Away,
Alia Logoleo,Clemson,SS,0.346,0.453,0.462,0.915,17,64,52,11,18,3,0,1,10,0,11,7,1,0,Atlantic Coast,Away,
Laila Morales-Alves,Syracuse,C,0.346,0.382,0.442,0.824,17,55,52,4,18,2,0,1,9,2,1,10,0,0,Atlantic Coast,Away,
Aminah Vega,Duke,2B,0.339,0.405,0.581,0.986,19,74,62,9,21,6,0,3,20,3,6,3,0,0,Atlantic Coast,Away,
Kelly Torres,Duke,C,0.338,0.436,0.462,0.897,21,80,65,13,22,2,0,2,13,7,5,7,1,1,Atlantic Coast,Away,
D'Auna Jennings,Duke,CF,0.338,0.365,0.423,0.787,21,75,71,21,24,1,1,1,6,0,3,10,3,0,Atlantic Coast,Away,
Alex Brown,Clemson,3B,0.333,0.423,0.45,0.873,17,73,60,11,20,2,1,1,13,1,9,6,1,0,Atlantic Coast,Away,
Isa Torres,Florida State,SS,0.328,0.349,0.525,0.874,19,63,61,10,20,3,0,3,17,1,1,7,1,0,Atlantic Coast,Away,
Arielle Oda,Clemson,LF,0.326,0.456,0.478,0.934,17,57,46,15,15,2,1,1,10,3,8,6,1,0,Atlantic Coast,Away,
Madelyn Lopez,Syracuse,RF,0.32,0.403,0.38,0.783,19,64,50,7,16,1,1,0,6,0,9,4,0,0,Atlantic Coast,Away,
Abby Settlemyre,North Carolina,SS,0.318,0.385,0.591,0.976,15,53,44,9,14,4,1,2,7,0,6,5,1,0,Atlantic Coast,Away,
Riley Frizell,Louisville,1B,0.314,0.422,0.729,1.15,22,83,70,14,22,2,0,9,20,0,13,15,1,0,Atlantic Coast,Away,
Vanessa Miller,Louisville,RF,0.313,0.403,0.761,1.164,22,77,67,13,21,3,0,9,20,2,8,16,4,1,Atlantic Coast,Away,
Kalei Harding,Florida State,RF,0.309,0.4,0.455,0.855,18,65,55,9,17,2,0,2,13,1,8,7,0,0,Atlantic Coast,Away,
Amaya Ross,Florida State,1B,0.308,0.42,0.564,0.984,19,50,39,12,12,1,0,3,10,0,9,10,5,3,Atlantic Coast,Away,
Francesca Frelick,Duke,DP,0.306,0.403,0.531,0.934,21,65,49,9,15,2,0,3,18,3,7,3,0,0,Atlantic Coast,Away,
Kylie Griggs,Pittsburgh,CF,0.306,0.443,0.612,1.055,19,62,49,9,15,3,0,4,10,3,9,8,1,0,Atlantic Coast,Away,
Tiffany Domingue,Georgia Tech,2B,0.305,0.339,0.61,0.949,18,62,59,11,18,3,0,5,16,1,2,3,0,1,Atlantic Coast,Away,
Makenzie Foster,Syracuse,2B,0.302,0.423,0.302,0.725,18,53,43,8,13,0,0,0,0,1,8,11,3,2,Atlantic Coast,Away,
Maddi Grant,Louisville,3B,0.294,0.429,0.588,1.017,19,46,34,3,10,1,0,3,5,1,7,6,1,0,Atlantic Coast,Away,
Daisy Hess,Louisville,SS,0.292,0.388,0.472,0.86,21,85,72,14,21,5,1,2,10,0,12,5,3,1,Atlantic Coast,Away,
Skyler Brooks,North Carolina,2B,0.286,0.322,0.375,0.697,16,60,56,8,16,3,1,0,6,2,1,4,6,0,Atlantic Coast,Away,
Jade Hylton,Virginia,SS,0.284,0.383,0.593,0.976,25,94,81,16,23,6,2,5,16,0,13,18,5,1,Atlantic Coast,Away,
Valerie Cagle,Clemson,1B,0.283,0.377,0.415,0.792,15,61,53,9,15,4,0,1,8,0,8,13,0,0,Atlantic Coast,Away,
Leah Boggs,Virginia,C,0.283,0.316,0.34,0.655,22,58,53,8,15,3,0,0,4,0,3,6,3,0,Atlantic Coast,Away,
Jada Baker,Duke,SS,0.283,0.328,0.417,0.745,21,68,60,8,17,2,0,2,9,0,4,5,2,0,Atlantic Coast,Away,
Bella Cabral,Virginia,2B,0.28,0.308,0.5,0.808,25,91,82,14,23,3,0,5,18,1,4,10,2,0,Atlantic Coast,Away,
Amanda Hasler,NC State,C,0.279,0.392,0.535,0.927,14,51,43,7,12,2,0,3,7,4,4,6,0,0,Atlantic Coast,Away,
Carsyn Snead,North Carolina,CF,0.278,0.316,0.278,0.594,15,40,36,3,10,0,0,0,2,1,1,9,1,0,Atlantic Coast,Away,
Hannah Slike,Boston College,C,0.278,0.301,0.444,0.746,25,93,90,11,25,6,0,3,15,1,2,5,2,0,Atlantic Coast,Away,
Addison Amaral,Notre Dame,2B,0.277,0.327,0.574,0.901,15,53,47,8,13,2,0,4,13,1,3,6,0,0,Atlantic Coast,Away,
Jahni Kerr,Florida State,CF,0.275,0.302,0.471,0.772,18,55,51,9,14,1,0,3,10,0,2,6,0,0,Atlantic Coast,Away,
Rachel Allen,Notre Dame,DP,0.275,0.275,0.475,0.75,13,41,40,3,11,2,0,2,7,0,0,5,0,0,Atlantic Coast,Away,
Sara Beth Allen,Georgia Tech,DP,0.273,0.468,0.727,1.195,18,62,44,9,12,0,1,6,13,2,15,12,0,1,Atlantic Coast,Away,
Chelsea Mack,Louisville,CF,0.273,0.322,0.273,0.595,19,61,55,5,15,0,0,0,1,0,4,1,2,1,Atlantic Coast,Away,
Bailee Richardson,Louisville,3B,0.271,0.378,0.557,0.935,22,82,70,15,19,2,0,6,16,0,12,12,1,0,Atlantic Coast,Away,
Jin Sileo,Georgia Tech,SS,0.267,0.3,0.333,0.633,18,51,45,9,12,3,0,0,4,0,3,7,3,0,Atlantic Coast,Away,
Ella Edgmon,Georgia Tech,CF,0.263,0.4,0.333,0.733,18,70,57,15,15,4,0,0,4,5,8,11,2,1,Atlantic Coast,Away,
Ellie Goins,NC State,CF,0.263,0.3,0.368,0.668,14,41,38,5,10,1,0,1,6,1,1,10,2,1,Atlantic Coast,Away,
Hannah Goodwin,NC State,3B,0.262,0.326,0.429,0.755,14,46,42,8,11,1,0,2,6,0,4,4,1,0,Atlantic Coast,Away,
Kaley Mudge,Florida State,LF,0.262,0.338,0.443,0.781,19,69,61,15,16,3,1,2,11,0,7,3,1,0,Atlantic Coast,Away,
Gator Robinson,Boston College,SS,0.262,0.375,0.295,0.67,25,75,61,7,16,2,0,0,6,1,10,21,5,1,Atlantic Coast,Away,
Reese Hunter,Georgia Tech,C,0.26,0.315,0.44,0.755,17,54,50,5,13,3,0,2,7,0,4,5,0,0,Atlantic Coast,Away,
Kat Rodriguez,Pittsburgh,2B,0.259,0.328,0.362,0.69,19,66,58,10,15,0,0,2,6,0,6,2,0,1,Atlantic Coast,Away,
Ana Gold,Duke,3B,0.254,0.378,0.358,0.736,21,83,67,17,17,4,0,1,11,2,12,9,4,1,Atlantic Coast,Away,
Mallorie Black,Georgia Tech,3B,0.25,0.364,0.482,0.846,17,66,56,12,14,4,0,3,13,1,9,5,1,0,Atlantic Coast,Away,
Madison Dobbins,Georgia Tech,LF,0.25,0.345,0.396,0.741,15,56,48,10,12,2,1,1,8,1,6,5,0,0,Atlantic Coast,Away,
Shelby Barbee,Virginia,3B,0.25,0.403,0.464,0.867,24,72,56,7,14,0,0,4,11,4,11,18,0,0,Atlantic Coast,Away,
KK Esparza,Pittsburgh,C,0.244,0.326,0.39,0.716,18,47,41,2,10,0,0,2,3,0,5,10,0,0,Atlantic Coast,Away,
Macee Eaton,Virginia,DP,0.243,0.293,0.324,0.617,25,83,74,9,18,3,0,1,11,1,5,16,2,0,Atlantic Coast,Away,
Jordan Stephens,Boston College,RF,0.235,0.257,0.368,0.625,24,70,68,4,16,1,1,2,10,0,2,7,1,0,Atlantic Coast,Away,
Amanda Ramirez,Pittsburgh,DP,0.234,0.345,0.383,0.728,19,57,47,3,11,1,0,2,7,2,6,8,0,0,Atlantic Coast,Away,
Paige Geraghty,Louisville,LF,0.233,0.246,0.267,0.513,21,62,60,4,14,2,0,0,2,0,1,9,1,0,Atlantic Coast,Away,
Abby Weaver,Virginia,RF,0.231,0.292,0.308,0.599,22,72,65,10,15,2,0,1,8,1,5,5,3,0,Atlantic Coast,Away,
Isabela Emerling,North Carolina,1B,0.231,0.318,0.385,0.703,14,44,39,4,9,0,0,2,7,1,4,12,0,0,Atlantic Coast,Away,
Emma Jackson,Boston College,2B,0.231,0.306,0.277,0.582,25,74,65,9,15,1,1,0,1,0,7,19,2,0,Atlantic Coast,Away,
Macy Hamilton,Pittsburgh,LF,0.226,0.268,0.226,0.494,19,57,53,2,12,0,0,0,3,0,3,9,0,0,Atlantic Coast,Away,
Hallie Wacaser,Florida State,RF,0.222,0.333,0.407,0.741,15,33,27,4,6,2,0,1,8,2,3,3,0,0,Atlantic Coast,Away,
Kelsey Hackett,Virginia,LF,0.22,0.339,0.26,0.599,20,59,50,8,11,2,0,0,5,0,9,11,0,0,Atlantic Coast,Away,
Emily Tran,Notre Dame,LF,0.217,0.265,0.217,0.483,15,50,46,5,10,0,0,0,2,0,3,4,4,1,Atlantic Coast,Away,
Sarah Coon,Virginia,3B,0.214,0.304,0.314,0.618,24,80,70,6,15,1,0,2,8,1,8,16,1,0,Atlantic Coast,Away,
Kiley Goff,Louisville,C,0.208,0.449,0.271,0.72,22,72,48,8,10,3,0,0,4,8,13,7,3,1,Atlantic Coast,Away,
Lindsey Garcia,Clemson,RF,0.204,0.298,0.469,0.768,15,57,49,7,10,1,0,4,11,2,5,10,1,1,Atlantic Coast,Away,
Carlli Kloss,Notre Dame,C,0.196,0.224,0.25,0.474,15,60,56,9,11,1,1,0,4,0,2,7,1,0,Atlantic Coast,Away,
Aby Vieira,Clemson,C,0.196,0.288,0.304,0.593,16,54,46,5,9,2,0,1,6,4,2,4,1,1,Atlantic Coast,Away,
Mickey Winchell,Notre Dame,CF,0.195,0.25,0.22,0.47,15,44,41,3,8,1,0,0,4,0,3,5,1,2,Atlantic Coast,Away,
MaKayla Marbury,NC State,SS,0.194,0.342,0.29,0.632,12,38,31,7,6,0,0,1,2,0,7,1,0,0,Atlantic Coast,Away,
Gisele Tapia,Duke,1B,0.19,0.271,0.27,0.541,21,72,63,9,12,2,0,1,7,0,7,4,0,0,Atlantic Coast,Away,
Kaylee Lambrecht,NC State,2B,0.188,0.333,0.281,0.615,14,40,32,9,6,3,0,0,4,0,7,5,1,0,Atlantic Coast,Away,
Michele Tarpey,NC State,1B,0.188,0.263,0.219,0.482,13,38,32,4,6,1,0,0,7,0,4,5,0,0,Atlantic Coast,Away,
Ana Her--dez,Pittsburgh,SS,0.186,0.222,0.233,0.455,18,48,43,2,8,2,0,0,1,0,2,9,1,0,Atlantic Coast,Away,
Kelly Ayer,Virginia,CF,0.184,0.2,0.245,0.445,19,51,49,1,9,1,1,0,5,0,1,14,1,0,Atlantic Coast,Away,
Tori Ensley,NC State,LF,0.182,0.27,0.242,0.513,13,38,33,2,6,2,0,0,4,2,2,9,0,0,Atlantic Coast,Away,
Jules Shields,Boston College,RF,0.18,0.397,0.18,0.577,25,69,50,7,9,0,0,0,1,3,15,13,6,1,Atlantic Coast,Away,
Desirae Martinez,Pittsburgh,3B,0.171,0.227,0.39,0.618,17,44,41,5,7,3,0,2,5,2,1,9,0,0,Atlantic Coast,Away,
Cami Compson,Pittsburgh,1B,0.163,0.268,0.347,0.615,19,58,49,4,8,0,0,3,6,1,6,15,0,0,Atlantic Coast,Away,
Annika Rohs,Virginia Tech,SS,0.163,0.182,0.163,0.345,22,45,43,4,7,0,0,0,0,0,1,8,1,0,Atlantic Coast,Away,
Michelle Chatfield,Virginia Tech,1B,0.152,0.256,0.342,0.597,26,90,79,9,12,3,0,4,7,0,11,22,0,0,Atlantic Coast,Away,
Kali Case,Boston College,CF,0.149,0.167,0.149,0.316,20,48,47,2,7,0,0,0,1,1,0,17,2,1,Atlantic Coast,Away,
Kelly Breen,Syracuse,SS,0.148,0.25,0.185,0.435,21,64,54,6,8,2,0,0,4,2,6,7,0,0,Atlantic Coast,Away,
Rebecca Clyde,Syracuse,3B,0.132,0.207,0.189,0.396,19,59,53,9,7,0,0,1,3,1,4,17,1,0,Atlantic Coast,Away,
Jane Kronenberger,Notre Dame,RF,0.119,0.245,0.214,0.459,15,50,42,4,5,1,0,1,3,2,5,8,0,0,Atlantic Coast,Away,
Makenna Segal,Boston College,1B,0.107,0.107,0.232,0.339,21,62,56,2,6,1,0,2,6,0,0,20,0,0,Atlantic Coast,Away,
Jeanay Riley,Eastern Kentucky,LF,0.443,0.494,0.8,1.294,22,77,70,21,31,10,3,3,17,1,6,7,4,1,Atlantic Sun,Home,0.095
Felicity Frame,North Alabama,LF,0.441,0.492,0.475,0.967,19,69,59,14,26,0,1,0,4,0,6,4,7,0,Atlantic Sun,Home,0.201
Kylie Campbell,Austin Peay,1B,0.432,0.452,0.568,1.02,26,94,88,19,38,5,2,1,15,0,4,4,0,0,Atlantic Sun,Home,0.193
Briley Dover,North Alabama,3B,0.407,0.484,0.648,1.132,19,64,54,11,22,3,2,2,12,5,3,5,4,1,Atlantic Sun,Home,0.105
Kami Eppley,Stetson,CF,0.389,0.433,0.484,0.917,32,106,95,12,37,2,2,1,16,5,3,10,16,3,Atlantic Sun,Home,0.109
Madison Scott,Eastern Kentucky,2B,0.388,0.455,0.449,0.904,20,55,49,13,19,1,1,0,12,1,5,5,3,0,Atlantic Sun,Home,0.113
Brie Howard,Austin Peay,CF,0.388,0.511,0.716,1.228,26,88,67,21,26,2,1,6,25,12,7,12,1,0,Atlantic Sun,Home,0.182
Nikki Gibson,FGCU,3B,0.387,0.403,0.403,0.806,25,67,62,11,24,1,0,0,11,0,3,6,4,0,Atlantic Sun,Home,0.162
Jaelin Haynes,Eastern Kentucky,CF,0.381,0.435,0.524,0.959,16,46,42,10,16,6,0,0,3,0,4,4,4,0,Atlantic Sun,Home,-0.119
Kaylyn Belfield,Lipscomb,LF,0.379,0.493,0.397,0.89,21,72,58,9,22,1,0,0,3,1,12,6,1,0,Atlantic Sun,Home,0.212
Kayla Smith,Queens (NC),SS,0.378,0.397,0.635,1.033,23,79,74,17,28,3,2,4,13,0,3,12,8,1,Atlantic Sun,Home,0.065
Chloe Collins,Bellarmine,DH,0.377,0.45,0.604,1.054,18,60,53,5,20,3,0,3,13,0,7,3,0,0,Atlantic Sun,Home,0.217
Tremere Harris,Central Arkansas,CF,0.371,0.506,0.429,0.934,26,90,70,15,26,2,1,0,10,0,19,6,4,0,Atlantic Sun,Home,-0.086
Riley Oakes,FGCU,CF,0.367,0.411,0.469,0.881,31,107,98,13,36,3,2,1,17,0,8,8,8,2,Atlantic Sun,Home,0.069
Madelyn Synoracki,Stetson,RF,0.359,0.379,0.391,0.77,29,98,92,12,33,1,1,0,9,0,3,8,8,4,Atlantic Sun,Home,0.196
Avery Viancos,FGCU,LF,0.357,0.446,0.429,0.875,25,65,56,12,20,0,2,0,4,0,9,12,10,2,Atlantic Sun,Home,-0.011
Olivia Black,FGCU,RF,0.357,0.419,0.357,0.776,25,62,56,9,20,0,0,0,5,0,6,8,11,2,Atlantic Sun,Home,0.145
Allison Benning,North Florida,P,0.352,0.427,0.704,1.131,26,82,71,12,25,4,0,7,20,0,10,13,0,0,Atlantic Sun,Home,0.03
Haven Kirby,North Alabama,SS,0.345,0.387,0.564,0.951,19,63,55,10,19,7,1,1,8,0,5,7,2,0,Atlantic Sun,Home,0.069
Hadlee Reichert,North Florida,2B,0.338,0.443,0.354,0.797,26,83,65,17,22,1,0,0,6,1,12,4,5,2,Atlantic Sun,Home,0.027
Hailey Jones,North Alabama,2B,0.333,0.333,0.587,0.921,19,66,63,9,21,4,0,4,17,0,1,1,0,0,Atlantic Sun,Home,0.078
Madison Bratek,Jacksonville,CF,0.325,0.396,0.398,0.793,28,98,83,17,27,3,0,1,11,0,11,5,10,0,Atlantic Sun,Home,0.094
Josey Polk,Lipscomb,3B,0.325,0.381,0.364,0.745,25,86,77,4,25,3,0,0,4,1,6,7,2,0,Atlantic Sun,Home,0.075
Maddi Rutan,Eastern Kentucky,P,0.317,0.405,0.571,0.977,22,74,63,14,20,1,0,5,19,0,10,16,0,0,Atlantic Sun,Home,0.057
Kylie Griffin,Central Arkansas,3B,0.313,0.38,0.349,0.73,26,94,83,20,26,1,1,0,3,1,8,6,9,0,Atlantic Sun,Home,-0.064
Elise Shewmaker,Lipscomb,1B,0.311,0.433,0.467,0.9,21,61,45,11,14,4,0,1,11,0,12,6,2,0,Atlantic Sun,Home,0.162
Kendyl Weinzapfel,Austin Peay,LF,0.309,0.341,0.506,0.847,26,87,81,10,25,3,2,3,14,0,4,8,2,1,Atlantic Sun,Home,-0.047
Kassidy Amerson-Fox,Kennesaw State,CF,0.309,0.427,0.471,0.897,27,84,68,10,21,3,1,2,10,1,13,19,7,1,Atlantic Sun,Home,0.103
Megan Hodum,Austin Peay,RF,0.308,0.366,0.385,0.751,25,71,65,9,20,1,2,0,6,0,6,8,6,0,Atlantic Sun,Home,0.067
Addison Foster,Stetson,SS,0.308,0.433,0.397,0.83,29,99,78,20,24,4,0,1,8,1,17,9,15,1,Atlantic Sun,Home,-0.013
Tiffany Meek,FGCU,2B,0.306,0.362,0.329,0.691,31,94,85,11,26,2,0,0,6,0,8,10,5,2,Atlantic Sun,Home,0.081
Macyn Kirby,Lipscomb,RF,0.302,0.351,0.302,0.653,18,57,53,4,16,0,0,0,5,1,3,9,2,0,Atlantic Sun,Home,0.148
Renee Christian,Central Arkansas,LF,0.301,0.363,0.337,0.7,26,92,83,17,25,1,1,0,2,0,8,16,7,1,Atlantic Sun,Home,-0.026
Ashlyn Mickler,Queens (NC),2B,0.297,0.387,0.313,0.699,23,77,64,15,19,1,0,0,3,2,8,4,4,1,Atlantic Sun,Home,0.001
Annabella McClerren,Stetson,LF,0.286,0.394,0.381,0.775,32,101,84,14,24,5,0,1,10,2,13,8,2,0,Atlantic Sun,Home,0.15
Madisyn Federico,North Florida,CF,0.284,0.337,0.42,0.757,26,91,81,14,23,2,0,3,13,3,4,11,14,1,Atlantic Sun,Home,0.019
Alyssa Hastings,Lipscomb,SS,0.284,0.391,0.284,0.675,25,89,74,8,21,0,0,0,3,1,12,4,1,0,Atlantic Sun,Home,-0.035
Allison Bratek,Jacksonville,3B,0.283,0.362,0.413,0.775,31,105,92,21,26,6,0,2,8,2,10,9,5,0,Atlantic Sun,Home,0.016
Gracie St. Hilaire,Central Arkansas,RF,0.283,0.45,0.45,0.9,26,80,60,11,17,2,4,0,14,1,18,17,2,0,Atlantic Sun,Home,0.078
Stella Henry,Kennesaw State,CF,0.281,0.378,0.354,0.733,31,113,96,24,27,1,3,0,6,0,15,18,13,4,Atlantic Sun,Home,-0.017
Morgan Zuege,Austin Peay,2B,0.28,0.392,0.305,0.697,26,101,82,20,23,0,1,0,5,3,12,6,3,0,Atlantic Sun,Home,0.072
Neely Peterson,FGCU,C,0.28,0.345,0.427,0.772,28,84,75,6,21,6,1,1,14,1,7,14,1,0,Atlantic Sun,Home,-0.031
Lilly Hood,Central Arkansas,2B,0.279,0.343,0.426,0.77,24,67,61,11,17,7,1,0,12,0,6,9,2,0,Atlantic Sun,Home,0.088
Vianna Barron,Eastern Kentucky,1B,0.277,0.351,0.446,0.798,22,76,65,9,18,2,0,3,15,3,5,4,0,0,Atlantic Sun,Home,-0.004
Morgan Nelson,Central Arkansas,1B,0.274,0.372,0.493,0.865,26,86,73,6,20,10,0,2,27,3,9,13,0,0,Atlantic Sun,Home,-0.074
Lath Freeman,Stetson,DP,0.267,0.354,0.442,0.795,30,99,86,4,23,1,1,4,14,1,11,10,0,0,Atlantic Sun,Home,-0.053
Macee Roberts,Austin Peay,3B,0.265,0.3,0.386,0.686,26,90,83,8,22,7,0,1,11,0,5,2,1,0,Atlantic Sun,Home,0.026
Kailey Harrigan,Jacksonville,1B,0.264,0.361,0.403,0.764,28,85,72,4,19,7,0,1,17,2,9,8,0,0,Atlantic Sun,Home,0.08
Briyana Wright,Lipscomb,2B,0.262,0.34,0.333,0.674,18,47,42,6,11,3,0,0,4,0,5,9,3,0,Atlantic Sun,Home,0.029
Shannon Glover,North Florida,LF,0.259,0.299,0.42,0.719,26,87,81,15,21,3,2,2,17,2,3,11,5,0,Atlantic Sun,Home,-0.024
Megan Konermann,Bellarmine,1B,0.259,0.293,0.481,0.775,18,58,54,6,14,7,1,1,14,0,3,3,0,0,Atlantic Sun,Home,0.075
Mea Clark,Austin Peay,C,0.25,0.373,0.375,0.748,24,67,56,1,14,4,0,1,16,0,11,9,0,0,Atlantic Sun,Home,0.038
Brenna Sherman,Lipscomb,C,0.246,0.309,0.344,0.653,22,68,61,6,15,4,1,0,8,0,6,3,0,1,Atlantic Sun,Home,0.114
Harlie Bickett,Bellarmine,SS,0.241,0.328,0.278,0.606,18,61,54,11,13,2,0,0,4,3,4,6,2,0,Atlantic Sun,Home,-0.167
Kari Holzrichter,Jacksonville,DP,0.239,0.36,0.284,0.644,28,86,67,5,16,0,0,1,11,0,15,5,0,0,Atlantic Sun,Home,-0.088
Lilly Davis,Eastern Kentucky,C,0.235,0.458,0.5,0.958,17,48,34,6,8,3,0,2,8,0,14,9,1,0,Atlantic Sun,Home,0.024
Alison Carter,Jacksonville,RF,0.234,0.355,0.338,0.693,30,93,77,6,18,5,0,1,6,5,10,13,2,0,Atlantic Sun,Home,-0.126
Savannah Channell,North Florida,SS,0.233,0.387,0.283,0.67,26,75,60,9,14,0,0,1,5,1,14,14,1,0,Atlantic Sun,Home,-0.065
Maggie Pertee,Eastern Kentucky,SS,0.233,0.309,0.433,0.742,21,70,60,13,14,4,1,2,8,4,3,9,1,1,Atlantic Sun,Home,-0.038
Nicole Waters,Bellarmine,C,0.233,0.25,0.395,0.645,17,45,43,5,10,1,0,2,8,0,1,8,2,0,Atlantic Sun,Home,0.138
Ava Guzowski,Kennesaw State,SS,0.23,0.315,0.324,0.639,27,90,74,7,17,1,0,2,16,3,8,17,3,2,Atlantic Sun,Home,-0.008
Serenity Shemwell,Bellarmine,3B,0.229,0.309,0.438,0.747,18,55,48,6,11,1,0,3,9,0,6,11,1,0,Atlantic Sun,Home,0.024
Meagan Ricks,FGCU,1B,0.225,0.356,0.324,0.68,30,90,71,9,16,2,1,1,3,3,12,13,7,0,Atlantic Sun,Home,0.025
Evette Morgan,Stetson,2B,0.225,0.319,0.325,0.644,22,48,40,3,9,1,0,1,6,6,0,10,0,0,Atlantic Sun,Home,-0.053
Jasmine Miller,Eastern Kentucky,3B,0.224,0.391,0.429,0.819,22,64,49,9,11,1,0,3,11,7,7,13,2,1,Atlantic Sun,Home,0.004
Gabi Robles,Jacksonville,LF,0.22,0.281,0.271,0.552,25,64,59,10,13,1,1,0,3,1,4,4,2,2,Atlantic Sun,Home,-0.066
Caroline Shumeyko,Kennesaw State,1B,0.219,0.278,0.288,0.566,30,82,73,5,16,2,0,1,7,2,4,19,0,0,Atlantic Sun,Home,0.128
Kiera Cooper,Kennesaw State,DP,0.218,0.266,0.345,0.611,31,94,87,15,19,8,0,1,14,0,6,22,2,0,Atlantic Sun,Home,0.102
Brooke Shewmaker,Bellarmine,RF,0.218,0.295,0.218,0.513,18,61,55,8,12,0,0,0,2,0,6,10,3,0,Atlantic Sun,Home,0.038
Gabi Apiag,Austin Peay,SS,0.217,0.27,0.319,0.589,26,75,69,8,15,1,3,0,5,0,5,7,0,0,Atlantic Sun,Home,0.065
Madison Davis,Bellarmine,LF,0.217,0.25,0.261,0.511,18,48,46,5,10,2,0,0,4,0,2,3,1,0,Atlantic Sun,Home,0.028
Elle Smith,Lipscomb,CF,0.217,0.362,0.217,0.579,23,59,46,5,10,0,0,0,5,0,11,9,3,2,Atlantic Sun,Home,-0.069
Sidney Bevis,North Alabama,RF,0.214,0.313,0.214,0.527,15,49,42,8,9,0,0,0,4,5,1,3,0,0,Atlantic Sun,Home,-0.008
Gia Napoli,Stetson,3B,0.214,0.343,0.232,0.575,27,72,56,11,12,1,0,0,3,0,11,11,7,1,Atlantic Sun,Home,0.071
Macie Howes,Kennesaw State,C,0.211,0.283,0.356,0.638,31,99,90,9,19,4,0,3,13,2,7,21,1,0,Atlantic Sun,Home,-0.002
Kirsten Caravaca,North Florida,C,0.209,0.346,0.233,0.579,20,54,43,6,9,1,0,0,2,0,9,4,0,0,Atlantic Sun,Home,-0.033
Reese Evans,Kennesaw State,3B,0.209,0.253,0.267,0.52,31,91,86,6,18,2,0,1,6,3,2,14,1,0,Atlantic Sun,Home,-0.03
Raegan Clem,North Alabama,C,0.207,0.303,0.276,0.579,14,34,29,3,6,2,0,0,2,2,2,7,1,0,Atlantic Sun,Home,0.124
Madison Cantoni,Queens (NC),C,0.207,0.361,0.241,0.602,15,37,29,3,6,1,0,0,1,0,7,3,1,0,Atlantic Sun,Home,0.111
Lillyanna Cartee,North Alabama,1B,0.204,0.241,0.347,0.588,18,55,49,3,10,2,1,1,8,1,2,5,0,0,Atlantic Sun,Home,-0.129
Madison Reynolds,Jacksonville,SS,0.2,0.391,0.229,0.62,29,96,70,11,14,2,0,0,3,0,22,16,6,1,Atlantic Sun,Home,-0.093
Ty Hardeman,Kennesaw State,2B,0.197,0.254,0.311,0.565,25,68,61,7,12,3,2,0,5,1,4,14,5,0,Atlantic Sun,Home,-0.003
Marissa Baxter,Stetson,1B,0.194,0.242,0.242,0.484,24,67,62,2,12,1,1,0,7,0,4,11,0,0,Atlantic Sun,Home,0.065
Logan Jackson,North Florida,1B,0.188,0.236,0.25,0.486,25,73,64,4,12,2,1,0,14,0,5,6,1,0,Atlantic Sun,Home,-0.134
Kennedy Fisher,Central Arkansas,C,0.186,0.271,0.302,0.573,24,49,43,4,8,2,0,1,7,1,4,9,2,0,Atlantic Sun,Home,0.019
Madison Miller,Kennesaw State,LF,0.18,0.24,0.191,0.431,31,104,89,9,16,1,0,0,5,0,7,9,7,0,Atlantic Sun,Home,0.005
Brooke Piper,Queens (NC),3B,0.178,0.362,0.244,0.607,21,61,45,5,8,0,0,1,9,3,10,10,3,0,Atlantic Sun,Home,-0.049
Abi Annett,North Florida,3B,0.175,0.3,0.246,0.546,26,72,57,5,10,1,0,1,9,1,10,15,1,0,Atlantic Sun,Home,-0.061
Averi Harcus,Jacksonville,C,0.172,0.231,0.276,0.507,24,66,58,6,10,3,0,1,13,0,5,4,1,1,Atlantic Sun,Home,-0.161
Olivia Bricker,Bellarmine,CF,0.158,0.319,0.158,0.477,18,47,38,9,6,0,0,0,1,0,9,8,0,0,Atlantic Sun,Home,0.075
Kasidi Staley,Queens (NC),CF,0.152,0.278,0.196,0.473,19,55,46,3,7,2,0,0,4,1,7,10,1,0,Atlantic Sun,Home,-0.146
Sophie Wylie,FGCU,SS,0.146,0.205,0.171,0.375,27,47,41,3,6,1,0,0,4,0,3,8,1,0,Atlantic Sun,Home,0.106
Chloe Culp,North Florida,RF,0.133,0.246,0.25,0.496,25,69,60,8,8,4,0,1,3,0,9,8,1,0,Atlantic Sun,Home,-0.146
Lauren Higginbotham,Lipscomb,1B,0.118,0.195,0.118,0.313,19,42,34,2,4,0,0,0,5,0,4,4,0,0,Atlantic Sun,Home,-0.099
Lindsey BeRoeck,Queens (NC),1B,0.118,0.303,0.157,0.46,22,70,51,8,6,0,1,0,6,0,14,8,4,0,Atlantic Sun,Home,-0.108
Jaelin Haynes,Eastern Kentucky,CF,0.5,0.524,0.625,1.149,13,42,40,12,20,1,2,0,6,0,2,4,1,0,Atlantic Sun,Away,
Tremere Harris,Central Arkansas,CF,0.457,0.561,0.522,1.083,15,57,46,12,21,1,1,0,8,1,10,3,2,1,Atlantic Sun,Away,
Harlie Bickett,Bellarmine,SS,0.408,0.446,0.551,0.997,17,56,49,7,20,2,1,1,5,3,2,4,2,0,Atlantic Sun,Away,
Kylie Griffin,Central Arkansas,3B,0.377,0.386,0.415,0.801,15,58,53,9,20,2,0,0,6,0,2,4,7,3,Atlantic Sun,Away,
Avery Viancos,FGCU,LF,0.368,0.442,0.421,0.863,14,43,38,6,14,2,0,0,2,0,5,6,6,2,Atlantic Sun,Away,
Alison Carter,Jacksonville,RF,0.36,0.441,0.64,1.081,17,59,50,16,18,6,1,2,12,2,6,5,2,0,Atlantic Sun,Away,
Kendyl Weinzapfel,Austin Peay,LF,0.356,0.396,0.4,0.796,16,49,45,4,16,2,0,0,5,0,3,3,3,0,Atlantic Sun,Away,
Morgan Nelson,Central Arkansas,1B,0.348,0.412,0.761,1.173,15,52,46,8,16,1,0,6,18,1,4,8,0,0,Atlantic Sun,Away,
Jeanay Riley,Eastern Kentucky,LF,0.348,0.358,0.485,0.843,17,67,66,15,23,3,0,2,18,0,1,7,3,0,Atlantic Sun,Away,
Averi Harcus,Jacksonville,C,0.333,0.365,0.417,0.782,17,54,48,7,16,1,0,1,12,1,2,5,2,0,Atlantic Sun,Away,
Lillyanna Cartee,North Alabama,1B,0.333,0.42,0.5,0.92,15,51,42,5,14,7,0,0,7,2,5,5,1,0,Atlantic Sun,Away,
Kari Holzrichter,Jacksonville,DP,0.327,0.431,0.388,0.819,18,58,49,6,16,3,0,0,14,1,8,3,0,0,Atlantic Sun,Away,
Renee Christian,Central Arkansas,LF,0.327,0.368,0.423,0.791,15,58,52,11,17,2,0,1,6,0,4,8,5,1,Atlantic Sun,Away,
Logan Jackson,North Florida,1B,0.322,0.355,0.525,0.88,19,62,59,8,19,3,0,3,10,0,3,6,0,0,Atlantic Sun,Away,
Allison Benning,North Florida,P,0.322,0.375,0.695,1.07,19,64,59,10,19,1,0,7,16,0,5,12,0,0,Atlantic Sun,Away,
Addison Foster,Stetson,SS,0.321,0.377,0.357,0.734,18,61,56,9,18,2,0,0,5,1,4,9,9,1,Atlantic Sun,Away,
Lath Freeman,Stetson,DP,0.32,0.321,0.42,0.741,17,53,50,1,16,2,0,1,10,0,1,5,0,0,Atlantic Sun,Away,
Alyssa Hastings,Lipscomb,SS,0.319,0.407,0.362,0.769,17,55,47,3,15,2,0,0,5,1,6,3,1,0,Atlantic Sun,Away,
Kayla Smith,Queens (NC),SS,0.313,0.375,0.45,0.825,24,90,80,14,25,6,1,1,12,1,7,7,11,4,Atlantic Sun,Away,
Neely Peterson,FGCU,C,0.311,0.354,0.511,0.865,14,48,45,6,14,3,0,2,11,0,3,7,2,0,Atlantic Sun,Away,
Hadlee Reichert,North Florida,2B,0.311,0.358,0.393,0.752,19,71,61,6,19,3,1,0,3,0,5,4,1,2,Atlantic Sun,Away,
Briley Dover,North Alabama,3B,0.302,0.422,0.472,0.894,18,64,53,11,16,4,1,1,4,4,7,4,3,1,Atlantic Sun,Away,
Riley Oakes,FGCU,CF,0.298,0.313,0.447,0.759,14,48,47,7,14,3,2,0,3,0,1,9,3,0,Atlantic Sun,Away,
Savannah Channell,North Florida,SS,0.298,0.433,0.383,0.816,19,61,47,11,14,1,0,1,7,0,12,5,1,0,Atlantic Sun,Away,
Kasidi Staley,Queens (NC),CF,0.298,0.459,0.319,0.778,21,64,47,3,14,1,0,0,4,0,14,8,0,0,Atlantic Sun,Away,
Stella Henry,Kennesaw State,CF,0.298,0.298,0.333,0.632,16,60,57,3,17,0,1,0,2,0,0,7,7,0,Atlantic Sun,Away,
Ashlyn Mickler,Queens (NC),2B,0.296,0.405,0.324,0.729,24,87,71,10,21,2,0,0,6,2,11,13,7,0,Atlantic Sun,Away,
Madison Reynolds,Jacksonville,SS,0.293,0.379,0.362,0.741,18,67,58,12,17,4,0,0,9,0,8,8,8,1,Atlantic Sun,Away,
Gabi Robles,Jacksonville,LF,0.286,0.302,0.286,0.588,14,44,42,5,12,0,0,0,3,0,1,2,2,1,Atlantic Sun,Away,
Elle Smith,Lipscomb,CF,0.286,0.362,0.286,0.647,16,47,42,5,12,0,0,0,0,1,4,6,1,0,Atlantic Sun,Away,
Shannon Glover,North Florida,LF,0.283,0.358,0.567,0.925,19,67,60,8,17,5,0,4,18,4,3,8,0,0,Atlantic Sun,Away,
Vianna Barron,Eastern Kentucky,1B,0.281,0.359,0.439,0.798,17,65,57,6,16,6,0,1,15,2,5,6,0,0,Atlantic Sun,Away,
Kami Eppley,Stetson,CF,0.28,0.308,0.3,0.608,18,54,50,2,14,1,0,0,3,1,1,10,3,1,Atlantic Sun,Away,
Chloe Culp,North Florida,RF,0.279,0.311,0.372,0.683,15,48,43,5,12,1,0,1,1,0,2,0,1,0,Atlantic Sun,Away,
Evette Morgan,Stetson,2B,0.278,0.341,0.306,0.647,15,42,36,1,10,1,0,0,5,3,1,10,2,0,Atlantic Sun,Away,
Haven Kirby,North Alabama,SS,0.276,0.295,0.534,0.83,18,61,58,11,16,3,0,4,19,0,2,12,1,0,Atlantic Sun,Away,
Madison Scott,Eastern Kentucky,2B,0.275,0.37,0.3,0.67,17,48,40,10,11,1,0,0,3,1,5,8,4,0,Atlantic Sun,Away,
Maggie Pertee,Eastern Kentucky,SS,0.271,0.333,0.333,0.667,15,57,48,15,13,3,0,0,4,2,3,4,4,0,Atlantic Sun,Away,
Allison Bratek,Jacksonville,3B,0.267,0.377,0.444,0.822,16,56,45,11,12,2,0,2,7,0,8,5,0,0,Atlantic Sun,Away,
Madisyn Federico,North Florida,CF,0.265,0.333,0.388,0.721,14,54,49,7,13,3,0,1,1,0,5,4,5,1,Atlantic Sun,Away,
Maddi Rutan,Eastern Kentucky,P,0.26,0.406,0.5,0.906,17,64,50,9,13,4,1,2,12,1,12,9,0,0,Atlantic Sun,Away,
Hailey Jones,North Alabama,2B,0.255,0.339,0.473,0.811,18,62,55,13,14,4,1,2,10,0,7,1,1,0,Atlantic Sun,Away,
Josey Polk,Lipscomb,3B,0.25,0.291,0.288,0.579,17,57,52,1,13,2,0,0,3,0,3,4,0,0,Atlantic Sun,Away,
Kirsten Caravaca,North Florida,C,0.242,0.308,0.273,0.58,14,40,33,7,8,1,0,0,4,0,4,3,0,0,Atlantic Sun,Away,
Megan Hodum,Austin Peay,RF,0.241,0.313,0.276,0.588,12,35,29,1,7,1,0,0,0,0,3,2,0,0,Atlantic Sun,Away,
Felicity Frame,North Alabama,LF,0.24,0.283,0.24,0.523,16,57,50,7,12,0,0,0,1,0,3,6,1,0,Atlantic Sun,Away,
Kylie Campbell,Austin Peay,1B,0.239,0.28,0.261,0.541,16,51,46,3,11,1,0,0,1,0,3,4,0,1,Atlantic Sun,Away,
Macee Roberts,Austin Peay,3B,0.239,0.28,0.261,0.541,16,50,46,3,11,1,0,0,4,2,1,3,0,0,Atlantic Sun,Away,
Reese Evans,Kennesaw State,3B,0.239,0.286,0.239,0.525,16,49,46,2,11,0,0,0,5,0,3,7,0,0,Atlantic Sun,Away,
Ava Guzowski,Kennesaw State,SS,0.238,0.365,0.405,0.77,15,52,42,6,10,1,0,2,6,0,9,11,0,0,Atlantic Sun,Away,
Abi Annett,North Florida,3B,0.236,0.263,0.4,0.663,19,58,55,5,13,3,0,2,8,0,2,6,0,0,Atlantic Sun,Away,
Briyana Wright,Lipscomb,2B,0.233,0.258,0.333,0.591,15,32,30,3,7,0,0,1,1,0,1,7,0,0,Atlantic Sun,Away,
Madison Bratek,Jacksonville,CF,0.231,0.333,0.269,0.603,16,60,52,11,12,2,0,0,4,4,4,6,10,1,Atlantic Sun,Away,
Brooke Piper,Queens (NC),3B,0.227,0.354,0.288,0.642,24,81,66,8,15,1,0,1,4,1,12,12,3,0,Atlantic Sun,Away,
Lindsey BeRoeck,Queens (NC),1B,0.226,0.304,0.306,0.611,23,69,62,5,14,2,0,1,3,1,6,13,1,1,Atlantic Sun,Away,
Tiffany Meek,FGCU,2B,0.225,0.262,0.275,0.537,14,44,40,6,9,0,1,0,4,1,1,3,2,1,Atlantic Sun,Away,
Nikki Gibson,FGCU,3B,0.225,0.295,0.275,0.57,14,45,40,3,9,2,0,0,3,1,3,3,7,0,Atlantic Sun,Away,
Sidney Bevis,North Alabama,RF,0.222,0.288,0.315,0.603,18,60,54,6,12,1,2,0,2,3,2,6,0,0,Atlantic Sun,Away,
Jasmine Miller,Eastern Kentucky,3B,0.22,0.358,0.415,0.773,17,53,41,7,9,2,0,2,9,3,7,16,4,0,Atlantic Sun,Away,
Lauren Higginbotham,Lipscomb,1B,0.217,0.28,0.348,0.628,12,25,23,3,5,1,1,0,2,1,1,4,1,0,Atlantic Sun,Away,
Macie Howes,Kennesaw State,C,0.213,0.302,0.426,0.727,16,53,47,5,10,1,0,3,7,1,5,9,0,0,Atlantic Sun,Away,
Mea Clark,Austin Peay,C,0.212,0.297,0.212,0.509,14,38,33,2,7,0,0,0,4,0,4,12,0,0,Atlantic Sun,Away,
Olivia Black,FGCU,RF,0.212,0.297,0.273,0.57,14,37,33,3,7,0,1,0,2,0,4,7,4,0,Atlantic Sun,Away,
Lilly Davis,Eastern Kentucky,C,0.211,0.365,0.5,0.865,16,52,38,6,8,2,0,3,14,2,9,9,0,0,Atlantic Sun,Away,
Morgan Zuege,Austin Peay,2B,0.208,0.222,0.226,0.449,16,55,53,2,11,1,0,0,0,0,1,11,0,0,Atlantic Sun,Away,
Kassidy Amerson-Fox,Kennesaw State,CF,0.206,0.289,0.294,0.584,11,38,34,6,7,0,0,1,6,1,3,10,0,1,Atlantic Sun,Away,
Brie Howard,Austin Peay,CF,0.206,0.404,0.412,0.816,15,47,34,10,7,1,0,2,5,5,7,8,0,0,Atlantic Sun,Away,
Gracie St. Hilaire,Central Arkansas,RF,0.205,0.286,0.25,0.536,15,49,44,4,9,2,0,0,9,3,2,6,0,0,Atlantic Sun,Away,
Serenity Shemwell,Bellarmine,3B,0.205,0.255,0.341,0.596,16,47,44,2,9,0,0,2,6,0,3,13,0,0,Atlantic Sun,Away,
Meagan Ricks,FGCU,1B,0.2,0.3,0.314,0.614,14,41,35,8,7,1,0,1,5,1,4,7,5,0,Atlantic Sun,Away,
Ty Hardeman,Kennesaw State,2B,0.2,0.234,0.222,0.456,16,47,45,3,9,1,0,0,1,0,2,13,0,1,Atlantic Sun,Away,
Lilly Hood,Central Arkansas,2B,0.191,0.235,0.234,0.469,15,52,47,4,9,2,0,0,10,0,3,6,0,0,Atlantic Sun,Away,
Madison Davis,Bellarmine,LF,0.189,0.25,0.189,0.439,17,41,37,2,7,0,0,0,1,0,3,6,1,0,Atlantic Sun,Away,
Kailey Harrigan,Jacksonville,1B,0.184,0.295,0.388,0.683,17,63,49,7,9,1,0,3,10,4,5,2,0,0,Atlantic Sun,Away,
Megan Konermann,Bellarmine,1B,0.184,0.212,0.224,0.436,17,52,49,1,9,2,0,0,2,1,1,11,0,0,Atlantic Sun,Away,
Brooke Shewmaker,Bellarmine,RF,0.18,0.255,0.2,0.455,16,55,50,4,9,1,0,0,2,1,4,7,2,0,Atlantic Sun,Away,
Madison Miller,Kennesaw State,LF,0.175,0.233,0.25,0.483,16,48,40,5,7,1,1,0,4,0,3,9,3,0,Atlantic Sun,Away,
Kaylyn Belfield,Lipscomb,LF,0.167,0.273,0.167,0.439,17,57,48,4,8,0,0,0,2,0,7,10,2,0,Atlantic Sun,Away,
Kennedy Fisher,Central Arkansas,C,0.167,0.265,0.167,0.431,15,35,30,3,5,0,0,0,1,1,3,9,2,0,Atlantic Sun,Away,
Madelyn Synoracki,Stetson,RF,0.163,0.212,0.163,0.375,18,55,49,4,8,0,0,0,2,1,2,9,1,1,Atlantic Sun,Away,
Chloe Collins,Bellarmine,DH,0.16,0.192,0.24,0.432,17,52,50,2,8,1,0,1,5,0,2,10,0,0,Atlantic Sun,Away,
Macyn Kirby,Lipscomb,RF,0.154,0.19,0.154,0.344,16,42,39,3,6,0,0,0,1,0,2,8,3,1,Atlantic Sun,Away,
Gabi Apiag,Austin Peay,SS,0.152,0.222,0.242,0.465,16,37,33,0,5,1,1,0,5,0,3,4,1,0,Atlantic Sun,Away,
Elise Shewmaker,Lipscomb,1B,0.149,0.245,0.234,0.479,18,54,47,2,7,4,0,0,3,3,3,15,1,1,Atlantic Sun,Away,
Gia Napoli,Stetson,3B,0.143,0.333,0.143,0.476,10,19,14,3,2,0,0,0,0,0,4,7,1,1,Atlantic Sun,Away,
Annabella McClerren,Stetson,LF,0.136,0.283,0.205,0.488,18,55,44,4,6,0,0,1,2,3,6,7,0,0,Atlantic Sun,Away,
Brenna Sherman,Lipscomb,C,0.132,0.175,0.132,0.307,14,40,38,0,5,0,0,0,1,2,0,6,0,0,Atlantic Sun,Away,
Marissa Baxter,Stetson,1B,0.129,0.229,0.194,0.422,13,35,31,2,4,2,0,0,2,0,4,6,0,0,Atlantic Sun,Away,
Kiera Cooper,Kennesaw State,DP,0.116,0.174,0.233,0.406,16,46,43,3,5,2,0,1,3,2,1,11,0,0,Atlantic Sun,Away,
Madison Cantoni,Queens (NC),C,0.096,0.203,0.096,0.3,23,66,52,0,5,0,0,0,2,0,7,21,0,0,Atlantic Sun,Away,
Nicole Waters,Bellarmine,C,0.095,0.136,0.119,0.255,15,44,42,1,4,1,0,0,0,0,2,15,0,0,Atlantic Sun,Away,
Caroline Shumeyko,Kennesaw State,1B,0.091,0.139,0.091,0.23,14,36,33,3,3,0,0,0,2,1,1,10,0,0,Atlantic Sun,Away,
Olivia Bricker,Bellarmine,CF,0.083,0.214,0.083,0.298,17,42,36,4,3,0,0,0,0,0,6,16,0,0,Atlantic Sun,Away,
Raegan Clem,North Alabama,C,0.083,0.244,0.083,0.328,17,46,36,0,3,0,0,0,3,2,6,8,0,0,Atlantic Sun,Away,
Sophie Wylie,FGCU,SS,0.04,0.038,0.04,0.078,14,30,25,1,1,0,0,0,1,0,0,1,0,0,Atlantic Sun,Away,
Huntyr Ava,BYU,1B,0.518,0.569,0.946,1.516,17,65,56,13,29,6,0,6,27,3,5,0,1,0,Big 12,Home,0.237
Jayda Coleman,Oklahoma,CF,0.466,0.58,0.822,1.402,29,102,73,31,34,6,1,6,21,1,23,3,3,1,Big 12,Home,0.062
Reese Atwood,Texas,C,0.465,0.56,0.907,1.467,31,109,86,22,40,8,0,10,42,6,15,12,0,0,Big 12,Home,0.106
Shaylon Govan,Baylor,1B,0.458,0.636,0.78,1.416,28,88,59,12,27,4,0,5,17,1,28,8,0,0,Big 12,Home,0.008
Angelina Allen,Iowa State,LF,0.457,0.5,0.783,1.283,15,52,46,13,21,6,0,3,10,0,5,4,3,0,Big 12,Home,0.103
Alyssa Brito,Oklahoma,3B,0.44,0.543,0.905,1.448,30,105,84,26,37,11,2,8,30,1,19,10,2,0,Big 12,Home,0.078
Alynah Torres,Oklahoma,2B,0.439,0.529,0.789,1.319,28,70,57,16,25,5,0,5,20,0,11,3,1,0,Big 12,Home,0.234
Ailana Agbayani,BYU,SS,0.431,0.541,0.759,1.299,18,74,58,24,25,6,2,3,12,4,11,1,3,1,Big 12,Home,0.049
Turiya Coleman,Houston,C,0.429,0.515,0.69,1.206,30,102,84,23,36,3,2,5,27,4,11,8,4,2,Big 12,Home,0.118
Ella Parker,Oklahoma,DP,0.429,0.531,0.779,1.31,30,98,77,28,33,9,0,6,33,2,17,8,7,2,Big 12,Home,0.073
Rylie Boone,Oklahoma,LF,0.425,0.471,0.55,1.021,30,88,80,24,34,7,0,1,5,2,5,1,2,1,Big 12,Home,0.079
Kailey Wyckoff,Texas Tech,DP,0.423,0.5,0.808,1.308,19,62,52,14,22,6,1,4,16,3,6,5,0,0,Big 12,Home,0.008
Caroline Wang,Oklahoma State,C,0.418,0.461,0.672,1.132,24,76,67,16,28,2,0,5,16,0,7,7,0,0,Big 12,Home,0.058
Kasidi Pickering,Oklahoma,RF,0.418,0.544,0.851,1.395,30,90,67,21,28,6,1,7,24,0,21,9,3,0,Big 12,Home,0.093
Katie Stewart,Texas,1B,0.415,0.529,0.744,1.273,31,104,82,25,34,6,0,7,30,2,19,14,3,0,Big 12,Home,0.134
Abbie Orrick,Texas Tech,SS,0.408,0.426,0.694,1.12,18,54,49,14,20,2,0,4,13,0,3,7,1,0,Big 12,Home,0.124
Micaela Wark,Oklahoma State,DP,0.408,0.53,0.898,1.428,24,66,49,10,20,3,0,7,18,2,13,6,0,0,Big 12,Home,0.236
Lexi McDonald,Oklahoma State,RF,0.406,0.512,0.563,1.075,17,42,32,5,13,5,0,0,8,1,7,6,0,0,Big 12,Home,0.088
Bella Dayton,Texas,LF,0.403,0.449,0.597,1.046,28,78,67,18,27,2,4,1,12,0,8,7,4,0,Big 12,Home,0.082
Alesia Ranches,Iowa State,SS,0.395,0.458,0.767,1.226,15,49,43,9,17,0,2,4,11,1,4,4,1,0,Big 12,Home,0.121
Kennedy Crites,Texas Tech,C,0.395,0.425,0.526,0.951,16,41,38,3,15,2,0,1,6,1,1,3,0,0,Big 12,Home,0.126
Viviana Martinez,Texas,SS,0.395,0.448,0.618,1.067,27,89,76,16,30,10,2,1,21,4,5,8,1,1,Big 12,Home,0.005
Karli Godwin,Oklahoma State,1B,0.394,0.469,0.833,1.302,24,81,66,20,26,2,0,9,23,5,7,7,0,0,Big 12,Home,0.082
Maddie Udall,BYU,3B,0.393,0.422,0.574,0.996,18,64,61,8,24,4,2,1,11,1,2,5,0,0,Big 12,Home,0.162
Ashton Maloney,Texas,RF,0.391,0.397,0.406,0.803,29,75,69,17,27,1,0,0,11,0,2,4,6,1,Big 12,Home,0.013
Joley Mitchell,Texas,DP,0.39,0.506,0.661,1.168,27,79,59,24,23,5,1,3,18,0,16,12,6,0,Big 12,Home,0.042
Mia Scott,Texas,3B,0.388,0.486,0.729,1.215,31,108,85,34,33,6,4,5,22,2,16,4,2,1,Big 12,Home,-0.055
Lair Beautae,Houston,2B,0.381,0.485,0.714,1.2,30,105,84,33,32,10,0,6,16,3,15,12,4,0,Big 12,Home,0.071
Kayden Henry,Texas,CF,0.378,0.398,0.533,0.931,31,94,90,23,34,5,0,3,14,0,3,19,12,2,Big 12,Home,-0.012
Kinzie Hansen,Oklahoma,C,0.375,0.444,0.667,1.111,26,81,72,18,27,3,0,6,20,0,9,5,2,0,Big 12,Home,-0.149
Riley Love,Texas Tech,3B,0.375,0.5,0.958,1.458,18,62,48,17,18,5,1,7,22,4,9,8,0,0,Big 12,Home,0.125
Jazmyn Rollin,Houston,3B,0.372,0.417,0.628,1.045,30,103,94,25,35,5,2,5,18,0,8,8,2,0,Big 12,Home,0.044
Kennedy Thomas,Houston,CF,0.366,0.423,0.43,0.853,30,106,93,22,34,3,0,1,16,3,7,2,6,0,Big 12,Home,0.08
Jilyen Poullard,Oklahoma State,CF,0.366,0.449,0.854,1.303,17,50,41,15,15,2,0,6,18,1,6,8,2,0,Big 12,Home,0.116
Jada Cody,UCF,3B,0.362,0.419,0.628,1.047,31,108,94,16,34,10,3,3,15,0,10,5,1,0,Big 12,Home,0.157
Sierra Humphreys,UCF,3B,0.355,0.414,0.484,0.898,26,71,62,12,22,3,1,1,19,1,6,12,5,0,Big 12,Home,0.022
Rosie Davis,Oklahoma State,2B,0.353,0.405,0.5,0.905,24,74,68,15,24,8,1,0,14,0,6,8,0,0,Big 12,Home,0.037
Ana Watson,Baylor,RF,0.351,0.413,0.491,0.904,24,64,57,10,20,5,0,1,15,4,2,3,3,1,Big 12,Home,0.125
Alyssa Washington,Texas,2B,0.345,0.42,0.621,1.041,26,71,58,17,20,4,0,4,15,2,7,6,2,0,Big 12,Home,0.039
Tiana Poole,Iowa State,RF,0.344,0.452,0.469,0.921,14,42,32,10,11,1,0,1,7,1,7,5,2,0,Big 12,Home,0.094
Lily Owens,BYU,3B,0.333,0.35,0.596,0.946,18,61,57,11,19,2,2,3,18,1,1,6,2,0,Big 12,Home,0.073
Emily Hott,Baylor,LF,0.33,0.412,0.602,1.014,28,102,88,25,29,4,4,4,13,2,11,10,1,1,Big 12,Home,-0.019
Demi Elder,Texas Tech,RF,0.327,0.393,0.564,0.957,19,61,55,11,18,7,0,2,14,0,6,7,1,0,Big 12,Home,0.018
Cydney Sanders,Oklahoma,1B,0.321,0.494,0.964,1.458,27,77,56,15,18,3,0,11,35,1,19,11,1,0,Big 12,Home,0.186
Violet Zavodnik,BYU,CF,0.318,0.423,0.591,1.014,13,52,44,14,14,0,0,4,13,1,7,8,4,0,Big 12,Home,0.048
Ashlyn Anderson,Kansas,3B,0.314,0.429,0.457,0.886,17,44,35,5,11,1,2,0,2,0,7,7,1,0,Big 12,Home,0.049
Taylor Strain,Baylor,CF,0.314,0.385,0.414,0.799,26,79,70,12,22,7,0,0,5,2,6,10,3,1,Big 12,Home,0.092
Tiare Jennings,Oklahoma,SS,0.31,0.41,0.678,1.088,30,105,87,19,27,8,0,8,21,1,15,9,2,0,Big 12,Home,-0.051
Johneisha Rowe,UCF,CF,0.309,0.356,0.324,0.68,29,75,68,17,21,1,0,0,2,0,5,6,9,2,Big 12,Home,-0.061
Campbell Bagshaw,Kansas,1B,0.306,0.333,0.49,0.823,17,52,49,5,15,0,0,3,15,0,2,11,0,0,Big 12,Home,0.06
Chloe Evans,UCF,RF,0.305,0.359,0.495,0.854,31,103,95,20,29,7,1,3,22,1,7,12,5,1,Big 12,Home,-0.009
Shelby Smith,Houston,P,0.302,0.413,0.434,0.847,21,63,53,7,16,1,0,2,9,2,8,12,0,0,Big 12,Home,-0.05
Arriana Villa,Texas Tech,LF,0.302,0.403,0.642,1.045,19,62,53,14,16,6,0,4,7,0,9,9,0,0,Big 12,Home,-0.154
Bree Cantu,Houston,1B,0.292,0.478,0.692,1.171,29,93,65,15,19,5,0,7,29,3,22,15,0,0,Big 12,Home,0.056
Hailey Morrow,BYU,C,0.288,0.345,0.635,0.979,17,58,52,11,15,0,0,6,15,3,2,10,0,0,Big 12,Home,-0.001
Keila Kamoku,BYU,2B,0.286,0.364,0.612,0.976,17,56,49,11,14,1,0,5,15,2,4,6,0,0,Big 12,Home,-0.025
Claire Timm,Oklahoma State,RF,0.279,0.315,0.515,0.83,24,74,68,17,19,4,0,4,17,1,3,9,1,0,Big 12,Home,0.012
Aliyah Binford,Baylor,P,0.275,0.327,0.333,0.661,21,56,51,4,14,3,0,0,10,2,2,11,4,0,Big 12,Home,-0.027
Sydney Collazos,Baylor,C,0.273,0.385,0.318,0.703,26,81,66,6,18,3,0,0,5,5,7,3,1,0,Big 12,Home,-0.065
Stormy Kotzelnick,UCF,DP,0.271,0.354,0.4,0.754,27,79,70,10,19,6,0,1,12,1,8,10,3,0,Big 12,Home,0.028
Tallen Edwards,Oklahoma State,3B,0.267,0.397,0.4,0.797,22,76,60,17,16,3,1,1,7,2,11,3,4,1,Big 12,Home,-0.023
Aubrey Evans,UCF,2B,0.266,0.363,0.38,0.742,29,91,79,15,21,6,0,1,11,1,11,6,3,0,Big 12,Home,0.047
Logan Halleman,Texas Tech,CF,0.265,0.306,0.265,0.57,14,36,34,7,9,0,0,0,1,0,2,2,5,1,Big 12,Home,-0.113
Carli Spelhaug,Iowa State,1B,0.262,0.295,0.548,0.843,15,44,42,9,11,4,1,2,8,1,1,5,3,0,Big 12,Home,0.012
Angela Price,Kansas,CF,0.258,0.415,0.355,0.769,18,43,31,3,8,1,1,0,3,5,4,4,2,0,Big 12,Home,0.008
Shannon Doherty,UCF,1B,0.257,0.389,0.392,0.781,29,93,74,14,19,1,0,3,17,5,11,7,1,0,Big 12,Home,-0.148
Hailey Cripe,Kansas,SS,0.25,0.368,0.479,0.848,18,58,48,8,12,3,1,2,10,1,8,13,0,1,Big 12,Home,-0.052
Ashley Minor,Iowa State,3B,0.242,0.444,0.636,1.081,15,45,33,5,8,1,0,4,10,8,4,2,2,0,Big 12,Home,-0.021
Lyric Moore,Kansas,C,0.229,0.315,0.271,0.586,17,54,48,11,11,2,0,0,1,2,4,10,3,0,Big 12,Home,-0.104
Aynslee Linduff,Kansas,RF,0.218,0.259,0.255,0.513,17,59,55,6,12,2,0,0,3,0,3,3,1,0,Big 12,Home,-0.043
Aubrey Barnhart,Texas Tech,1B,0.211,0.362,0.553,0.914,15,47,38,10,8,1,0,4,9,3,6,8,0,0,Big 12,Home,-0.062
Milaysia Ochoa,Iowa State,CF,0.209,0.34,0.372,0.712,15,53,43,11,9,4,0,1,4,1,8,4,4,0,Big 12,Home,-0.124
Olivia Wardlow,Iowa State,2B,0.207,0.233,0.207,0.44,14,31,29,3,6,0,0,0,1,0,1,1,2,0,Big 12,Home,-0.063
Maddie Bejarano,BYU,LF,0.205,0.476,0.487,0.963,18,68,39,16,8,2,0,3,11,2,20,2,1,0,Big 12,Home,0.059
Megan Bloodworth,Oklahoma State,SS,0.205,0.283,0.364,0.647,24,57,44,9,9,2,1,1,9,1,5,6,4,0,Big 12,Home,0.041
Olivia Bruno,Kansas,DH,0.171,0.268,0.257,0.525,16,42,35,1,6,0,0,1,5,0,5,8,0,0,Big 12,Home,-0.004
Sara Roszak,Kansas,2B,0.162,0.22,0.189,0.409,17,42,37,1,6,1,0,0,4,0,3,6,0,0,Big 12,Home,-0.094
Presleigh Pilon,Baylor,SS,0.154,0.183,0.167,0.35,28,85,78,12,12,1,0,0,6,1,2,5,6,0,Big 12,Home,-0.165
Kinzie Hansen,Oklahoma,C,0.524,0.543,0.81,1.353,15,46,42,9,22,3,0,3,11,0,3,2,1,0,Big 12,Away,
Arriana Villa,Texas Tech,LF,0.456,0.557,0.772,1.329,20,70,57,16,26,7,1,3,11,0,13,8,0,0,Big 12,Away,
Shaylon Govan,Baylor,1B,0.45,0.532,0.7,1.232,21,77,60,6,27,3,0,4,12,1,13,3,0,0,Big 12,Away,
Mia Scott,Texas,3B,0.443,0.5,0.671,1.171,24,91,79,26,35,4,1,4,29,0,10,4,2,0,Big 12,Away,
Kailey Wyckoff,Texas Tech,DP,0.415,0.5,0.569,1.069,22,76,65,16,27,5,1,1,12,0,11,7,2,0,Big 12,Away,
Shannon Doherty,UCF,1B,0.405,0.522,0.541,1.062,15,48,37,7,15,2,0,1,9,1,8,7,2,1,Big 12,Away,
Jayda Coleman,Oklahoma,CF,0.404,0.586,0.723,1.309,17,71,47,24,19,0,0,5,14,2,20,2,1,0,Big 12,Away,
Viviana Martinez,Texas,SS,0.39,0.44,0.622,1.062,25,91,82,22,32,8,1,3,23,0,8,7,1,0,Big 12,Away,
Kayden Henry,Texas,CF,0.39,0.46,0.584,1.044,24,88,77,25,30,3,0,4,13,0,10,11,14,1,Big 12,Away,
Ailana Agbayani,BYU,SS,0.382,0.521,0.527,1.048,19,71,55,11,21,2,0,2,9,6,10,5,5,2,Big 12,Away,
Ashton Maloney,Texas,RF,0.378,0.432,0.392,0.824,25,81,74,19,28,1,0,0,6,0,7,4,3,1,Big 12,Away,
Logan Halleman,Texas Tech,CF,0.378,0.5,0.378,0.878,17,49,37,13,14,0,0,0,4,1,9,5,11,0,Big 12,Away,
Johneisha Rowe,UCF,CF,0.37,0.452,0.37,0.822,13,34,27,10,10,0,0,0,1,0,4,3,7,0,Big 12,Away,
Alyssa Brito,Oklahoma,3B,0.362,0.418,0.759,1.177,17,67,58,18,21,3,1,6,15,0,7,4,0,0,Big 12,Away,
Tiare Jennings,Oklahoma,SS,0.361,0.437,0.836,1.273,17,71,61,18,22,2,0,9,26,0,9,4,1,0,Big 12,Away,
Caroline Wang,Oklahoma State,C,0.36,0.391,0.802,1.194,28,93,86,16,31,5,0,11,29,1,4,8,0,0,Big 12,Away,
Reese Atwood,Texas,C,0.359,0.421,0.756,1.177,25,95,78,13,28,2,1,9,35,4,8,4,1,1,Big 12,Away,
Ella Parker,Oklahoma,DP,0.356,0.482,0.622,1.104,17,56,45,14,16,3,0,3,11,2,9,6,7,1,Big 12,Away,
Angelina Allen,Iowa State,LF,0.354,0.404,0.671,1.075,24,89,82,16,29,11,0,5,18,0,7,12,3,0,Big 12,Away,
Shelby Smith,Houston,P,0.352,0.438,0.519,0.956,20,64,54,9,19,6,0,1,15,0,9,11,0,0,Big 12,Away,
Emily Hott,Baylor,LF,0.349,0.462,0.746,1.208,22,78,63,14,22,3,2,6,14,4,10,11,2,1,Big 12,Away,
Joley Mitchell,Texas,DP,0.348,0.45,0.53,0.98,23,82,66,18,23,3,0,3,12,0,13,9,3,1,Big 12,Away,
Rylie Boone,Oklahoma,LF,0.346,0.37,0.365,0.736,17,54,52,10,18,1,0,0,11,0,2,4,3,0,Big 12,Away,
Sydney Collazos,Baylor,C,0.338,0.386,0.492,0.878,22,74,65,10,22,4,0,2,7,0,5,2,0,1,Big 12,Away,
Milaysia Ochoa,Iowa State,CF,0.333,0.44,0.587,1.026,24,91,75,16,25,10,0,3,10,3,12,12,3,0,Big 12,Away,
Lyric Moore,Kansas,C,0.333,0.397,0.53,0.928,22,74,66,14,22,1,0,4,12,3,4,8,5,0,Big 12,Away,
Sierra Humphreys,UCF,3B,0.333,0.333,0.519,0.852,12,27,27,3,9,2,0,1,6,0,0,7,1,0,Big 12,Away,
Jazmyn Rollin,Houston,3B,0.328,0.456,0.705,1.161,22,79,61,19,20,5,0,6,24,2,14,12,4,2,Big 12,Away,
Kasidi Pickering,Oklahoma,RF,0.325,0.481,0.675,1.156,17,52,40,11,13,2,0,4,13,0,12,5,1,0,Big 12,Away,
Bella Dayton,Texas,LF,0.321,0.471,0.434,0.905,25,75,53,18,17,3,0,1,13,0,16,7,8,1,Big 12,Away,
Presleigh Pilon,Baylor,SS,0.319,0.314,0.406,0.72,22,73,69,9,22,3,0,1,12,0,0,4,2,0,Big 12,Away,
Lexi McDonald,Oklahoma State,RF,0.318,0.412,0.568,0.98,25,51,44,5,14,2,0,3,7,3,4,7,0,0,Big 12,Away,
Rosie Davis,Oklahoma State,2B,0.316,0.435,0.632,1.066,28,92,76,18,24,3,0,7,11,0,16,10,0,3,Big 12,Away,
Chloe Evans,UCF,RF,0.314,0.34,0.51,0.849,15,53,51,8,16,4,0,2,10,0,2,10,3,1,Big 12,Away,
Karli Godwin,Oklahoma State,1B,0.312,0.343,0.591,0.935,28,99,93,13,29,8,0,6,21,0,5,11,0,0,Big 12,Away,
Turiya Coleman,Houston,C,0.311,0.419,0.508,0.927,22,75,61,14,19,1,1,3,17,5,7,10,2,1,Big 12,Away,
Keila Kamoku,BYU,2B,0.311,0.415,0.467,0.882,18,55,45,4,14,4,0,1,7,0,8,7,1,0,Big 12,Away,
Lair Beautae,Houston,2B,0.31,0.467,0.466,0.932,21,75,58,19,18,3,0,2,10,3,14,11,1,1,Big 12,Away,
Demi Elder,Texas Tech,RF,0.309,0.397,0.564,0.96,18,63,55,15,17,2,0,4,14,1,7,6,1,1,Big 12,Away,
Alyssa Washington,Texas,2B,0.306,0.397,0.484,0.881,22,73,62,14,19,2,0,3,14,2,8,5,4,0,Big 12,Away,
Aliyah Binford,Baylor,P,0.302,0.351,0.472,0.823,19,58,53,9,16,3,0,2,10,0,4,9,1,1,Big 12,Away,
Hailey Cripe,Kansas,SS,0.302,0.413,0.587,1.001,22,77,63,15,19,3,0,5,17,2,10,9,3,1,Big 12,Away,
Tallen Edwards,Oklahoma State,3B,0.29,0.41,0.551,0.96,24,85,69,13,20,6,0,4,15,3,11,6,3,0,Big 12,Away,
Hailey Morrow,BYU,C,0.289,0.396,0.6,0.996,17,53,45,12,13,3,1,3,10,2,6,7,0,0,Big 12,Away,
Kennedy Thomas,Houston,CF,0.286,0.439,0.349,0.788,22,82,63,20,18,2,1,0,11,3,15,7,3,1,Big 12,Away,
Abbie Orrick,Texas Tech,SS,0.284,0.351,0.567,0.919,22,74,67,12,19,4,0,5,17,1,6,11,5,0,Big 12,Away,
Huntyr Ava,BYU,1B,0.281,0.305,0.404,0.709,18,59,57,2,16,1,0,2,11,1,1,5,0,0,Big 12,Away,
Katie Stewart,Texas,1B,0.281,0.403,0.438,0.84,21,77,64,13,18,4,0,2,12,0,13,17,1,0,Big 12,Away,
Alesia Ranches,Iowa State,SS,0.274,0.361,0.411,0.772,24,84,73,6,20,8,1,0,10,0,10,21,1,1,Big 12,Away,
Aubrey Barnhart,Texas Tech,1B,0.273,0.39,0.364,0.754,15,41,33,6,9,0,0,1,7,3,4,10,0,0,Big 12,Away,
Violet Zavodnik,BYU,CF,0.27,0.426,0.595,1.02,13,47,37,8,10,3,0,3,7,3,7,5,2,0,Big 12,Away,
Olivia Wardlow,Iowa State,2B,0.27,0.292,0.302,0.594,24,65,63,7,17,2,0,0,3,0,2,11,3,0,Big 12,Away,
Kennedy Crites,Texas Tech,C,0.269,0.296,0.365,0.662,19,55,52,5,14,2,0,1,4,0,2,3,0,0,Big 12,Away,
Claire Timm,Oklahoma State,RF,0.267,0.313,0.48,0.793,28,82,75,14,20,4,0,4,7,2,3,12,1,0,Big 12,Away,
Ashlyn Anderson,Kansas,3B,0.265,0.308,0.286,0.593,17,54,49,5,13,1,0,0,3,0,3,5,0,0,Big 12,Away,
Ashley Minor,Iowa State,3B,0.263,0.44,0.474,0.914,24,75,57,7,15,3,0,3,8,4,14,14,0,0,Big 12,Away,
Aynslee Linduff,Kansas,RF,0.261,0.301,0.391,0.693,22,78,69,11,18,3,0,2,10,1,3,8,0,0,Big 12,Away,
Lily Owens,BYU,3B,0.26,0.278,0.38,0.658,17,54,50,6,13,3,0,1,9,0,2,2,3,0,Big 12,Away,
Sara Roszak,Kansas,2B,0.256,0.273,0.419,0.691,18,48,43,6,11,4,0,1,7,0,1,2,0,0,Big 12,Away,
Carli Spelhaug,Iowa State,1B,0.25,0.28,0.444,0.724,23,77,72,12,18,3,1,3,10,0,3,9,3,0,Big 12,Away,
Angela Price,Kansas,CF,0.25,0.393,0.409,0.802,22,57,44,8,11,4,0,1,7,4,7,8,4,0,Big 12,Away,
Riley Love,Texas Tech,3B,0.25,0.351,0.594,0.945,22,74,64,15,16,4,0,6,18,4,6,4,1,0,Big 12,Away,
Tiana Poole,Iowa State,RF,0.25,0.351,0.391,0.742,24,75,64,6,16,3,0,2,10,0,10,16,0,0,Big 12,Away,
Jilyen Poullard,Oklahoma State,CF,0.25,0.386,0.554,0.939,22,70,56,18,14,2,0,5,16,1,12,12,1,0,Big 12,Away,
Campbell Bagshaw,Kansas,1B,0.246,0.324,0.295,0.619,22,69,61,7,15,3,0,0,8,1,6,10,1,0,Big 12,Away,
Stormy Kotzelnick,UCF,DP,0.243,0.282,0.378,0.66,15,40,37,2,9,2,0,1,3,0,2,8,0,0,Big 12,Away,
Bree Cantu,Houston,1B,0.236,0.416,0.327,0.743,22,77,55,10,13,2,0,1,14,2,17,14,0,0,Big 12,Away,
Maddie Udall,BYU,3B,0.231,0.268,0.404,0.672,19,58,52,7,12,3,0,2,6,2,1,11,1,0,Big 12,Away,
Ana Watson,Baylor,RF,0.226,0.255,0.34,0.594,18,55,53,7,12,1,1,1,9,1,1,10,0,0,Big 12,Away,
Taylor Strain,Baylor,CF,0.222,0.265,0.267,0.532,16,50,45,9,10,2,0,0,4,0,3,10,2,1,Big 12,Away,
Aubrey Evans,UCF,2B,0.219,0.342,0.25,0.592,13,39,32,5,7,1,0,0,2,1,5,4,0,0,Big 12,Away,
Alynah Torres,Oklahoma,2B,0.205,0.279,0.385,0.664,17,45,39,3,8,1,0,2,4,1,3,5,0,0,Big 12,Away,
Jada Cody,UCF,3B,0.205,0.265,0.455,0.72,14,49,44,11,9,0,1,3,9,1,3,1,0,0,Big 12,Away,
Olivia Bruno,Kansas,DH,0.175,0.267,0.325,0.592,16,45,40,7,7,0,0,2,4,0,5,11,0,0,Big 12,Away,
Micaela Wark,Oklahoma State,DP,0.172,0.264,0.391,0.655,25,73,64,6,11,2,0,4,10,2,6,12,0,0,Big 12,Away,
Megan Bloodworth,Oklahoma State,SS,0.164,0.164,0.328,0.492,27,66,61,6,10,0,2,2,13,0,0,4,1,1,Big 12,Away,
Maddie Bejarano,BYU,LF,0.146,0.288,0.229,0.517,19,65,48,8,7,1,0,1,4,1,9,14,0,0,Big 12,Away,
Cydney Sanders,Oklahoma,1B,0.135,0.4,0.297,0.697,17,55,37,5,5,0,0,2,7,2,15,5,0,0,Big 12,Away,
Lexi Hastings,Connecticut,LF,0.451,0.491,0.667,1.158,16,57,51,14,23,3,1,2,8,1,4,8,6,3,Big East,Home,0.011
Madeline Vejvoda,Creighton,2B,0.446,0.5,0.646,1.146,21,75,65,14,29,8,1,1,14,2,6,4,0,1,Big East,Home,0.172
Jess Bianco,St. John's,CF,0.425,0.521,0.45,0.971,14,49,40,11,17,1,0,0,1,0,8,6,6,2,Big East,Home,0.052
Olivia Gilbert,Seton Hall,1B,0.417,0.586,0.813,1.398,19,70,48,12,20,7,0,4,17,5,16,4,0,0,Big East,Home,0.136
Jacque Harrington,Providence,C,0.408,0.491,0.714,1.206,17,57,49,15,20,7,1,2,14,2,6,5,0,0,Big East,Home,0.139
Lily West,Creighton,C,0.397,0.431,0.619,1.05,21,73,63,13,25,5,0,3,16,1,5,6,1,0,Big East,Home,0.131
Cayla Nielsen,Creighton,LF,0.394,0.45,0.62,1.07,21,80,71,18,28,10,0,2,20,1,7,9,2,0,Big East,Home,0.116
Claire Turner,Georgetown,CF,0.394,0.545,0.545,1.091,12,45,33,8,13,1,2,0,3,2,9,7,4,1,Big East,Home,0.086
Elaina Wagner,Villanova,RF,0.387,0.506,0.5,1.006,21,79,62,10,24,7,0,0,8,2,14,4,1,0,Big East,Home,0.133
Hope Jenkins,Connecticut,DH,0.385,0.418,0.615,1.034,18,55,52,4,20,3,0,3,12,1,2,9,0,0,Big East,Home,0.154
Grace Jenkins,Connecticut,C,0.382,0.443,0.618,1.061,17,61,55,14,21,4,0,3,13,0,6,8,2,0,Big East,Home,0.114
Gabriella Lee,Providence,CF,0.378,0.429,0.4,0.829,17,50,45,11,17,1,0,0,4,0,4,1,2,1,Big East,Home,0.102
Sofia Peterson,Providence,3B,0.366,0.422,0.805,1.227,15,48,41,9,15,6,0,4,14,0,4,1,0,0,Big East,Home,0.17
Sydney Potter,Creighton,1B,0.366,0.458,0.927,1.385,15,48,41,6,15,5,0,6,17,1,6,17,1,0,Big East,Home,0.226
Ella Dalton,Creighton,CF,0.364,0.446,0.509,0.955,20,65,55,13,20,3,1,1,10,1,8,9,3,1,Big East,Home,0.076
London Jarrard,St. John's,SS,0.362,0.483,0.787,1.27,17,58,47,16,17,3,1,5,18,2,9,7,4,0,Big East,Home,0.059
Camryn Wincher,Georgetown,1B,0.357,0.441,0.357,0.798,11,35,28,3,10,0,0,0,1,0,5,5,0,0,Big East,Home,0.266
Lilly St. Jean,Villanova,2B,0.351,0.441,0.561,1.003,19,68,57,12,20,6,0,2,19,2,8,10,0,0,Big East,Home,0.004
Kelsey Carr,Seton Hall,DP,0.345,0.472,0.655,1.127,19,73,58,18,20,6,0,4,11,1,13,8,0,0,Big East,Home,0.103
Olivia Moxley,Butler,SS,0.345,0.472,0.448,0.92,14,39,29,6,10,0,0,1,1,1,6,9,0,0,Big East,Home,0.039
Hanna Aldrich,Providence,RF,0.341,0.483,0.5,0.983,17,58,44,15,15,2,1,1,9,2,11,11,2,1,Big East,Home,0.008
Katey Bren--,Seton Hall,LF,0.339,0.433,0.482,0.915,18,67,56,7,19,6,1,0,12,2,8,5,0,0,Big East,Home,0.022
Erin Howard,Seton Hall,C,0.328,0.4,0.448,0.848,19,66,58,3,19,1,0,2,11,0,7,9,0,0,Big East,Home,0.011
Paige Dorsett,Butler,1B,0.326,0.37,0.465,0.835,14,47,43,1,14,3,0,1,6,1,2,3,0,0,Big East,Home,0.02
Ava Franz,Villanova,SS,0.323,0.377,0.774,1.151,19,69,62,14,20,7,0,7,21,0,6,8,1,0,Big East,Home,-0.005
Dayanara Campos,Georgetown,3B,0.316,0.426,0.737,1.162,12,47,38,8,12,1,0,5,17,1,7,11,0,0,Big East,Home,0.072
Cate Lehner,Butler,RF,0.314,0.375,0.353,0.728,15,58,51,10,16,0,1,0,4,0,5,1,4,1,Big East,Home,-0.111
Monique Hoosen,Butler,LF,0.31,0.355,0.828,1.182,12,31,29,4,9,3,0,4,11,0,2,7,1,0,Big East,Home,-0.009
Rosie Garcia,Connecticut,3B,0.3,0.403,0.64,1.043,18,62,50,8,15,2,0,5,12,4,6,8,1,1,Big East,Home,0.067
Savannah Ring,Connecticut,2B,0.297,0.35,0.297,0.647,16,42,37,6,11,0,0,0,1,0,3,10,2,1,Big East,Home,0.13
Lela Allen,Seton Hall,3B,0.293,0.362,0.345,0.707,19,69,58,4,17,3,0,0,9,0,8,8,0,0,Big East,Home,0.005
Ally Jones,Villanova,C,0.289,0.517,0.5,1.017,17,58,38,9,11,2,0,2,9,1,18,6,1,0,Big East,Home,-0.003
Rachael Petrarca,Providence,SS,0.286,0.388,0.381,0.769,16,51,42,8,12,2,1,0,5,0,7,6,3,1,Big East,Home,0
Hailey Conger,Butler,CF,0.286,0.388,0.286,0.673,14,51,42,6,12,0,0,0,4,0,7,4,1,1,Big East,Home,0.02
Tess Cites,Villanova,LF,0.284,0.41,0.433,0.842,21,83,67,19,19,4,0,2,10,6,9,5,0,0,Big East,Home,0.003
Julia Renny,Providence,1B,0.28,0.4,0.48,0.88,13,31,25,3,7,2,0,1,6,1,4,6,0,0,Big East,Home,0.075
Alyssa Gappa,Creighton,3B,0.279,0.404,0.465,0.869,19,54,43,3,12,5,0,1,7,5,4,10,0,0,Big East,Home,0.124
Ashten Pierson,Creighton,SS,0.279,0.404,0.279,0.683,21,55,43,10,12,0,0,0,2,0,9,6,2,0,Big East,Home,0.141
Brooke Johnson,DePaul,1B,0.27,0.413,0.459,0.873,13,47,37,7,10,1,0,2,6,0,9,3,1,0,Big East,Home,-0.032
Ella White,Butler,3B,0.268,0.396,0.317,0.713,15,55,41,4,11,2,0,0,11,4,6,8,1,0,Big East,Home,-0.037
Taylor Hill,Seton Hall,RF,0.267,0.405,0.633,1.039,19,74,60,21,16,7,0,5,14,0,14,17,0,0,Big East,Home,-0.071
Gabby Park,Georgetown,RF,0.267,0.421,0.4,0.821,12,40,30,1,8,2,1,0,6,3,5,7,1,0,Big East,Home,0.067
Sydney Carter,Butler,2B,0.263,0.317,0.289,0.607,15,43,38,3,10,1,0,0,4,0,3,7,0,0,Big East,Home,-0.001
Cassidy Stouffer,St. John's,2B,0.263,0.302,0.342,0.644,14,43,38,4,10,3,0,0,8,0,3,13,2,0,Big East,Home,0.013
Emma Eichten,Providence,RF,0.255,0.28,0.34,0.62,16,53,47,8,12,4,0,0,7,0,2,6,1,0,Big East,Home,-0.013
Emma Rosonke,Creighton,DP,0.254,0.389,0.39,0.779,21,72,59,4,15,2,0,2,13,1,12,9,0,0,Big East,Home,0.082
Chloe Smith,Villanova,3B,0.25,0.344,0.304,0.647,21,64,56,8,14,3,0,0,5,1,7,8,1,0,Big East,Home,0.042
Riley Pool,DePaul,C,0.25,0.372,0.25,0.622,13,43,36,2,9,0,0,0,4,0,7,8,0,0,Big East,Home,-0.054
Brooke Cwick,DePaul,DH,0.241,0.333,0.241,0.575,13,34,29,4,7,0,0,0,6,0,4,6,0,0,Big East,Home,0.147
Amy Mallah,St. John's,3B,0.238,0.353,0.262,0.615,17,51,42,3,10,1,0,0,6,3,5,5,1,1,Big East,Home,-0.003
Haley Coupal,Connecticut,1B,0.231,0.333,0.308,0.641,16,48,39,6,9,3,0,0,3,0,6,8,1,1,Big East,Home,0.122
Caroline Hobbes,Seton Hall,2B,0.229,0.327,0.229,0.556,19,57,48,2,11,0,0,0,3,3,4,6,1,0,Big East,Home,0.112
Jana Sanden,Connecticut,SS,0.212,0.317,0.346,0.663,18,60,52,7,11,4,0,1,5,2,6,8,1,0,Big East,Home,-0.069
Emily Strittmatter,Georgetown,3B,0.211,0.279,0.289,0.569,12,46,38,4,8,0,0,1,4,1,3,5,1,1,Big East,Home,-0.066
Sydney Totarsky,St. John's,LF,0.205,0.279,0.231,0.51,15,43,39,4,8,1,0,0,2,0,4,6,3,0,Big East,Home,-0.11
Andrea Perez,Seton Hall,SS,0.2,0.311,0.22,0.531,19,63,50,6,10,1,0,0,5,1,8,5,0,0,Big East,Home,-0.031
Morgan Rogers,DePaul,CF,0.2,0.333,0.24,0.573,13,31,25,2,5,1,0,0,0,2,3,9,5,0,Big East,Home,0.147
Carly Alvers,DePaul,3B,0.195,0.195,0.22,0.415,13,42,41,4,8,1,0,0,2,0,0,10,1,0,Big East,Home,-0.093
Bibianna Rodriguez,DePaul,SS,0.192,0.276,0.192,0.468,12,31,26,2,5,0,0,0,3,0,3,5,2,1,Big East,Home,0.017
Kaitlyn Kibling,Connecticut,CF,0.171,0.25,0.2,0.45,16,44,35,3,6,1,0,0,2,1,3,16,1,2,Big East,Home,-0.051
Makena Alexander,Butler,SS,0.171,0.256,0.286,0.542,14,41,35,3,6,1,0,1,3,0,4,10,0,0,Big East,Home,-0.129
Brooklyn Ostrowski,Villanova,1B,0.151,0.25,0.264,0.514,21,60,53,7,8,0,0,2,5,0,7,17,1,0,Big East,Home,-0.069
Maicie Levitt,Georgetown,SS,0.143,0.286,0.229,0.514,12,42,35,5,5,0,0,1,3,5,2,16,0,0,Big East,Home,-0.046
Kieli Ryan,Butler,C,0.111,0.368,0.111,0.48,14,39,27,1,3,0,0,0,2,5,6,4,0,0,Big East,Home,-0.064
Teagan O'Rilley,Butler,DP,0.091,0.3,0.136,0.436,12,31,22,0,2,1,0,0,3,0,7,8,0,0,Big East,Home,-0.146
Baylee Cosgrove,DePaul,2B,0.077,0.2,0.077,0.277,11,30,26,2,2,0,0,0,1,2,2,5,1,1,Big East,Home,-0.167
Brooke Rebhan,Georgetown,2B,0.065,0.237,0.097,0.334,12,38,31,4,2,1,0,0,0,0,7,7,2,0,Big East,Home,-0.229
Hollie Pardini,Georgetown,C,0.063,0.111,0.063,0.174,10,19,16,2,1,0,0,0,1,0,1,4,0,0,Big East,Home,-0.031
Lexi Hastings,Connecticut,LF,0.44,0.482,0.587,1.069,22,83,75,19,33,3,1,2,10,0,7,18,16,4,Big East,Away,
Cate Lehner,Butler,RF,0.425,0.432,0.452,0.884,19,77,73,12,31,2,0,0,5,0,1,7,13,0,Big East,Away,
Jess Bianco,St. John's,CF,0.373,0.439,0.373,0.812,17,67,59,8,22,0,0,0,1,0,7,14,6,0,Big East,Away,
Lilly St. Jean,Villanova,2B,0.347,0.429,0.694,1.122,17,56,49,11,17,8,0,3,16,3,4,7,0,0,Big East,Away,
Taylor Hill,Seton Hall,RF,0.338,0.423,0.485,0.908,20,78,68,16,23,2,1,2,6,0,10,18,1,0,Big East,Away,
Hanna Aldrich,Providence,RF,0.333,0.422,0.389,0.811,18,64,54,5,18,3,0,0,11,2,7,11,2,1,Big East,Away,
Ava Franz,Villanova,SS,0.328,0.394,0.547,0.941,20,71,64,9,21,3,1,3,16,2,5,10,0,0,Big East,Away,
Monique Hoosen,Butler,LF,0.319,0.393,0.681,1.074,18,56,47,9,15,2,0,5,15,2,5,10,3,0,Big East,Away,
Erin Howard,Seton Hall,C,0.317,0.388,0.433,0.821,20,67,60,1,19,4,0,1,8,0,7,7,0,0,Big East,Away,
Katey Bren--,Seton Hall,LF,0.317,0.394,0.492,0.886,20,71,63,8,20,2,0,3,15,0,8,4,0,0,Big East,Away,
Sydney Totarsky,St. John's,LF,0.315,0.351,0.479,0.83,25,77,73,13,23,3,0,3,10,1,3,6,5,0,Big East,Away,
Claire Turner,Georgetown,CF,0.308,0.345,0.385,0.73,18,56,52,6,16,1,0,1,4,0,3,4,3,3,Big East,Away,
Paige Dorsett,Butler,1B,0.306,0.389,0.468,0.857,19,74,62,3,19,4,0,2,15,1,8,7,0,0,Big East,Away,
Olivia Moxley,Butler,SS,0.306,0.342,0.361,0.703,14,40,36,7,11,0,1,0,3,0,2,5,1,0,Big East,Away,
Ella White,Butler,3B,0.305,0.438,0.729,1.167,19,76,59,15,18,5,1,6,17,1,13,10,3,0,Big East,Away,
Riley Pool,DePaul,C,0.304,0.377,0.413,0.79,18,53,46,5,14,2,0,1,9,0,6,7,0,0,Big East,Away,
London Jarrard,St. John's,SS,0.303,0.352,0.485,0.837,28,109,99,12,30,6,0,4,21,6,2,11,0,0,Big East,Away,
Brooke Johnson,DePaul,1B,0.302,0.483,0.512,0.994,18,58,43,10,13,0,0,3,5,1,14,3,2,2,Big East,Away,
Makena Alexander,Butler,SS,0.3,0.451,0.425,0.876,18,52,40,4,12,2,0,1,5,2,9,10,1,0,Big East,Away,
Brooke Rebhan,Georgetown,2B,0.294,0.321,0.412,0.733,17,54,51,11,15,4,1,0,4,0,2,5,2,0,Big East,Away,
Ally Jones,Villanova,C,0.292,0.477,0.458,0.935,19,65,48,11,14,5,0,1,8,2,15,9,0,0,Big East,Away,
Lela Allen,Seton Hall,3B,0.288,0.347,0.348,0.696,20,73,66,5,19,4,0,0,11,1,5,5,0,0,Big East,Away,
Carly Alvers,DePaul,3B,0.288,0.327,0.346,0.673,18,55,52,9,15,0,0,1,6,0,3,5,4,0,Big East,Away,
Ella Dalton,Creighton,CF,0.288,0.344,0.424,0.767,22,65,59,10,17,3,1,1,12,0,5,15,2,0,Big East,Away,
Rachael Petrarca,Providence,SS,0.286,0.412,0.333,0.745,17,54,42,6,12,2,0,0,5,0,9,4,1,1,Big East,Away,
Jana Sanden,Connecticut,SS,0.281,0.365,0.406,0.771,21,74,64,5,18,3,1,1,14,3,6,7,0,0,Big East,Away,
Tess Cites,Villanova,LF,0.281,0.418,0.516,0.933,20,79,64,17,18,3,0,4,8,2,13,11,1,0,Big East,Away,
Olivia Gilbert,Seton Hall,1B,0.281,0.387,0.438,0.824,20,75,64,9,18,4,0,2,10,2,9,12,0,0,Big East,Away,
Cayla Nielsen,Creighton,LF,0.278,0.345,0.354,0.699,24,87,79,4,22,3,0,1,7,3,5,9,2,0,Big East,Away,
Emily Strittmatter,Georgetown,3B,0.277,0.34,0.383,0.723,18,55,47,3,13,5,0,0,8,0,5,9,1,0,Big East,Away,
Gabriella Lee,Providence,CF,0.276,0.311,0.328,0.639,18,63,58,9,16,3,0,0,5,2,1,10,0,1,Big East,Away,
Madeline Vejvoda,Creighton,2B,0.274,0.333,0.356,0.689,24,82,73,11,20,3,0,1,8,0,7,8,1,0,Big East,Away,
Jacque Harrington,Providence,C,0.269,0.377,0.538,0.916,18,61,52,7,14,5,0,3,6,3,6,8,0,0,Big East,Away,
Grace Jenkins,Connecticut,C,0.268,0.388,0.536,0.924,18,67,56,12,15,6,0,3,12,2,9,3,0,0,Big East,Away,
Emma Eichten,Providence,RF,0.268,0.305,0.304,0.609,17,62,56,5,15,2,0,0,6,1,2,3,0,0,Big East,Away,
Hailey Conger,Butler,CF,0.266,0.368,0.297,0.665,19,78,64,12,17,2,0,0,4,1,10,13,4,0,Big East,Away,
Lily West,Creighton,C,0.266,0.293,0.291,0.584,24,85,79,10,21,2,0,0,3,3,0,7,0,0,Big East,Away,
Sydney Carter,Butler,2B,0.264,0.273,0.358,0.631,18,58,53,2,14,5,0,0,4,0,1,12,2,0,Big East,Away,
Elaina Wagner,Villanova,RF,0.254,0.302,0.373,0.674,19,63,59,9,15,4,0,1,11,0,4,11,0,0,Big East,Away,
Cassidy Stouffer,St. John's,2B,0.25,0.309,0.393,0.701,26,96,84,8,21,6,0,2,14,0,8,18,1,0,Big East,Away,
Baylee Cosgrove,DePaul,2B,0.244,0.304,0.39,0.695,16,46,41,5,10,3,0,1,8,3,1,4,2,0,Big East,Away,
Dayanara Campos,Georgetown,3B,0.244,0.37,0.6,0.97,18,54,45,7,11,4,0,4,12,0,9,10,0,0,Big East,Away,
Kelsey Carr,Seton Hall,DP,0.242,0.351,0.47,0.82,20,77,66,9,16,3,0,4,11,1,10,16,0,0,Big East,Away,
Amy Mallah,St. John's,3B,0.241,0.326,0.304,0.63,28,91,79,14,19,5,0,0,7,5,5,6,3,0,Big East,Away,
Teagan O'Rilley,Butler,DP,0.237,0.31,0.474,0.783,19,44,38,3,9,3,0,2,6,0,4,10,0,0,Big East,Away,
Rosie Garcia,Connecticut,3B,0.233,0.361,0.5,0.861,20,72,60,7,14,2,1,4,16,4,8,15,3,1,Big East,Away,
Hope Jenkins,Connecticut,DH,0.231,0.261,0.385,0.645,20,69,65,3,15,4,0,2,9,1,2,19,0,0,Big East,Away,
Andrea Perez,Seton Hall,SS,0.231,0.268,0.269,0.537,17,56,52,2,12,2,0,0,5,0,3,8,0,0,Big East,Away,
Kaitlyn Kibling,Connecticut,CF,0.222,0.311,0.333,0.645,22,63,54,10,12,0,0,2,4,2,5,20,7,2,Big East,Away,
Brooklyn Ostrowski,Villanova,1B,0.22,0.266,0.475,0.74,19,64,59,8,13,0,0,5,10,0,4,14,0,0,Big East,Away,
Chloe Smith,Villanova,3B,0.208,0.367,0.292,0.658,18,60,48,5,10,4,0,0,5,1,11,9,0,0,Big East,Away,
Julia Renny,Providence,1B,0.205,0.279,0.436,0.715,16,45,39,3,8,3,0,2,4,2,2,5,0,0,Big East,Away,
Gabby Park,Georgetown,RF,0.2,0.25,0.233,0.483,15,33,30,4,6,1,0,0,0,1,1,9,0,1,Big East,Away,
Sofia Peterson,Providence,3B,0.196,0.237,0.357,0.594,18,62,56,5,11,3,0,2,4,2,1,12,0,0,Big East,Away,
Maicie Levitt,Georgetown,SS,0.189,0.318,0.324,0.643,15,46,37,4,7,2,0,1,5,3,4,11,1,0,Big East,Away,
Kieli Ryan,Butler,C,0.175,0.389,0.25,0.639,17,56,40,4,7,0,0,1,7,5,9,10,0,0,Big East,Away,
Bibianna Rodriguez,DePaul,SS,0.175,0.214,0.325,0.539,18,46,40,7,7,1,1,1,11,0,2,13,1,2,Big East,Away,
Emma Rosonke,Creighton,DP,0.172,0.275,0.207,0.482,22,69,58,6,10,2,0,0,9,1,8,20,1,1,Big East,Away,
Savannah Ring,Connecticut,2B,0.167,0.255,0.167,0.422,19,47,42,6,7,0,0,0,2,0,5,7,1,0,Big East,Away,
Alyssa Gappa,Creighton,3B,0.155,0.227,0.19,0.417,23,67,58,3,9,2,0,0,7,0,6,13,0,0,Big East,Away,
Sydney Potter,Creighton,1B,0.14,0.232,0.2,0.432,21,56,50,1,7,3,0,0,4,2,4,22,0,0,Big East,Away,
Ashten Pierson,Creighton,SS,0.138,0.206,0.155,0.362,24,64,58,3,8,1,0,0,2,3,2,12,0,0,Big East,Away,
Caroline Hobbes,Seton Hall,2B,0.117,0.185,0.167,0.351,20,68,60,3,7,0,0,1,4,1,4,6,0,0,Big East,Away,
Haley Coupal,Connecticut,1B,0.109,0.268,0.109,0.377,20,62,46,5,5,0,0,0,1,0,10,18,1,1,Big East,Away,
Brooke Cwick,DePaul,DH,0.094,0.147,0.094,0.241,13,35,32,2,3,0,0,0,0,0,2,10,0,0,Big East,Away,
Hollie Pardini,Georgetown,C,0.094,0.094,0.188,0.281,14,32,32,2,3,0,0,1,1,0,0,10,0,0,Big East,Away,
Camryn Wincher,Georgetown,1B,0.091,0.2,0.136,0.336,18,50,44,3,4,2,0,0,3,1,5,11,0,0,Big East,Away,
Morgan Rogers,DePaul,CF,0.053,0.143,0.053,0.195,11,24,19,1,1,0,0,0,0,0,2,5,1,1,Big East,Away,
Gracie Smith,Idaho State,LF,0.471,0.654,0.941,1.595,6,26,17,7,8,0,1,2,8,1,8,5,3,0,Big Sky,Home,0.085
Riley Peschek,Montana,SS,0.441,0.513,0.765,1.278,22,78,68,19,30,8,4,2,20,1,9,9,2,0,Big Sky,Home,0.191
Angelica Cano,Idaho State,1B,0.44,0.462,0.68,1.142,6,26,25,5,11,0,0,2,6,0,1,1,1,0,Big Sky,Home,0.211
Lewa Day,Sacramento State,3B,0.436,0.531,1.026,1.556,15,50,39,12,17,1,2,6,22,1,8,5,1,0,Big Sky,Home,0.165
Presley Jantzi,Montana,RF,0.414,0.475,0.586,1.061,22,81,70,21,29,6,0,2,15,2,7,7,4,0,Big Sky,Home,-0.036
Sabrina Javorsky,Northern Colorado,C,0.405,0.463,0.514,0.977,13,41,37,4,15,2,1,0,6,1,3,0,0,0,Big Sky,Home,0.225
Lorraine Alo,Portland State,DP,0.404,0.517,0.532,1.049,17,58,47,6,19,3,0,1,13,3,8,11,0,0,Big Sky,Home,-0.025
Hannah Jablonski,Montana,1B,0.397,0.443,0.651,1.094,22,71,63,10,25,11,1,1,10,4,2,9,0,0,Big Sky,Home,0.191
Gwen Ludwig,Sacramento State,SS,0.396,0.408,0.417,0.825,16,54,48,6,19,1,0,0,0,0,1,6,4,3,Big Sky,Home,0.073
Mia Rushton,Weber State,CF,0.394,0.487,0.424,0.911,11,39,33,7,13,1,0,0,0,0,6,0,3,0,Big Sky,Home,0.081
Nya Chacon,Northern Colorado,CF,0.382,0.417,0.588,1.005,11,36,34,4,13,5,1,0,7,0,2,3,0,0,Big Sky,Home,0.077
Alexis Parish,Sacramento State,LF,0.375,0.388,0.479,0.867,16,49,48,6,18,1,2,0,4,0,1,4,0,0,Big Sky,Home,0.019
Abby Grundy,Weber State,3B,0.367,0.441,0.5,0.941,11,35,30,4,11,2,1,0,7,0,4,3,1,0,Big Sky,Home,0.045
Kelly Sweyer,Montana,DP,0.349,0.37,0.605,0.974,19,46,43,3,15,6,1,1,11,1,1,8,1,0,Big Sky,Home,0.108
Makayla Donahoo,Weber State,2B,0.348,0.5,0.609,1.109,11,32,23,5,8,3,0,1,6,1,6,4,1,0,Big Sky,Home,0.089
Olivia Robison,Idaho State,C,0.348,0.483,0.522,1.004,7,29,23,3,8,1,0,1,5,0,6,2,0,0,Big Sky,Home,0.038
Ella Gonzales,Northern Colorado,DP,0.342,0.419,0.605,1.024,13,43,38,9,13,4,0,2,8,1,4,3,2,0,Big Sky,Home,0.026
Haley Hanson,Sacramento State,RF,0.34,0.389,0.36,0.749,15,56,50,13,17,1,0,0,6,0,4,3,7,0,Big Sky,Home,0.031
Skyler Sethman,Idaho State,2B,0.333,0.313,0.4,0.713,7,16,15,1,5,1,0,0,2,0,0,2,0,0,Big Sky,Home,0.109
Taegan Smith,Weber State,SS,0.333,0.429,0.433,0.862,11,35,30,4,10,1,1,0,6,1,4,7,3,1,Big Sky,Home,0.195
Camryn McDonald,Idaho State,SS,0.333,0.44,0.476,0.916,7,25,21,3,7,0,0,1,3,0,4,1,0,0,Big Sky,Home,-0.031
Maddie Thompson,Portland State,2B,0.327,0.407,0.327,0.734,16,61,52,14,17,0,0,0,4,0,7,3,5,0,Big Sky,Home,0.005
Alexa Cepeda,Portland State,RF,0.308,0.4,0.436,0.836,18,48,39,9,12,2,0,1,2,0,6,4,1,2,Big Sky,Home,0.088
Natalia Martinez,Portland State,3B,0.306,0.424,0.367,0.791,18,59,49,6,15,1,1,0,7,3,7,13,0,0,Big Sky,Home,-0.043
Alison Steinker,Northern Colorado,3B,0.303,0.415,0.394,0.809,13,41,33,3,10,0,0,1,9,1,6,2,0,0,Big Sky,Home,0.048
Kiaira Smith,Weber State,DP,0.303,0.395,0.576,0.97,11,38,33,6,10,3,0,2,5,1,4,4,0,0,Big Sky,Home,-0.035
Amailee Morales,Northern Colorado,1B,0.3,0.404,0.8,1.204,13,47,40,8,12,5,0,5,14,0,7,11,0,0,Big Sky,Home,0.002
Kennedy Echols,Sacramento State,CF,0.289,0.308,0.289,0.597,16,40,38,6,11,0,0,0,1,0,1,2,0,2,Big Sky,Home,0.093
Andrea Lira,Sacramento State,DP,0.286,0.289,0.405,0.694,15,45,42,5,12,2,0,1,9,0,1,9,0,0,Big Sky,Home,-0.024
Victoria Rey,Weber State,LF,0.278,0.316,0.278,0.594,11,20,18,1,5,0,0,0,0,0,1,5,0,1,Big Sky,Home,0.005
Jocelyn Eisen,Montana,3B,0.273,0.407,0.455,0.862,19,56,44,9,12,5,0,1,10,2,8,12,1,0,Big Sky,Home,0.073
Paetynn Lopez,Portland State,C,0.261,0.368,0.304,0.673,16,58,46,5,12,2,0,0,9,2,7,7,1,0,Big Sky,Home,-0.008
Eva Richardson,Weber State,C,0.259,0.375,0.481,0.856,11,35,27,2,7,3,0,1,6,0,5,5,0,0,Big Sky,Home,0.026
Kennedy Dudley,Idaho State,3B,0.25,0.4,0.5,0.9,7,25,20,5,5,2,0,1,5,2,3,2,0,0,Big Sky,Home,0.026
Alyssa Yee,Idaho State,RF,0.25,0.308,0.25,0.558,7,26,24,3,6,0,0,0,1,0,2,5,1,0,Big Sky,Home,-0.029
Logan Riggenbach,Portland State,CF,0.231,0.268,0.346,0.614,18,61,52,7,12,4,1,0,8,0,3,8,1,0,Big Sky,Home,-0.078
Ava Brown,Idaho State,CF,0.217,0.333,0.435,0.768,7,27,23,4,5,2,0,1,5,0,4,5,2,0,Big Sky,Home,-0.087
Gianna Memoli,Weber State,RF,0.208,0.208,0.292,0.5,11,27,24,1,5,2,0,0,2,0,0,3,1,0,Big Sky,Home,0.022
Madison Tarrant,Montana,DP,0.2,0.319,0.3,0.619,19,49,40,4,8,2,1,0,5,0,7,4,0,0,Big Sky,Home,0.067
Emily Johansen,Portland State,1B,0.196,0.339,0.326,0.665,18,62,46,7,9,1,1,1,6,4,7,2,1,0,Big Sky,Home,-0.154
Pese Matautia,Portland State,SS,0.194,0.265,0.226,0.491,12,34,31,3,6,1,0,0,3,0,3,4,1,0,Big Sky,Home,-0.056
Jessica Stanfield,Montana,LF,0.189,0.302,0.243,0.546,17,43,37,5,7,2,0,0,7,0,6,5,3,0,Big Sky,Home,0.089
Samantha Parish,Sacramento State,C,0.162,0.244,0.216,0.46,15,41,37,6,6,2,0,0,3,1,3,4,0,0,Big Sky,Home,-0.088
Jaycie Gandert,Northern Colorado,SS,0.105,0.32,0.105,0.425,10,25,19,6,2,0,0,0,0,2,4,6,3,1,Big Sky,Home,-0.044
Paige Simpson,Idaho State,SS,0,0.333,0,0.333,4,9,6,5,0,0,0,0,0,1,2,4,1,1,Big Sky,Home,-0.34
Presley Jantzi,Montana,RF,0.45,0.511,0.625,1.136,13,45,40,8,18,5,1,0,5,0,5,5,0,1,Big Sky,Away,
Lorraine Alo,Portland State,DP,0.429,0.481,0.735,1.216,16,54,49,10,21,4,1,3,16,3,2,6,0,0,Big Sky,Away,
Gracie Smith,Idaho State,LF,0.386,0.442,0.557,0.999,23,79,70,18,27,5,2,1,3,0,7,27,8,0,Big Sky,Away,
Camryn McDonald,Idaho State,SS,0.364,0.379,0.473,0.852,24,61,55,13,20,6,0,0,10,0,2,8,4,1,Big Sky,Away,
Alexis Parish,Sacramento State,LF,0.356,0.424,0.39,0.814,20,68,59,8,21,0,1,0,6,0,7,2,1,0,Big Sky,Away,
Emily Johansen,Portland State,1B,0.35,0.435,0.4,0.835,12,47,40,11,14,2,0,0,8,1,5,1,0,0,Big Sky,Away,
Natalia Martinez,Portland State,3B,0.349,0.417,0.442,0.859,15,48,43,2,15,1,0,1,4,4,1,6,1,0,Big Sky,Away,
Paige Simpson,Idaho State,SS,0.34,0.439,0.447,0.885,20,60,47,17,16,0,1,1,3,0,9,10,8,0,Big Sky,Away,
Kiaira Smith,Weber State,DP,0.338,0.368,0.585,0.952,20,68,65,8,22,4,0,4,11,2,1,11,0,0,Big Sky,Away,
Gwen Ludwig,Sacramento State,SS,0.323,0.364,0.339,0.702,20,70,62,11,20,1,0,0,2,0,4,11,7,1,Big Sky,Away,
Maddie Thompson,Portland State,2B,0.322,0.355,0.373,0.728,16,62,59,11,19,3,0,0,4,0,3,4,2,2,Big Sky,Away,
Abby Grundy,Weber State,3B,0.322,0.394,0.593,0.987,20,68,59,10,19,8,1,2,11,3,4,8,1,0,Big Sky,Away,
Ella Gonzales,Northern Colorado,DP,0.316,0.426,0.404,0.83,20,70,57,4,18,5,0,0,10,6,5,5,0,0,Big Sky,Away,
Mia Rushton,Weber State,CF,0.313,0.395,0.418,0.813,20,76,67,13,21,4,0,1,6,1,8,10,1,0,Big Sky,Away,
Olivia Robison,Idaho State,C,0.31,0.352,0.512,0.864,26,91,84,6,26,6,1,3,20,0,6,12,0,0,Big Sky,Away,
Andrea Lira,Sacramento State,DP,0.31,0.365,0.379,0.744,17,63,58,10,18,4,0,0,4,1,4,12,1,0,Big Sky,Away,
Haley Hanson,Sacramento State,RF,0.309,0.329,0.324,0.652,20,73,68,8,21,1,0,0,3,0,2,14,7,0,Big Sky,Away,
Logan Riggenbach,Portland State,CF,0.309,0.339,0.473,0.812,17,60,55,7,17,6,0,1,8,1,2,7,0,0,Big Sky,Away,
Nya Chacon,Northern Colorado,CF,0.305,0.311,0.542,0.854,19,61,59,12,18,2,0,4,14,0,1,10,1,0,Big Sky,Away,
Ava Brown,Idaho State,CF,0.304,0.351,0.667,1.017,23,78,69,11,21,5,1,6,19,0,6,16,1,0,Big Sky,Away,
Amailee Morales,Northern Colorado,1B,0.298,0.434,0.737,1.171,20,76,57,12,17,7,0,6,28,2,14,9,0,0,Big Sky,Away,
Alyssa Yee,Idaho State,RF,0.279,0.344,0.465,0.809,27,98,86,14,24,5,1,3,19,1,8,7,4,1,Big Sky,Away,
Victoria Rey,Weber State,LF,0.273,0.314,0.364,0.678,17,37,33,5,9,1,1,0,3,0,2,6,2,0,Big Sky,Away,
Lewa Day,Sacramento State,3B,0.271,0.352,0.5,0.852,15,55,48,11,13,2,0,3,11,2,4,7,1,0,Big Sky,Away,
Paetynn Lopez,Portland State,C,0.269,0.377,0.462,0.839,17,63,52,6,14,2,1,2,13,2,7,7,0,1,Big Sky,Away,
Makayla Donahoo,Weber State,2B,0.259,0.31,0.278,0.588,20,61,54,9,14,1,0,0,1,1,3,12,0,1,Big Sky,Away,
Alison Steinker,Northern Colorado,3B,0.255,0.417,0.327,0.744,20,72,55,6,14,1,0,1,13,5,11,11,0,0,Big Sky,Away,
Samantha Parish,Sacramento State,C,0.25,0.353,0.295,0.648,18,54,44,6,11,2,0,0,9,4,3,3,0,0,Big Sky,Away,
Pese Matautia,Portland State,SS,0.25,0.318,0.325,0.643,14,45,40,5,10,3,0,0,7,0,4,9,2,0,Big Sky,Away,
Riley Peschek,Montana,SS,0.25,0.325,0.333,0.658,13,40,36,6,9,1,1,0,3,0,4,3,0,0,Big Sky,Away,
Kelly Sweyer,Montana,DP,0.241,0.281,0.31,0.592,12,32,29,1,7,2,0,0,7,1,1,5,0,0,Big Sky,Away,
Eva Richardson,Weber State,C,0.233,0.292,0.283,0.576,20,66,60,6,14,3,0,0,7,3,2,9,2,0,Big Sky,Away,
Angelica Cano,Idaho State,1B,0.229,0.267,0.375,0.642,27,101,96,9,22,5,0,3,11,1,4,14,2,0,Big Sky,Away,
Skyler Sethman,Idaho State,2B,0.224,0.257,0.269,0.526,24,70,67,4,15,3,0,0,5,0,3,12,0,0,Big Sky,Away,
Kennedy Dudley,Idaho State,3B,0.224,0.367,0.327,0.693,23,60,49,11,11,2,0,1,4,5,6,12,2,0,Big Sky,Away,
Alexa Cepeda,Portland State,RF,0.22,0.289,0.244,0.533,16,47,41,8,9,1,0,0,4,0,4,11,1,0,Big Sky,Away,
Hannah Jablonski,Montana,1B,0.206,0.27,0.235,0.506,13,37,34,0,7,1,0,0,3,1,2,2,0,0,Big Sky,Away,
Jocelyn Eisen,Montana,3B,0.2,0.263,0.314,0.577,13,42,35,2,7,1,0,1,4,1,2,9,0,0,Big Sky,Away,
Kennedy Echols,Sacramento State,CF,0.196,0.196,0.239,0.435,18,47,46,4,9,0,1,0,3,0,0,8,2,0,Big Sky,Away,
Gianna Memoli,Weber State,RF,0.186,0.205,0.209,0.414,19,46,43,2,8,1,0,0,4,0,1,11,0,0,Big Sky,Away,
Sabrina Javorsky,Northern Colorado,C,0.18,0.275,0.279,0.554,19,69,61,4,11,3,0,1,7,3,5,3,2,1,Big Sky,Away,
Jaycie Gandert,Northern Colorado,SS,0.149,0.268,0.191,0.459,19,56,47,11,7,2,0,0,3,1,7,14,1,0,Big Sky,Away,
Taegan Smith,Weber State,SS,0.138,0.19,0.19,0.38,20,65,58,4,8,0,0,1,6,0,4,11,3,2,Big Sky,Away,
Madison Tarrant,Montana,DP,0.133,0.278,0.133,0.411,10,19,15,1,2,0,0,0,2,1,2,5,0,0,Big Sky,Away,
Jessica Stanfield,Montana,LF,0.1,0.27,0.1,0.37,13,39,30,3,3,0,0,0,0,0,7,4,1,2,Big Sky,Away,
Lexie Roberts,Radford,CF,0.484,0.522,0.548,1.07,20,72,62,20,30,0,2,0,3,1,5,4,17,0,Big South,Home,0.229
Lauren Fox,Longwood,LF,0.451,0.472,0.49,0.962,15,53,51,8,23,0,1,0,4,0,2,7,5,0,Big South,Home,0.138
Kari Shedrick,Radford,1B,0.438,0.518,0.896,1.414,17,56,48,14,21,5,1,5,20,1,7,7,1,2,Big South,Home,0.17
Denver Lauer,USC Upstate,CF,0.405,0.51,0.557,1.067,27,98,79,26,32,3,0,3,16,2,15,8,31,1,Big South,Home,0.107
Kayley DeVivi,Longwood,RF,0.383,0.473,0.617,1.09,16,55,47,9,18,2,0,3,12,1,7,10,2,1,Big South,Home,0.151
Carsten Sandveg,Charleston Southern,DP,0.379,0.41,0.552,0.962,20,62,58,10,22,5,1,1,10,0,3,9,9,5,Big South,Home,0.268
Madelyne Lee,Charleston Southern,2B,0.372,0.398,0.449,0.846,25,85,78,14,29,6,0,0,6,0,4,18,3,0,Big South,Home,0.143
Taliyah Thomas,USC Upstate,RF,0.371,0.406,0.548,0.954,21,71,62,16,23,2,0,3,20,0,5,6,18,2,Big South,Home,0.164
KaDedra Temple,Winthrop,2B,0.364,0.493,0.564,1.057,23,73,55,12,20,5,0,2,15,4,11,13,0,0,Big South,Home,0.036
Annicka McLaughlin,Gardner-Webb,2B,0.361,0.432,0.375,0.807,29,83,72,11,26,1,0,0,4,0,9,12,5,0,Big South,Home,0.141
Amie Johnson,USC Upstate,LF,0.36,0.411,0.38,0.791,26,59,50,13,18,1,0,0,5,0,5,9,12,0,Big South,Home,0.087
Kasey Wolfe,Presbyterian,3B,0.351,0.432,0.519,0.951,27,90,77,9,27,7,0,2,16,0,11,18,1,0,Big South,Home,0.169
Sophia Knock,Longwood,1B,0.349,0.5,0.488,0.988,16,56,43,4,15,3,0,1,6,2,11,11,1,0,Big South,Home,0.133
Weslin Jones,Charleston Southern,CF,0.338,0.405,0.38,0.785,25,81,71,10,24,1,1,0,6,1,7,3,5,0,Big South,Home,0.083
Ashton VanHouse,Winthrop,CF,0.333,0.359,0.387,0.746,23,82,75,12,25,0,2,0,5,0,3,11,11,1,Big South,Home,0.051
Kelby Goodrum,Presbyterian,3B,0.33,0.364,0.372,0.736,27,101,94,19,31,2,1,0,9,1,4,17,4,1,Big South,Home,0.101
Paige Rivas,Winthrop,RF,0.329,0.365,0.371,0.736,23,78,70,20,23,1,1,0,3,0,4,16,15,0,Big South,Home,0.132
Cassi Barbato,Radford,2B,0.321,0.345,0.585,0.93,19,58,53,11,17,2,0,4,21,0,3,7,2,0,Big South,Home,0.004
Reese Basinger,Winthrop,P,0.321,0.322,0.429,0.751,19,60,56,4,18,0,0,2,15,1,0,8,0,0,Big South,Home,0.115
Adrienne Visintine,Gardner-Webb,LF,0.321,0.426,0.548,0.973,29,101,84,19,27,5,1,4,21,1,15,8,2,0,Big South,Home,0.03
Emma Jackson,Winthrop,3B,0.306,0.463,0.592,1.055,21,67,49,10,15,3,1,3,16,2,14,8,1,1,Big South,Home,-0.133
Ella Christopher,Gardner-Webb,SS,0.299,0.345,0.468,0.813,28,85,77,13,23,5,4,0,13,0,6,10,3,1,Big South,Home,0.067
Araceli Pesqueira,Gardner-Webb,3B,0.296,0.378,0.451,0.829,26,82,71,5,21,7,2,0,14,3,7,12,0,0,Big South,Home,0.013
Ansley Lee,Winthrop,1B,0.296,0.391,0.426,0.817,21,65,54,7,16,2,1,1,8,5,4,15,0,0,Big South,Home,0.042
Peyton Rivas,Winthrop,LF,0.294,0.385,0.294,0.679,18,40,34,8,10,0,0,0,1,0,5,12,7,1,Big South,Home,0.072
Celeste Delorenzo,USC Upstate,3B,0.294,0.473,0.471,0.943,27,94,68,15,20,3,0,3,13,9,14,6,3,1,Big South,Home,0.081
Rachel Smith,Radford,SS,0.29,0.323,0.629,0.952,20,65,62,15,18,4,1,5,11,0,3,17,3,0,Big South,Home,0.095
Taylor Dreher,Gardner-Webb,C,0.29,0.429,0.403,0.832,27,79,62,13,18,7,0,0,10,1,14,8,5,2,Big South,Home,0.07
Megan Powell,Winthrop,DP,0.288,0.373,0.407,0.78,22,67,59,5,17,1,0,2,9,4,4,11,0,0,Big South,Home,0.06
Korynna Anderson,Longwood,3B,0.278,0.316,0.333,0.649,16,57,54,10,15,3,0,0,7,1,2,7,4,1,Big South,Home,0.032
Carson Shaw,USC Upstate,DP,0.278,0.412,0.537,0.949,23,68,54,5,15,2,0,4,14,6,7,6,0,0,Big South,Home,0.146
Abby Wilson,Radford,C,0.276,0.358,0.672,1.031,20,67,58,16,16,5,0,6,15,0,8,6,1,0,Big South,Home,0.133
Harper Schoeneweis,Charleston Southern,1B,0.276,0.362,0.345,0.707,23,70,58,2,16,4,0,0,5,0,9,11,7,2,Big South,Home,0.113
Avery Drake,Longwood,2B,0.268,0.362,0.317,0.679,16,47,41,6,11,2,0,0,5,0,6,5,7,0,Big South,Home,0.041
Emily Vinson,Longwood,CF,0.267,0.34,0.4,0.74,16,50,45,9,12,1,1,1,8,0,5,8,7,0,Big South,Home,0.017
Kendall Owens,Presbyterian,1B,0.267,0.3,0.372,0.672,27,90,86,9,23,6,0,1,18,0,4,12,3,0,Big South,Home,-0.019
Lauren Taylor,Longwood,SS,0.264,0.304,0.491,0.794,16,56,53,10,14,0,0,4,11,1,2,6,3,0,Big South,Home,-0.045
Kaitlyn Tucker,Presbyterian,2B,0.264,0.386,0.347,0.734,27,93,72,12,19,4,1,0,6,0,15,9,3,0,Big South,Home,-0.069
Alanna Deal,USC Upstate,SS,0.26,0.356,0.429,0.784,27,92,77,19,20,4,0,3,19,8,4,11,8,0,Big South,Home,0.004
Jailyn Tineo,Gardner-Webb,3B,0.243,0.404,0.324,0.729,26,94,74,15,18,4,1,0,7,0,20,16,1,0,Big South,Home,-0.007
Cassie Norris,USC Upstate,1B,0.242,0.288,0.355,0.643,25,68,62,3,15,4,0,1,8,1,3,7,1,1,Big South,Home,-0.031
Abby Polk,USC Upstate,2B,0.242,0.354,0.288,0.642,27,79,66,19,16,3,0,0,10,5,7,6,15,1,Big South,Home,0.029
Emily Garcia,Gardner-Webb,RF,0.241,0.302,0.31,0.612,25,64,58,6,14,4,0,0,5,2,3,10,0,0,Big South,Home,-0.036
Abby Bossler,Radford,RF,0.233,0.361,0.233,0.594,17,36,30,2,7,0,0,0,2,2,4,9,1,0,Big South,Home,0.061
Charlee Yourman,Charleston Southern,3B,0.23,0.29,0.262,0.552,24,72,61,1,14,2,0,0,6,0,6,3,0,0,Big South,Home,0.063
Abigail Pippen,USC Upstate,C,0.23,0.275,0.311,0.586,26,81,74,6,17,6,0,0,11,2,3,14,1,0,Big South,Home,-0.081
Andrea Lyon,Gardner-Webb,P,0.229,0.365,0.386,0.75,27,85,70,6,16,5,0,2,10,4,11,6,0,0,Big South,Home,-0.123
Maggie Hiatt,Longwood,C,0.226,0.342,0.548,0.89,13,39,31,4,7,1,0,3,7,1,5,9,0,0,Big South,Home,0.042
Emma Yanes,Presbyterian,SS,0.213,0.24,0.277,0.517,20,54,47,4,10,0,0,1,5,0,2,4,2,0,Big South,Home,-0.028
Mallory Fletcher,Presbyterian,RF,0.197,0.264,0.258,0.521,24,74,66,2,13,4,0,0,4,1,5,16,2,0,Big South,Home,-0.044
Avery Miller,Longwood,C,0.192,0.29,0.346,0.636,11,31,26,1,5,1,0,1,5,0,4,10,0,0,Big South,Home,0.021
Grayson Buckner,Winthrop,SS,0.188,0.235,0.208,0.444,19,51,48,3,9,1,0,0,6,0,3,9,3,0,Big South,Home,-0.066
Emma Villaescusa,Charleston Southern,SS,0.174,0.188,0.217,0.405,18,51,46,6,8,2,0,0,5,0,1,10,1,0,Big South,Home,-0.087
Amanda Lee,Radford,3B,0.171,0.293,0.171,0.464,17,43,35,4,6,0,0,0,2,1,5,9,6,0,Big South,Home,0.08
Emily Smith,Radford,LF,0.167,0.375,0.4,0.775,18,43,30,11,5,1,0,2,5,2,8,10,0,0,Big South,Home,0.024
Gracie Prince,Charleston Southern,C,0.152,0.152,0.227,0.379,23,66,66,4,10,2,0,1,6,0,0,16,0,0,Big South,Home,-0.116
Andrea Lyon,Gardner-Webb,P,0.352,0.417,0.426,0.843,18,60,54,5,19,4,0,0,9,1,5,7,0,0,Big South,Away,
Kaitlyn Tucker,Presbyterian,2B,0.333,0.507,0.451,0.958,21,74,51,12,17,6,0,0,5,0,18,12,1,0,Big South,Away,
KaDedra Temple,Winthrop,2B,0.328,0.387,0.567,0.954,23,75,67,10,22,5,1,3,16,1,6,11,4,0,Big South,Away,
Cassi Barbato,Radford,2B,0.317,0.364,0.341,0.705,15,46,41,2,13,1,0,0,5,0,3,1,0,0,Big South,Away,
Lauren Fox,Longwood,LF,0.313,0.353,0.313,0.665,20,68,64,9,20,0,0,0,1,0,4,7,2,0,Big South,Away,
Abigail Pippen,USC Upstate,C,0.311,0.392,0.4,0.792,16,52,45,9,14,1,0,1,8,0,6,5,1,0,Big South,Away,
Lauren Taylor,Longwood,SS,0.309,0.387,0.473,0.86,20,64,55,7,17,0,0,3,6,2,5,7,3,2,Big South,Away,
Denver Lauer,USC Upstate,CF,0.298,0.355,0.386,0.741,17,62,57,11,17,2,0,1,7,0,5,15,8,3,Big South,Away,
Adrienne Visintine,Gardner-Webb,LF,0.291,0.394,0.527,0.921,19,66,55,10,16,1,0,4,13,2,8,5,1,0,Big South,Away,
Kendall Owens,Presbyterian,1B,0.286,0.343,0.381,0.724,21,71,63,4,18,3,0,1,10,0,6,8,1,0,Big South,Away,
Araceli Pesqueira,Gardner-Webb,3B,0.283,0.353,0.391,0.744,17,52,46,7,13,5,0,0,2,4,1,6,1,0,Big South,Away,
Ashton VanHouse,Winthrop,CF,0.282,0.329,0.296,0.625,22,80,71,8,20,1,0,0,4,0,6,16,7,0,Big South,Away,
Emily Garcia,Gardner-Webb,RF,0.277,0.314,0.319,0.633,18,51,47,7,13,2,0,0,10,1,2,5,2,0,Big South,Away,
Cassie Norris,USC Upstate,1B,0.273,0.319,0.409,0.728,17,48,44,6,12,3,0,1,9,0,3,6,1,0,Big South,Away,
Amie Johnson,USC Upstate,LF,0.273,0.294,0.273,0.567,16,34,33,3,9,0,0,0,3,0,1,8,4,2,Big South,Away,
Gracie Prince,Charleston Southern,C,0.268,0.302,0.366,0.668,16,45,41,3,11,1,0,1,3,0,2,6,0,0,Big South,Away,
Kari Shedrick,Radford,1B,0.268,0.302,0.439,0.741,14,43,41,6,11,1,0,2,8,0,2,7,1,0,Big South,Away,
Emma Villaescusa,Charleston Southern,SS,0.261,0.393,0.348,0.741,12,28,23,4,6,2,0,0,0,2,3,9,2,0,Big South,Away,
Alanna Deal,USC Upstate,SS,0.256,0.439,0.302,0.741,17,59,43,9,11,2,0,0,6,6,8,4,1,1,Big South,Away,
Weslin Jones,Charleston Southern,CF,0.255,0.269,0.294,0.563,16,52,51,7,13,0,1,0,3,0,1,7,5,1,Big South,Away,
Lexie Roberts,Radford,CF,0.255,0.294,0.362,0.656,15,53,47,5,12,1,2,0,3,0,3,7,2,1,Big South,Away,
Ansley Lee,Winthrop,1B,0.254,0.347,0.365,0.712,24,72,63,3,16,1,0,2,7,5,4,14,0,0,Big South,Away,
Grayson Buckner,Winthrop,SS,0.254,0.286,0.328,0.614,22,70,67,10,17,2,0,1,6,0,3,11,4,0,Big South,Away,
Emily Vinson,Longwood,CF,0.25,0.339,0.288,0.627,19,60,52,6,13,2,0,0,5,2,5,10,1,3,Big South,Away,
Jailyn Tineo,Gardner-Webb,3B,0.25,0.419,0.333,0.753,17,62,48,8,12,1,0,1,5,3,11,8,0,0,Big South,Away,
Korynna Anderson,Longwood,3B,0.246,0.279,0.439,0.717,20,62,57,7,14,3,1,2,11,2,1,10,0,0,Big South,Away,
Emma Yanes,Presbyterian,SS,0.241,0.288,0.278,0.566,19,61,54,4,13,2,0,0,7,0,4,9,0,0,Big South,Away,
Mallory Fletcher,Presbyterian,RF,0.241,0.288,0.37,0.659,19,61,54,7,13,4,0,1,6,0,4,7,0,0,Big South,Away,
Kayley DeVivi,Longwood,RF,0.232,0.271,0.429,0.7,18,59,56,9,13,3,1,2,6,1,2,14,1,1,Big South,Away,
Ella Christopher,Gardner-Webb,SS,0.232,0.241,0.429,0.67,19,58,56,6,13,2,0,3,15,0,1,2,0,0,Big South,Away,
Kelby Goodrum,Presbyterian,3B,0.229,0.28,0.286,0.566,21,76,70,4,16,1,0,1,3,1,4,18,0,0,Big South,Away,
Madelyne Lee,Charleston Southern,2B,0.229,0.283,0.229,0.512,16,54,48,5,11,0,0,0,3,0,4,10,9,0,Big South,Away,
Megan Powell,Winthrop,DP,0.228,0.265,0.418,0.683,24,83,79,6,18,3,0,4,10,0,4,16,0,0,Big South,Away,
Avery Drake,Longwood,2B,0.227,0.277,0.273,0.549,18,47,44,4,10,0,1,0,1,1,2,3,0,0,Big South,Away,
Peyton Rivas,Winthrop,LF,0.222,0.271,0.222,0.493,20,49,45,5,10,0,0,0,1,0,3,15,6,1,Big South,Away,
Annicka McLaughlin,Gardner-Webb,2B,0.22,0.304,0.22,0.524,19,60,50,7,11,0,0,0,5,0,6,9,0,0,Big South,Away,
Taylor Dreher,Gardner-Webb,C,0.22,0.264,0.32,0.584,17,53,50,8,11,2,0,1,6,0,3,7,5,0,Big South,Away,
Sophia Knock,Longwood,1B,0.216,0.349,0.353,0.702,20,63,51,4,11,1,0,2,9,2,9,15,0,0,Big South,Away,
Celeste Delorenzo,USC Upstate,3B,0.213,0.373,0.213,0.586,17,61,47,4,10,0,0,0,9,3,9,6,0,0,Big South,Away,
Abby Polk,USC Upstate,2B,0.213,0.245,0.277,0.521,17,49,47,7,10,1,1,0,4,1,1,7,4,1,Big South,Away,
Taliyah Thomas,USC Upstate,RF,0.207,0.22,0.207,0.427,17,60,58,5,12,0,0,0,5,0,1,5,4,1,Big South,Away,
Reese Basinger,Winthrop,P,0.206,0.239,0.279,0.519,22,72,68,10,14,5,0,0,9,0,3,14,1,1,Big South,Away,
Paige Rivas,Winthrop,RF,0.197,0.282,0.237,0.519,24,85,76,12,15,0,0,1,5,1,8,14,10,2,Big South,Away,
Rachel Smith,Radford,SS,0.195,0.283,0.293,0.575,15,46,41,3,8,1,0,1,7,0,5,10,2,0,Big South,Away,
Maggie Hiatt,Longwood,C,0.184,0.225,0.316,0.541,16,42,38,1,7,2,0,1,8,1,1,12,0,0,Big South,Away,
Kasey Wolfe,Presbyterian,3B,0.182,0.309,0.255,0.563,20,69,55,5,10,1,0,1,7,0,11,8,1,0,Big South,Away,
Abby Bossler,Radford,RF,0.172,0.265,0.172,0.437,13,35,29,1,5,0,0,0,1,1,3,6,1,0,Big South,Away,
Avery Miller,Longwood,C,0.171,0.171,0.257,0.429,16,35,35,1,6,0,0,1,3,0,0,11,0,0,Big South,Away,
Charlee Yourman,Charleston Southern,3B,0.167,0.239,0.167,0.406,16,46,42,0,7,0,0,0,2,1,3,8,0,0,Big South,Away,
Harper Schoeneweis,Charleston Southern,1B,0.163,0.182,0.186,0.368,14,45,43,1,7,1,0,0,3,0,1,8,1,1,Big South,Away,
Emma Jackson,Winthrop,3B,0.152,0.286,0.217,0.503,18,57,46,6,7,3,0,0,6,0,9,11,1,0,Big South,Away,
Abby Wilson,Radford,C,0.143,0.25,0.19,0.44,15,50,42,4,6,2,0,0,1,3,3,5,0,0,Big South,Away,
Emily Smith,Radford,LF,0.143,0.231,0.143,0.374,15,40,35,2,5,0,0,0,0,1,3,10,0,1,Big South,Away,
Carson Shaw,USC Upstate,DP,0.132,0.233,0.158,0.39,16,43,38,1,5,1,0,0,1,1,4,8,0,0,Big South,Away,
Carsten Sandveg,Charleston Southern,DP,0.111,0.184,0.156,0.339,15,51,45,2,5,2,0,0,5,0,4,5,2,3,Big South,Away,
Amanda Lee,Radford,3B,0.091,0.143,0.091,0.234,13,37,33,2,3,0,0,0,0,0,2,8,3,0,Big South,Away,
Kyleigh Sand,Rutgers,SS,0.5,0.553,0.605,1.158,12,47,38,13,19,2,1,0,4,1,6,1,4,1,Big Ten,Home,0.134
Jena Young,Iowa,2B,0.486,0.581,0.686,1.267,12,44,35,8,17,3,2,0,1,1,7,1,1,0,Big Ten,Home,0.174
Morgan Smith,Rutgers,CF,0.485,0.6,1.364,1.964,12,45,33,17,16,6,1,7,18,1,10,3,4,0,Big Ten,Home,0.103
Kansas Robinson,Northwestern,2B,0.449,0.556,0.918,1.474,17,63,49,13,22,5,0,6,13,1,12,9,2,1,Big Ten,Home,0.124
Michaela Jones,Maryland,3B,0.443,0.514,0.738,1.252,22,72,61,17,27,7,1,3,16,3,7,9,0,0,Big Ten,Home,0.24
Taylor Krapf,Minnesota,C,0.432,0.523,0.703,1.225,12,44,37,5,16,7,0,1,10,2,5,1,0,1,Big Ten,Home,0.109
Soo-Jin Berry,Iowa,3B,0.429,0.409,0.571,0.981,6,22,21,5,9,1,1,0,6,0,0,1,0,0,Big Ten,Home,0.141
Jaeda McFarland,Maryland,CF,0.426,0.487,0.912,1.399,22,79,68,23,29,8,5,5,18,3,6,8,11,0,Big Ten,Home,0.133
Aly VanBrandt,Indiana,2B,0.423,0.5,0.462,0.962,20,61,52,14,22,2,0,0,4,0,8,3,6,1,Big Ten,Home,0.161
Ellie Sieler,Michigan,LF,0.421,0.507,0.684,1.192,18,69,57,18,24,3,0,4,6,1,9,1,2,0,Big Ten,Home,0.094
Maddie Lawson,Rutgers,2B,0.414,0.486,0.552,1.037,12,35,29,7,12,4,0,0,7,3,2,2,0,0,Big Ten,Home,0.253
Ava Kuszak,Wisconsin,SS,0.412,0.455,0.843,1.298,14,55,51,15,21,7,0,5,13,0,4,15,1,0,Big Ten,Home,0.152
Peyton Bannon,Wisconsin,CF,0.405,0.422,0.643,1.065,14,45,42,10,17,3,2,1,8,1,1,8,3,1,Big Ten,Home,0.2
Diamond Williams,Maryland,1B,0.403,0.442,0.778,1.219,22,77,72,15,29,4,1,7,18,0,5,13,1,0,Big Ten,Home,0.189
Khloe Banks,Purdue,RF,0.393,0.435,0.536,0.971,18,63,56,9,22,6,1,0,8,0,5,8,7,1,Big Ten,Home,0.116
Liana Jones,Penn State,CF,0.391,0.533,0.826,1.359,19,63,46,11,18,4,2,4,17,3,11,13,4,1,Big Ten,Home,0.211
Jess Oakland,Minnesota,SS,0.389,0.522,0.694,1.216,12,46,36,18,14,8,0,1,9,0,10,3,0,0,Big Ten,Home,-0.081
Sydney Strelow,Minnesota,2B,0.378,0.489,0.649,1.138,12,45,37,8,14,4,0,2,11,0,8,3,0,0,Big Ten,Home,0.07
Gaby Garcia,Penn State,C,0.377,0.433,0.774,1.207,17,60,53,11,20,3,0,6,23,0,6,11,0,0,Big Ten,Home,0.077
Mazie Macfarlane,Maryland,RF,0.377,0.467,0.656,1.122,22,75,61,16,23,5,0,4,15,1,11,5,4,1,Big Ten,Home,0.122
McKenzie Bump,Ohio State,3B,0.37,0.42,0.565,0.985,16,51,46,11,17,3,0,2,9,0,4,2,2,0,Big Ten,Home,0.07
Emily Maddock,Penn State,3B,0.367,0.433,0.483,0.916,19,70,60,13,22,5,1,0,4,1,6,2,1,1,Big Ten,Home,0.159
Kelsey Nader,Northwestern,RF,0.365,0.421,0.692,1.113,16,57,52,12,19,2,0,5,13,0,5,2,3,0,Big Ten,Home,-0.09
Morgan DeBord,Minnesota,CF,0.364,0.405,0.515,0.921,12,38,33,5,12,2,0,1,9,0,3,0,0,0,Big Ten,Home,0.091
Hannah Hawley,Michigan State,3B,0.364,0.522,0.606,1.128,12,46,33,9,12,2,0,2,4,4,8,4,0,1,Big Ten,Home,0.02
Adisyn Caryl,Illinois,3B,0.364,0.391,0.455,0.846,15,46,44,7,16,4,0,0,4,1,1,3,0,0,Big Ten,Home,0.02
Kami Kortokrax,Ohio State,SS,0.362,0.423,0.809,1.232,15,52,47,9,17,6,0,5,16,1,4,8,0,0,Big Ten,Home,0.068
Maddie Erickson,Michigan,3B,0.361,0.403,0.557,0.96,18,67,61,10,22,6,0,2,19,1,4,7,0,0,Big Ten,Home,0.039
Britain Beshears,Michigan State,1B,0.361,0.465,0.778,1.243,12,43,36,5,13,3,0,4,14,1,6,7,0,1,Big Ten,Home,0.144
Kelly Ryono,Illinois,RF,0.358,0.364,0.604,0.967,15,56,53,7,19,7,0,2,6,0,1,14,1,1,Big Ten,Home,-0.007
Megan Ward,Illinois,SS,0.356,0.362,0.378,0.739,15,48,45,5,16,1,0,0,5,1,0,4,0,1,Big Ten,Home,0.102
Jazzy Burns,Ohio State,C,0.354,0.446,0.521,0.967,16,57,48,6,17,2,0,2,8,0,8,11,0,0,Big Ten,Home,0.121
Alex Cooper,Indiana,3B,0.353,0.4,0.549,0.949,20,56,51,10,18,4,0,2,17,0,4,10,6,0,Big Ten,Home,0.135
Sydney Doloszycki,Michigan State,RF,0.351,0.4,0.757,1.157,12,44,37,9,13,0,3,3,8,0,3,7,1,0,Big Ten,Home,0.182
Brianna Copeland,Indiana,P,0.35,0.458,0.467,0.925,20,72,60,13,21,4,0,1,7,1,11,8,5,2,Big Ten,Home,0.039
Samantha Bland,Nebraska,LF,0.348,0.419,0.53,0.949,20,75,66,14,23,6,0,2,13,2,6,5,2,0,Big Ten,Home,0.083
Rylie Moss,Iowa,RF,0.344,0.333,0.344,0.677,9,33,32,3,11,0,0,0,2,0,0,5,0,0,Big Ten,Home,-0.046
Brooke Andrews,Nebraska,CF,0.343,0.421,0.463,0.884,21,78,67,17,23,8,0,0,10,0,9,12,2,0,Big Ten,Home,0.123
Nani Valencia,Minnesota,RF,0.343,0.375,0.457,0.832,12,40,35,5,12,1,0,1,7,0,3,6,0,0,Big Ten,Home,0.148
Billie Andrews,Nebraska,SS,0.342,0.435,0.699,1.134,21,85,73,22,25,5,0,7,25,2,10,9,5,0,Big Ten,Home,0.074
Sarah Stone,Indiana,1B,0.339,0.424,0.589,1.014,20,66,56,11,19,8,0,2,17,0,9,3,2,0,Big Ten,Home,0.036
Taylor Heckman,Ohio State,RF,0.333,0.451,0.595,1.046,15,53,42,9,14,2,0,3,9,1,8,11,0,0,Big Ten,Home,0.011
Ava Bredwell,Nebraska,C,0.333,0.457,0.667,1.124,20,70,57,13,19,5,1,4,13,1,12,9,0,1,Big Ten,Home,0.017
Kaitlyn Farley,Ohio State,2B,0.333,0.478,0.611,1.089,16,46,36,10,12,2,1,2,8,1,9,5,0,0,Big Ten,Home,0.027
Hilary Blomberg,Wisconsin,DP,0.333,0.362,0.556,0.917,14,47,45,4,15,4,0,2,9,0,2,8,0,0,Big Ten,Home,0
Sydney Lewis,Maryland,DP,0.328,0.37,0.563,0.932,22,73,64,5,21,6,0,3,21,2,4,13,0,0,Big Ten,Home,0.055
Katelyn Caneda,Nebraska,2B,0.327,0.418,0.364,0.782,21,67,55,13,18,2,0,0,10,1,9,6,0,1,Big Ten,Home,0.084
Ella McVey,Michigan,SS,0.326,0.383,0.349,0.732,18,51,43,7,14,1,0,0,5,1,3,3,1,0,Big Ten,Home,0.009
Kaitlyn Morrison,Penn State,SS,0.321,0.413,0.66,1.073,17,63,53,16,17,7,4,1,11,3,6,14,3,0,Big Ten,Home,-0.012
Brooke Benson,Indiana,SS,0.318,0.389,0.636,1.025,20,54,44,14,14,3,1,3,15,1,6,8,1,0,Big Ten,Home,0.056
Emma Raye,Northwestern,C,0.318,0.444,0.75,1.194,17,54,44,12,14,1,0,6,15,1,9,10,2,0,Big Ten,Home,0.151
Maddie Gordon,Penn State,2B,0.317,0.362,0.651,1.013,19,70,63,18,20,6,0,5,19,0,5,13,5,0,Big Ten,Home,-0.087
Ella Stephenson,Michigan,RF,0.315,0.373,0.556,0.928,18,60,54,9,17,3,2,2,13,0,5,7,0,0,Big Ten,Home,-0.03
Megan Mikami,Maryland,LF,0.314,0.4,0.471,0.871,22,80,70,18,22,3,4,0,3,4,6,6,7,2,Big Ten,Home,0.013
Ashlynn Campbell,Purdue,2B,0.313,0.404,0.333,0.737,18,58,48,3,15,1,0,0,4,0,8,8,2,0,Big Ten,Home,0.099
Taylor Minnick,Indiana,LF,0.306,0.403,0.597,1,20,72,62,12,19,3,0,5,13,2,8,4,1,0,Big Ten,Home,-0.055
Avery Parker,Indiana,C,0.298,0.365,0.719,1.084,20,63,57,15,17,3,0,7,21,4,2,1,2,1,Big Ten,Home,0.008
Emmy Wells,Wisconsin,C,0.297,0.449,0.73,1.179,14,50,37,6,11,1,0,5,11,1,10,10,0,0,Big Ten,Home,0.151
Indiana Langford,Michigan,2B,0.296,0.367,0.352,0.719,18,63,54,15,16,0,0,1,9,1,5,8,1,0,Big Ten,Home,0.014
Paige Berkmeyer,Illinois,C,0.293,0.388,0.537,0.924,15,49,41,4,12,1,0,3,10,1,6,9,0,0,Big Ten,Home,0.005
Tory Bennett,Iowa,2B,0.292,0.414,0.375,0.789,10,30,24,1,7,2,0,0,5,1,4,1,0,0,Big Ten,Home,-0.008
Kayla Chavez,Minnesota,3B,0.289,0.319,0.356,0.675,12,47,45,5,13,3,0,0,2,1,1,3,0,0,Big Ten,Home,-0.076
Sydney Malott,Illinois,2B,0.286,0.4,0.321,0.721,12,35,28,3,8,1,0,0,4,0,6,7,0,0,Big Ten,Home,-0.002
Keke Tholl,Michigan,1B,0.283,0.492,0.783,1.275,18,65,46,8,13,2,0,7,15,2,17,2,0,0,Big Ten,Home,-0.025
Katie Wingert,Rutgers,C,0.278,0.395,0.722,1.118,12,44,36,8,10,1,0,5,12,1,6,6,0,0,Big Ten,Home,0.059
Payton Lincavage,Rutgers,3B,0.278,0.395,0.722,1.118,12,43,36,9,10,2,1,4,8,1,6,8,2,0,Big Ten,Home,0.013
Alexis Ross,Michigan State,CF,0.276,0.364,0.345,0.708,12,34,29,5,8,0,1,0,3,0,4,2,6,1,Big Ten,Home,0.086
Delanie Cox,Minnesota,1B,0.273,0.351,0.424,0.776,12,38,33,7,9,3,1,0,5,0,4,6,1,0,Big Ten,Home,-0.074
Stevie Meade,Illinois,LF,0.268,0.375,0.39,0.765,15,54,41,5,11,2,0,1,4,1,6,7,1,0,Big Ten,Home,-0.099
Delaney Reefe,Maryland,C,0.267,0.286,0.378,0.663,19,49,45,3,12,2,0,1,10,0,2,11,0,1,Big Ten,Home,0.113
Ainsley Muno,Northwestern,1B,0.267,0.45,0.5,0.95,17,44,30,5,8,1,0,2,8,6,4,5,0,0,Big Ten,Home,-0.011
Bridget Donahey,Northwestern,SS,0.263,0.472,0.553,1.024,17,53,38,13,10,2,0,3,4,4,11,17,3,1,Big Ten,Home,0.034
Hannah Church,Ohio State,C,0.261,0.452,0.522,0.973,12,31,23,4,6,1,1,1,8,0,8,7,0,0,Big Ten,Home,0.036
Abby Ryniec,Illinois,DP,0.257,0.366,0.314,0.68,15,41,35,0,9,0,1,0,2,2,4,4,0,0,Big Ten,Home,-0.076
Alivia Bark,Wisconsin,LF,0.257,0.333,0.343,0.676,14,45,35,6,9,3,0,0,5,0,5,6,2,0,Big Ten,Home,0.032
Kirsten Eppele,Ohio State,CF,0.256,0.326,0.513,0.838,15,43,39,8,10,2,1,2,11,0,4,11,0,0,Big Ten,Home,0.006
Macy Lee,Michigan State,C,0.256,0.318,0.282,0.6,12,44,39,3,10,1,0,0,6,0,4,7,0,0,Big Ten,Home,0.01
Haylie Brunson,Penn State,RF,0.255,0.364,0.436,0.8,19,67,55,13,14,2,1,2,10,1,9,10,0,0,Big Ten,Home,0.101
Lilly Vallimont,Michigan,C,0.255,0.344,0.436,0.78,18,64,55,7,14,4,0,2,12,1,7,8,0,0,Big Ten,Home,0.059
Moriah Polar,Purdue,LF,0.255,0.371,0.431,0.802,18,63,51,10,13,1,4,0,7,1,9,12,4,1,Big Ten,Home,-0.056
Cora Bassett,Indiana,RF,0.25,0.403,0.538,0.941,20,67,52,14,13,3,0,4,12,6,8,4,6,2,Big Ten,Home,0.028
LA Matthews,Rutgers,1B,0.25,0.289,0.472,0.762,12,43,36,6,9,1,2,1,7,0,2,5,0,0,Big Ten,Home,-0.059
Ayana Lindsey,Northwestern,CF,0.25,0.391,0.333,0.725,17,47,36,10,9,3,0,0,9,1,8,10,3,0,Big Ten,Home,-0.023
Bella Bacon,Nebraska,1B,0.25,0.35,0.288,0.638,18,60,52,7,13,2,0,0,4,4,4,6,0,0,Big Ten,Home,-0.029
Jenissa Conway,Michigan,CF,0.25,0.393,0.5,0.893,18,62,48,14,12,3,0,3,6,1,11,9,5,0,Big Ten,Home,-0.005
Tegan Cortelletti,Ohio State,LF,0.241,0.281,0.315,0.596,16,59,54,10,13,4,0,0,5,0,3,5,2,1,Big Ten,Home,-0.207
Kayla Bock,Rutgers,DP,0.241,0.353,0.414,0.767,12,34,29,6,7,2,0,1,5,1,4,4,0,0,Big Ten,Home,0.001
Fiona Girardot,Wisconsin,1B,0.238,0.373,0.357,0.73,14,51,42,7,10,0,1,1,5,3,6,5,0,0,Big Ten,Home,-0.032
Caitlynn Neal,Nebraska,RF,0.237,0.237,0.368,0.605,17,40,38,8,9,2,0,1,7,0,0,5,0,0,Big Ten,Home,0.011
Angela Zedak,Northwestern,LF,0.236,0.288,0.327,0.615,17,60,55,8,13,2,0,1,7,0,4,12,1,0,Big Ten,Home,-0.145
Sage Scarmardo,Purdue,3B,0.229,0.327,0.229,0.556,18,56,48,7,11,0,0,0,8,4,3,13,2,0,Big Ten,Home,-0.042
Eileen Donahue,Illinois,1B,0.226,0.235,0.355,0.59,14,34,31,4,7,1,0,1,6,0,1,2,0,0,Big Ten,Home,0.063
Brooke Kuffel,Wisconsin,RF,0.222,0.286,0.389,0.675,14,42,36,5,8,0,0,2,7,1,3,9,0,0,Big Ten,Home,-0.04
Sammi Woods,Maryland,SS,0.22,0.281,0.271,0.552,21,64,59,4,13,3,0,0,7,1,4,5,1,1,Big Ten,Home,0.053
Serena Starks,Illinois,CF,0.219,0.242,0.313,0.555,13,33,32,8,7,1,1,0,0,0,1,1,2,0,Big Ten,Home,-0.036
Breezy Burnett,Minnesota,LF,0.208,0.269,0.25,0.519,12,28,24,5,5,1,0,0,2,1,1,3,2,0,Big Ten,Home,0.071
Ellie Hubbard,Wisconsin,2B,0.207,0.281,0.345,0.626,14,38,29,4,6,2,1,0,4,0,3,10,0,0,Big Ten,Home,-0.05
Gianna Poletti,Penn State,1B,0.2,0.333,0.257,0.59,18,45,35,7,7,2,0,0,6,0,7,8,0,1,Big Ten,Home,0.071
Jenae Wash,Michigan State,LF,0.194,0.316,0.387,0.703,12,39,31,5,6,0,0,2,6,5,1,12,0,0,Big Ten,Home,-0.023
Sam Hackenbracht,Ohio State,1B,0.194,0.341,0.472,0.813,15,44,36,11,7,1,0,3,8,2,6,1,0,0,Big Ten,Home,-0.036
Addison Leschber,Minnesota,RF,0.194,0.342,0.258,0.6,11,38,31,2,6,2,0,0,1,3,4,4,0,0,Big Ten,Home,-0.01
Destinee Noury,Ohio State,1B,0.192,0.276,0.462,0.737,12,29,26,2,5,1,0,2,4,2,1,11,0,0,Big Ten,Home,-0.035
Leilani Chavez,Rutgers,RF,0.192,0.3,0.308,0.608,11,31,26,5,5,3,0,0,0,0,4,4,0,0,Big Ten,Home,-0.081
Tyrina Jones,Purdue,SS,0.191,0.269,0.468,0.737,17,52,47,6,9,2,1,3,8,0,5,13,2,0,Big Ten,Home,-0.08
Sydney Gray,Nebraska,3B,0.177,0.301,0.306,0.608,21,74,62,6,11,2,0,2,6,0,11,8,0,2,Big Ten,Home,-0.263
Isabel Cunnea,Northwestern,DP,0.171,0.216,0.371,0.588,16,38,35,4,6,1,0,2,5,1,1,9,0,0,Big Ten,Home,-0.062
Hannah Cady,Northwestern,3B,0.156,0.345,0.378,0.723,17,58,45,10,7,1,0,3,10,6,7,11,2,0,Big Ten,Home,-0.094
Grace Banes,Iowa,CF,0.152,0.3,0.242,0.542,12,41,33,6,5,0,0,1,1,3,4,2,0,0,Big Ten,Home,-0.141
Kiara Dillon,Purdue,CF,0.143,0.294,0.214,0.508,16,36,28,6,4,0,1,0,1,1,5,10,4,1,Big Ten,Home,-0.082
Sammy Diaz,Iowa,1B,0.139,0.179,0.139,0.318,12,39,36,0,5,0,0,0,6,0,2,3,0,0,Big Ten,Home,-0.083
Jillian Anderson,Rutgers,LF,0.125,0.176,0.25,0.426,12,35,32,2,4,1,0,1,3,1,1,8,0,0,Big Ten,Home,-0.222
Collette Allen,Michigan State,2B,0.118,0.318,0.176,0.495,10,24,17,2,2,1,0,0,0,2,3,8,1,0,Big Ten,Home,-0.028
Maddy Ehlke,Minnesota,DP,0,0.077,0,0.077,10,13,12,0,0,0,0,0,1,0,1,2,0,0,Big Ten,Home,-0.156
Jess Oakland,Minnesota,SS,0.47,0.576,1.121,1.698,20,85,66,29,31,7,0,12,25,0,18,7,2,1,Big Ten,Away,
Kelsey Nader,Northwestern,RF,0.455,0.5,0.614,1.114,13,51,44,13,20,4,0,1,11,0,5,2,3,1,Big Ten,Away,
Tegan Cortelletti,Ohio State,LF,0.448,0.479,0.507,0.986,18,72,67,12,30,0,2,0,6,2,2,4,7,2,Big Ten,Away,
Sydney Gray,Nebraska,3B,0.44,0.463,0.76,1.223,14,54,50,11,22,4,0,4,19,0,3,6,1,0,Big Ten,Away,
Maddie Gordon,Penn State,2B,0.404,0.426,0.754,1.181,18,61,57,14,23,5,0,5,13,0,3,10,2,1,Big Ten,Away,
Rylie Moss,Iowa,RF,0.39,0.438,0.407,0.844,18,66,59,11,23,1,0,0,4,0,5,8,4,0,Big Ten,Away,
Morgan Smith,Rutgers,CF,0.382,0.462,0.816,1.277,24,92,76,18,29,5,2,8,29,0,13,6,2,0,Big Ten,Away,
Angela Zedak,Northwestern,LF,0.381,0.449,0.929,1.378,13,50,42,11,16,2,0,7,15,0,6,7,3,0,Big Ten,Away,
Stevie Meade,Illinois,LF,0.367,0.473,0.583,1.056,20,77,60,17,22,4,0,3,8,3,10,3,1,1,Big Ten,Away,
Kyleigh Sand,Rutgers,SS,0.366,0.454,0.439,0.893,24,98,82,26,30,1,1,1,8,0,14,7,2,1,Big Ten,Away,
Kelly Ryono,Illinois,RF,0.365,0.427,0.703,1.13,20,82,74,17,27,5,1,6,18,0,8,9,5,2,Big Ten,Away,
Kayla Chavez,Minnesota,3B,0.365,0.427,0.608,1.035,20,83,74,18,27,4,1,4,17,1,7,9,0,0,Big Ten,Away,
Taylor Minnick,Indiana,LF,0.361,0.519,0.689,1.207,21,83,61,14,22,8,0,4,18,1,19,6,2,1,Big Ten,Away,
Delanie Cox,Minnesota,1B,0.347,0.484,0.429,0.912,19,64,49,8,17,4,0,0,6,1,12,5,0,0,Big Ten,Away,
Jillian Anderson,Rutgers,LF,0.347,0.443,0.367,0.81,23,64,49,14,17,1,0,0,3,0,10,7,1,0,Big Ten,Away,
Ella Stephenson,Michigan,RF,0.345,0.368,0.527,0.896,17,57,55,11,19,8,1,0,15,0,2,5,0,0,Big Ten,Away,
Hannah Hawley,Michigan State,3B,0.344,0.44,0.719,1.159,21,75,64,10,22,3,0,7,12,1,10,12,2,1,Big Ten,Away,
Adisyn Caryl,Illinois,3B,0.344,0.423,0.443,0.865,20,73,61,9,21,3,0,1,14,4,5,6,0,2,Big Ten,Away,
Kaitlyn Morrison,Penn State,SS,0.333,0.373,0.611,0.984,18,60,54,10,18,5,2,2,6,1,3,9,0,0,Big Ten,Away,
Abby Ryniec,Illinois,DP,0.333,0.446,0.463,0.909,20,66,54,6,18,4,0,1,11,1,10,15,0,0,Big Ten,Away,
Hilary Blomberg,Wisconsin,DP,0.333,0.396,0.69,1.086,16,49,42,3,14,6,0,3,13,2,3,3,0,0,Big Ten,Away,
Ellie Sieler,Michigan,LF,0.327,0.41,0.558,0.968,17,66,52,12,17,4,1,2,9,1,7,3,1,0,Big Ten,Away,
Kansas Robinson,Northwestern,2B,0.325,0.481,0.575,1.056,13,52,40,10,13,2,1,2,7,1,11,2,3,0,Big Ten,Away,
Taylor Krapf,Minnesota,C,0.323,0.438,0.726,1.163,20,80,62,14,20,4,0,7,26,5,10,4,0,0,Big Ten,Away,
Taylor Heckman,Ohio State,RF,0.322,0.425,0.424,0.848,20,78,59,10,19,3,0,1,13,0,12,8,1,0,Big Ten,Away,
Maddie Erickson,Michigan,3B,0.322,0.344,0.661,1.005,17,61,59,8,19,5,0,5,14,0,2,3,0,0,Big Ten,Away,
Ella McVey,Michigan,SS,0.317,0.391,0.341,0.733,17,48,41,6,13,1,0,0,5,1,4,4,0,0,Big Ten,Away,
Ava Bredwell,Nebraska,C,0.316,0.435,0.553,0.987,13,47,38,6,12,4,1,1,4,6,2,7,0,0,Big Ten,Away,
Jena Young,Iowa,2B,0.312,0.369,0.532,0.902,22,88,77,13,24,3,1,4,12,0,7,4,3,1,Big Ten,Away,
Brianna Copeland,Indiana,P,0.311,0.398,0.473,0.871,21,88,74,20,23,3,0,3,13,3,9,10,3,1,Big Ten,Away,
Moriah Polar,Purdue,LF,0.311,0.4,0.41,0.81,18,70,61,9,19,2,2,0,5,0,9,16,6,2,Big Ten,Away,
LA Matthews,Rutgers,1B,0.309,0.364,0.432,0.796,24,90,81,13,25,8,1,0,16,0,7,7,0,0,Big Ten,Away,
Sydney Strelow,Minnesota,2B,0.308,0.425,0.508,0.933,20,80,65,15,20,5,1,2,15,1,13,10,0,0,Big Ten,Away,
Keke Tholl,Michigan,1B,0.308,0.373,0.731,1.104,17,59,52,10,16,1,0,7,15,1,5,8,0,1,Big Ten,Away,
Kaitlyn Farley,Ohio State,2B,0.306,0.411,0.323,0.734,21,73,62,11,19,1,0,0,7,1,10,11,0,0,Big Ten,Away,
Sarah Stone,Indiana,1B,0.303,0.41,0.439,0.85,21,79,66,9,20,0,0,3,15,2,10,4,1,0,Big Ten,Away,
Megan Mikami,Maryland,LF,0.301,0.363,0.315,0.678,21,82,73,9,22,1,0,0,3,5,2,11,8,1,Big Ten,Away,
Gaby Garcia,Penn State,C,0.3,0.386,0.58,0.966,18,58,50,8,15,2,0,4,8,4,3,4,0,0,Big Ten,Away,
McKenzie Bump,Ohio State,3B,0.3,0.417,0.433,0.85,21,73,60,16,18,2,0,2,9,7,5,11,3,0,Big Ten,Away,
Tory Bennett,Iowa,2B,0.3,0.377,0.333,0.71,20,70,60,8,18,2,0,0,5,2,6,4,1,1,Big Ten,Away,
Kami Kortokrax,Ohio State,SS,0.294,0.377,0.529,0.906,21,77,68,15,20,4,0,4,16,0,9,6,0,0,Big Ten,Away,
Grace Banes,Iowa,CF,0.293,0.365,0.44,0.805,22,85,75,14,22,5,0,2,13,3,6,8,1,1,Big Ten,Away,
Jaeda McFarland,Maryland,CF,0.293,0.333,0.413,0.747,21,81,75,12,22,2,2,1,13,3,2,13,6,2,Big Ten,Away,
Avery Parker,Indiana,C,0.29,0.372,0.464,0.836,21,78,69,9,20,3,0,3,14,2,7,10,0,2,Big Ten,Away,
Paige Berkmeyer,Illinois,C,0.288,0.417,0.492,0.908,20,73,59,8,17,3,0,3,16,4,9,5,2,0,Big Ten,Away,
Sydney Malott,Illinois,2B,0.288,0.415,0.327,0.742,20,68,52,8,15,2,0,0,6,1,11,12,0,0,Big Ten,Away,
Soo-Jin Berry,Iowa,3B,0.288,0.344,0.424,0.767,18,64,59,9,17,5,0,1,10,1,4,6,2,1,Big Ten,Away,
Indiana Langford,Michigan,2B,0.282,0.391,0.282,0.673,14,47,39,8,11,0,0,0,2,1,6,5,4,2,Big Ten,Away,
Bella Bacon,Nebraska,1B,0.279,0.333,0.302,0.636,14,49,43,5,12,1,0,0,4,4,0,2,0,0,Big Ten,Away,
Ainsley Muno,Northwestern,1B,0.278,0.297,0.389,0.686,13,38,36,2,10,1,0,1,3,1,0,11,0,0,Big Ten,Away,
Khloe Banks,Purdue,RF,0.277,0.414,0.277,0.69,17,60,47,10,13,0,0,0,4,0,11,9,9,3,Big Ten,Away,
Morgan DeBord,Minnesota,CF,0.273,0.355,0.418,0.773,20,71,55,15,15,5,0,1,11,1,6,9,1,0,Big Ten,Away,
Leilani Chavez,Rutgers,RF,0.273,0.314,0.273,0.587,24,70,66,8,18,0,0,0,4,1,3,8,2,1,Big Ten,Away,
Ayana Lindsey,Northwestern,CF,0.273,0.4,0.424,0.824,13,40,33,6,9,1,2,0,2,2,5,3,0,1,Big Ten,Away,
Sydney Lewis,Maryland,DP,0.273,0.351,0.348,0.7,21,74,66,2,18,2,0,1,13,2,6,9,0,0,Big Ten,Away,
Tyrina Jones,Purdue,SS,0.271,0.338,0.424,0.762,18,65,59,8,16,2,2,1,6,2,4,8,3,0,Big Ten,Away,
Sage Scarmardo,Purdue,3B,0.271,0.453,0.292,0.745,18,66,48,10,13,1,0,0,7,7,9,6,2,0,Big Ten,Away,
Fiona Girardot,Wisconsin,1B,0.27,0.44,0.459,0.899,17,52,37,4,10,4,0,1,5,5,7,6,0,0,Big Ten,Away,
Billie Andrews,Nebraska,SS,0.268,0.412,0.39,0.802,12,51,41,13,11,0,1,1,5,0,10,7,3,1,Big Ten,Away,
Payton Lincavage,Rutgers,3B,0.265,0.361,0.426,0.788,23,83,68,15,18,3,1,2,11,5,7,5,3,2,Big Ten,Away,
Samantha Bland,Nebraska,LF,0.265,0.357,0.449,0.806,14,56,49,8,13,3,0,2,9,0,7,4,2,0,Big Ten,Away,
Brooke Benson,Indiana,SS,0.262,0.318,0.344,0.662,21,70,61,15,16,5,0,0,4,2,3,7,3,2,Big Ten,Away,
Brooke Kuffel,Wisconsin,RF,0.262,0.34,0.5,0.84,17,47,42,6,11,1,0,3,9,3,2,10,0,0,Big Ten,Away,
Aly VanBrandt,Indiana,2B,0.262,0.29,0.277,0.567,20,71,65,7,17,1,0,0,7,0,3,3,1,2,Big Ten,Away,
Ava Kuszak,Wisconsin,SS,0.26,0.351,0.5,0.851,17,57,50,9,13,4,1,2,7,1,6,10,2,0,Big Ten,Away,
Ellie Hubbard,Wisconsin,2B,0.257,0.297,0.343,0.64,14,38,35,3,9,3,0,0,1,0,2,9,0,0,Big Ten,Away,
Mazie Macfarlane,Maryland,RF,0.255,0.388,0.327,0.715,20,68,55,7,14,1,0,1,6,0,12,15,1,2,Big Ten,Away,
Serena Starks,Illinois,CF,0.255,0.314,0.277,0.59,19,54,47,11,12,1,0,0,3,0,4,10,0,0,Big Ten,Away,
Jenissa Conway,Michigan,CF,0.255,0.39,0.681,1.071,17,59,47,18,12,1,2,5,11,0,11,16,3,1,Big Ten,Away,
Megan Ward,Illinois,SS,0.254,0.288,0.286,0.574,20,70,63,10,16,2,0,0,5,0,3,10,0,0,Big Ten,Away,
Hannah Cady,Northwestern,3B,0.25,0.347,0.3,0.647,13,49,40,4,10,2,0,0,5,2,5,7,0,0,Big Ten,Away,
Kirsten Eppele,Ohio State,CF,0.25,0.338,0.589,0.928,19,66,56,14,14,2,1,5,12,1,7,12,2,1,Big Ten,Away,
Macy Lee,Michigan State,C,0.246,0.317,0.263,0.581,20,63,57,2,14,1,0,0,4,1,5,11,0,0,Big Ten,Away,
Katelyn Caneda,Nebraska,2B,0.243,0.317,0.378,0.695,14,44,37,4,9,2,0,1,5,0,4,8,0,0,Big Ten,Away,
Kayla Bock,Rutgers,DP,0.24,0.296,0.4,0.696,23,54,50,7,12,2,0,2,9,2,2,11,0,0,Big Ten,Away,
Jazzy Burns,Ohio State,C,0.233,0.288,0.466,0.753,21,80,73,8,17,2,0,5,16,3,3,16,0,0,Big Ten,Away,
Isabel Cunnea,Northwestern,DP,0.233,0.343,0.467,0.81,13,35,30,5,7,1,0,2,5,3,2,6,0,0,Big Ten,Away,
Sam Hackenbracht,Ohio State,1B,0.23,0.242,0.525,0.767,21,62,61,8,14,1,1,5,15,0,1,15,0,0,Big Ten,Away,
Bridget Donahey,Northwestern,SS,0.229,0.325,0.486,0.811,13,43,35,5,8,1,1,2,8,1,4,7,1,0,Big Ten,Away,
Destinee Noury,Ohio State,1B,0.227,0.37,0.386,0.757,17,55,44,6,10,1,0,2,5,1,9,15,0,0,Big Ten,Away,
Caitlynn Neal,Nebraska,RF,0.226,0.333,0.355,0.688,12,37,31,7,7,1,0,1,5,3,2,1,0,0,Big Ten,Away,
Kiara Dillon,Purdue,CF,0.225,0.326,0.225,0.551,18,49,40,5,9,0,0,0,1,1,5,13,4,1,Big Ten,Away,
Hannah Church,Ohio State,C,0.225,0.311,0.45,0.761,16,45,40,5,9,3,0,2,9,1,4,9,0,0,Big Ten,Away,
Alivia Bark,Wisconsin,LF,0.225,0.273,0.275,0.548,15,45,40,7,9,2,0,0,3,0,3,5,0,0,Big Ten,Away,
Cora Bassett,Indiana,RF,0.222,0.333,0.403,0.736,21,84,72,12,16,1,0,4,10,0,12,4,3,2,Big Ten,Away,
Sammy Diaz,Iowa,1B,0.222,0.282,0.236,0.518,22,80,72,4,16,1,0,0,8,0,6,17,1,0,Big Ten,Away,
Brooke Andrews,Nebraska,CF,0.22,0.283,0.341,0.624,13,48,41,10,9,2,0,1,9,1,3,10,0,0,Big Ten,Away,
Katie Wingert,Rutgers,C,0.219,0.363,0.359,0.722,24,83,64,5,14,6,0,1,11,4,11,17,0,0,Big Ten,Away,
Alex Cooper,Indiana,3B,0.218,0.368,0.291,0.659,20,68,55,11,12,2,1,0,7,1,12,15,3,1,Big Ten,Away,
Jenae Wash,Michigan State,LF,0.217,0.345,0.283,0.628,19,55,46,5,10,3,0,0,3,4,5,13,0,0,Big Ten,Away,
Britain Beshears,Michigan State,1B,0.217,0.273,0.433,0.706,21,66,60,5,13,1,0,4,10,1,4,10,1,0,Big Ten,Away,
Diamond Williams,Maryland,1B,0.214,0.295,0.414,0.709,21,78,70,8,15,2,0,4,11,0,8,16,0,0,Big Ten,Away,
Ashlynn Campbell,Purdue,2B,0.214,0.279,0.214,0.493,18,61,56,8,12,0,0,0,5,0,5,12,1,0,Big Ten,Away,
Emily Maddock,Penn State,3B,0.208,0.218,0.264,0.482,18,57,53,1,11,3,0,0,1,1,0,3,0,0,Big Ten,Away,
Peyton Bannon,Wisconsin,CF,0.205,0.262,0.282,0.544,17,46,39,2,8,3,0,0,1,1,2,7,7,1,Big Ten,Away,
Addison Leschber,Minnesota,RF,0.204,0.278,0.49,0.768,18,54,49,5,10,5,0,3,8,0,5,7,1,2,Big Ten,Away,
Michaela Jones,Maryland,3B,0.203,0.299,0.339,0.637,21,69,59,8,12,2,0,2,6,3,5,9,1,0,Big Ten,Away,
Lilly Vallimont,Michigan,C,0.196,0.309,0.37,0.679,17,55,46,8,9,2,0,2,9,1,7,4,0,0,Big Ten,Away,
Nani Valencia,Minnesota,RF,0.195,0.283,0.293,0.575,17,46,41,6,8,1,0,1,4,0,5,8,0,0,Big Ten,Away,
Alexis Ross,Michigan State,CF,0.19,0.217,0.19,0.406,21,61,58,2,11,0,0,0,1,0,2,13,6,1,Big Ten,Away,
Liana Jones,Penn State,CF,0.18,0.236,0.34,0.576,18,57,50,5,9,5,0,1,6,0,4,12,1,1,Big Ten,Away,
Sydney Doloszycki,Michigan State,RF,0.169,0.197,0.237,0.434,20,61,59,3,10,1,0,1,3,0,2,14,1,0,Big Ten,Away,
Sammi Woods,Maryland,SS,0.167,0.224,0.185,0.409,20,60,54,7,9,1,0,0,3,1,3,11,0,0,Big Ten,Away,
Emma Raye,Northwestern,C,0.167,0.239,0.333,0.572,13,46,42,5,7,1,0,2,5,2,2,13,0,0,Big Ten,Away,
Eileen Donahue,Illinois,1B,0.163,0.294,0.163,0.457,17,53,43,4,7,0,0,0,1,2,6,8,0,0,Big Ten,Away,
Maddie Lawson,Rutgers,2B,0.161,0.27,0.161,0.432,24,75,62,11,10,0,0,0,7,7,3,7,2,0,Big Ten,Away,
Maddy Ehlke,Minnesota,DP,0.156,0.309,0.156,0.465,20,55,45,4,7,0,0,0,6,2,8,11,0,0,Big Ten,Away,
Haylie Brunson,Penn State,RF,0.154,0.214,0.269,0.484,18,56,52,3,8,3,0,1,6,1,3,11,1,0,Big Ten,Away,
Delaney Reefe,Maryland,C,0.154,0.254,0.269,0.523,20,59,52,2,8,3,0,1,7,1,6,6,0,0,Big Ten,Away,
Emmy Wells,Wisconsin,C,0.146,0.222,0.396,0.618,17,55,48,5,7,0,0,4,9,0,5,13,0,0,Big Ten,Away,
Collette Allen,Michigan State,2B,0.146,0.241,0.188,0.428,20,55,48,5,7,2,0,0,1,0,6,19,0,0,Big Ten,Away,
Breezy Burnett,Minnesota,LF,0.137,0.237,0.216,0.453,20,60,51,10,7,1,0,1,7,1,6,16,4,0,Big Ten,Away,
Gianna Poletti,Penn State,1B,0.129,0.156,0.161,0.318,14,34,31,2,4,1,0,0,2,0,1,12,0,0,Big Ten,Away,
Megan Delgadillo,Cal State Fullerton,CF,0.44,0.48,0.571,1.051,28,100,91,25,40,6,3,0,9,1,6,4,26,3,Big West,Home,0.068
Kika Ramirez,Cal State Fullerton,1B,0.426,0.5,0.553,1.053,28,56,47,3,20,0,0,2,10,3,5,3,0,0,Big West,Home,0.247
Madelyn McNally,UC Santa Barbara,SS,0.415,0.43,0.476,0.906,24,88,82,19,34,5,0,0,8,1,2,5,7,0,Big West,Home,-0.003
Jessica Clements,Cal Poly,CF,0.409,0.509,0.614,1.123,14,55,44,12,18,1,1,2,5,1,8,0,4,1,Big West,Home,-0.057
Peyton Toto,Cal State Fullerton,1B,0.4,0.449,0.486,0.934,28,80,70,8,28,4,1,0,13,4,3,7,9,1,Big West,Home,0.032
Lulu Sanchez,Cal State Northridge,CF,0.393,0.439,0.492,0.931,20,66,61,7,24,1,1,1,9,2,3,5,0,0,Big West,Home,0.083
Mikayla Carman,Cal State Northridge,LF,0.386,0.443,0.486,0.929,22,79,70,14,27,5,1,0,9,3,5,8,1,1,Big West,Home,-0.035
Jocylyn Vidal,Long Beach State,DP,0.383,0.517,0.574,1.091,21,61,47,6,18,6,0,1,9,2,11,5,0,0,Big West,Home,0.11
Elicia Acosta,UC Santa Barbara,C,0.369,0.431,0.554,0.984,24,72,65,7,24,2,2,2,16,2,5,14,0,0,Big West,Home,0.113
Kat Montuya,UC Riverside,SS,0.363,0.435,0.688,1.122,27,95,80,16,29,9,1,5,15,3,8,6,7,0,Big West,Home,0.013
Shaylan Whatman,Cal State Northridge,3B,0.362,0.476,0.565,1.041,23,85,69,21,25,4,2,2,8,8,7,14,2,2,Big West,Home,0.053
Nadia Witt,UC Riverside,LF,0.36,0.424,0.528,0.952,27,99,89,21,32,7,1,2,11,0,10,9,11,0,Big West,Home,-0.065
Makayla Medellin,Long Beach State,CF,0.357,0.403,0.457,0.86,22,77,70,18,25,5,1,0,7,2,4,4,2,1,Big West,Home,-0.154
Haley Johnson,Hawaii,DH,0.354,0.42,0.468,0.889,27,88,79,7,28,4,1,1,9,1,8,21,2,0,Big West,Home,0.125
Anna Dethlefson,UC Davis,RF,0.344,0.4,0.489,0.889,30,101,90,22,31,2,1,3,11,0,9,1,23,3,Big West,Home,0.11
Jazzy Santos,UC Santa Barbara,2B,0.342,0.407,0.447,0.854,24,86,76,16,26,2,0,2,13,2,7,11,3,0,Big West,Home,0.106
Juju Sargent,Cal Poly,RF,0.341,0.412,0.341,0.753,14,54,44,10,15,0,0,0,3,0,6,2,0,1,Big West,Home,0.041
Bailey Wallace,Cal State Fullerton,LF,0.338,0.388,0.403,0.791,28,89,77,11,26,5,0,0,12,1,6,20,4,1,Big West,Home,0.03
Leah Polson,UC Davis,CF,0.333,0.424,0.405,0.829,30,100,84,16,28,2,2,0,11,1,13,11,4,1,Big West,Home,0.044
Kiara Blanchard,Cal Poly,LF,0.333,0.44,0.405,0.845,14,52,42,4,14,3,0,0,8,0,8,1,1,0,Big West,Home,0.102
Brooklyn Lee,UC San Diego,C,0.333,0.4,0.386,0.786,23,65,57,0,19,3,0,0,11,2,5,8,0,0,Big West,Home,0.095
Jackie Alday,UC Riverside,C,0.327,0.371,0.423,0.794,19,62,52,6,17,3,1,0,5,0,6,7,1,0,Big West,Home,0.156
Bella Pahulu,UC Davis,3B,0.323,0.434,0.419,0.854,26,77,62,3,20,3,0,1,10,2,11,8,0,0,Big West,Home,0.05
Dallas Millwood,Hawaii,1B,0.319,0.388,0.435,0.822,27,80,69,7,22,2,0,2,15,4,5,17,1,0,Big West,Home,0.191
Deena Pederson,UC San Diego,2B,0.319,0.383,0.403,0.785,25,84,72,9,23,3,0,1,8,2,6,8,13,2,Big West,Home,0.079
Karissa Munsey,CSU Bakersfield,DP,0.316,0.316,0.368,0.684,21,57,57,0,18,3,0,0,6,0,0,9,0,0,Big West,Home,0.112
Alexis Chavez,Cal State Northridge,1B,0.311,0.34,0.333,0.674,16,49,45,5,14,1,0,0,4,1,1,2,2,0,Big West,Home,0.171
Ka'ena Keliinoi,Hawaii,3B,0.308,0.372,0.423,0.795,27,92,78,13,24,3,0,2,10,3,5,6,1,1,Big West,Home,0.004
Sara Olson,Long Beach State,LF,0.308,0.41,0.431,0.841,22,78,65,18,20,6,1,0,4,0,12,4,4,1,Big West,Home,0.083
Izabella Martinez,Hawaii,C,0.307,0.416,0.347,0.762,27,90,75,5,23,3,0,0,13,2,12,10,0,0,Big West,Home,-0.019
Ainsley Waddell,UC Santa Barbara,DP,0.306,0.351,0.583,0.934,24,78,72,15,22,6,1,4,17,0,5,14,0,1,Big West,Home,-0.047
Hannah Becerra,Cal State Fullerton,3B,0.301,0.414,0.507,0.921,27,88,73,16,22,3,0,4,23,1,13,16,3,2,Big West,Home,-0.014
Logan-Ray Gaspar,CSU Bakersfield,SS,0.3,0.379,0.4,0.779,19,58,50,9,15,2,0,1,6,3,4,7,0,1,Big West,Home,0.002
Mya'liah Bethea,Hawaii,LF,0.299,0.356,0.672,1.028,27,77,67,19,20,1,0,8,15,0,6,16,2,0,Big West,Home,0.208
Mia Perez,Cal Poly,DP,0.297,0.395,0.351,0.747,14,46,37,2,11,2,0,0,6,1,5,6,0,0,Big West,Home,0.141
Lexi O'Gorman,UC San Diego,CF,0.288,0.329,0.333,0.662,22,71,66,8,19,1,1,0,11,1,3,7,1,0,Big West,Home,-0.003
Alexa Sams,UC Santa Barbara,LF,0.286,0.333,0.365,0.698,23,70,63,9,18,3,1,0,11,3,2,11,0,0,Big West,Home,-0.161
Ashley Donaldson,UC Santa Barbara,1B,0.284,0.385,0.433,0.817,24,78,67,12,19,5,1,1,18,0,11,5,8,1,Big West,Home,-0.014
Gigi Araki,UC Riverside,1B,0.284,0.38,0.448,0.828,27,79,67,9,19,8,0,1,10,3,8,18,1,0,Big West,Home,-0.122
Lauryn Garewal,UC Riverside,CF,0.28,0.322,0.402,0.725,27,95,82,12,23,4,0,2,10,0,6,1,5,3,Big West,Home,0.042
Xiara Diaz,Cal Poly,SS,0.28,0.333,0.4,0.733,14,54,50,8,14,2,2,0,5,0,4,4,3,2,Big West,Home,-0.059
Alexa DeMarse,UC San Diego,3B,0.279,0.31,0.324,0.633,25,71,68,7,19,3,0,0,4,1,2,9,2,1,Big West,Home,0.052
Selena Perez,Long Beach State,SS,0.279,0.311,0.349,0.66,19,45,43,3,12,3,0,0,5,0,2,3,1,0,Big West,Home,0.231
Sarah Starks,UC Davis,1B,0.277,0.368,0.494,0.862,31,95,83,14,23,6,0,4,20,1,11,8,1,0,Big West,Home,-0.142
Jacquelyn Bickar,Long Beach State,2B,0.275,0.386,0.406,0.791,23,85,69,10,19,4,1,1,7,0,13,4,6,1,Big West,Home,0.005
Kaia Johnson,CSU Bakersfield,CF,0.27,0.281,0.317,0.599,21,67,63,7,17,3,0,0,6,1,0,11,9,3,Big West,Home,-0.069
Shay Fuimaono,CSU Bakersfield,2B,0.27,0.3,0.405,0.705,17,42,37,2,10,5,0,0,2,0,2,8,0,0,Big West,Home,0.056
Julia Barnett,Cal Poly,C,0.268,0.311,0.317,0.628,14,47,41,0,11,2,0,0,5,0,3,3,0,0,Big West,Home,0.022
Chloe Borges,Hawaii,CF,0.268,0.414,0.536,0.95,26,70,56,9,15,0,0,5,15,3,11,10,0,0,Big West,Home,0.018
Corissa Sweet,Long Beach State,RF,0.268,0.367,0.293,0.66,20,50,41,2,11,1,0,0,5,2,5,4,1,1,Big West,Home,0.125
Libbie McMahan,UC Davis,SS,0.267,0.301,0.326,0.627,32,93,86,9,23,3,1,0,12,2,3,9,0,0,Big West,Home,0.179
Kaylee Escutia,Cal State Northridge,RF,0.267,0.292,0.433,0.726,21,65,60,10,16,4,0,2,10,0,3,10,0,0,Big West,Home,0.017
Ava Arce,Cal State Fullerton,DP,0.255,0.263,0.436,0.7,25,57,55,6,14,4,0,2,11,0,1,7,0,0,Big West,Home,-0.009
Morgan Eng,UC San Diego,LF,0.25,0.4,0.297,0.697,25,81,64,14,16,1,1,0,3,7,9,6,11,3,Big West,Home,-0.083
Hailey Mulligan,UC San Diego,SS,0.25,0.258,0.391,0.648,22,69,64,7,16,2,2,1,11,0,1,12,1,0,Big West,Home,-0.125
Sinclair Lawhorn,Long Beach State,1B,0.245,0.393,0.347,0.74,22,61,49,7,12,3,1,0,11,2,10,7,1,0,Big West,Home,-0.065
Elise Nishimura,UC Riverside,2B,0.24,0.296,0.26,0.556,23,56,50,5,12,1,0,0,7,2,2,7,1,0,Big West,Home,-0.046
Rebeca Cabezas,UC Riverside,3B,0.239,0.299,0.254,0.552,27,79,71,7,17,1,0,0,8,0,6,6,2,0,Big West,Home,-0.105
Mylina Garza,Cal Poly,3B,0.238,0.273,0.286,0.558,14,44,42,0,10,2,0,0,5,1,1,3,0,0,Big West,Home,0.027
Sarah Nakahara,UC Davis,LF,0.234,0.314,0.325,0.639,30,86,77,11,18,3,2,0,10,0,9,9,14,2,Big West,Home,-0.005
Jessi Alcala,Cal State Fullerton,C,0.232,0.276,0.348,0.624,25,78,69,10,16,2,0,2,11,3,2,9,3,2,Big West,Home,-0.116
Carly Robbins,Long Beach State,3B,0.231,0.286,0.323,0.609,23,71,65,6,15,4,1,0,9,3,2,4,0,0,Big West,Home,0.02
Rebekah Durazo,Long Beach State,C,0.231,0.298,0.365,0.664,19,57,52,2,12,4,0,1,9,2,3,11,0,0,Big West,Home,-0.069
Dani Hunter,CSU Bakersfield,1B,0.216,0.322,0.294,0.616,21,59,51,2,11,1,0,1,2,2,6,16,0,0,Big West,Home,-0.103
Malia Xiao Gin,Hawaii,SS,0.214,0.258,0.238,0.497,26,93,84,9,18,2,0,0,6,0,5,11,1,0,Big West,Home,-0.126
Marley Panziera,UC Davis,2B,0.212,0.283,0.365,0.649,25,62,52,6,11,0,1,2,9,1,5,8,0,1,Big West,Home,-0.007
Grace Kilday,UC Davis,C,0.207,0.303,0.293,0.596,25,68,58,9,12,2,0,1,7,2,6,13,3,1,Big West,Home,0.142
Vinessa Nunez,Cal State Northridge,SS,0.196,0.229,0.196,0.425,22,51,46,4,9,0,0,0,4,1,1,6,0,0,Big West,Home,-0.02
Zoe Richards,UC San Diego,1B,0.192,0.246,0.365,0.611,23,59,52,5,10,0,3,1,7,0,4,13,0,0,Big West,Home,-0.041
Emily Carr,UC Santa Barbara,3B,0.19,0.244,0.333,0.578,18,46,42,4,8,3,0,1,9,1,2,5,1,0,Big West,Home,0.028
Teagan Dobson,UC San Diego,DP,0.18,0.3,0.24,0.54,21,61,50,3,9,3,0,0,6,0,9,7,0,1,Big West,Home,0.044
Maya Molina-Villareal,CSU Bakersfield,C,0.176,0.194,0.382,0.577,15,36,34,3,6,1,0,2,4,0,1,4,1,0,Big West,Home,-0.046
Erin Mendoza,UC Santa Barbara,CF,0.167,0.255,0.167,0.422,20,47,42,4,7,0,0,0,0,0,5,7,4,0,Big West,Home,-0.039
Hailey Brooks,CSU Bakersfield,LF,0.167,0.212,0.271,0.482,19,52,48,3,8,2,0,1,4,0,3,11,0,0,Big West,Home,0.03
Maya Williams,CSU Bakersfield,RF,0.164,0.224,0.246,0.47,21,67,61,6,10,2,0,1,2,1,4,14,3,1,Big West,Home,-0.157
Kai Barrett,Cal Poly,1B,0.118,0.211,0.118,0.328,8,22,17,1,2,0,0,0,2,0,2,4,0,0,Big West,Home,-0.242
Violet Salazar,CSU Bakersfield,3B,0.1,0.143,0.1,0.243,17,46,40,1,4,0,0,0,1,2,0,5,0,0,Big West,Home,-0.209
Makayla Medellin,Long Beach State,CF,0.511,0.52,0.723,1.243,14,50,47,11,24,4,0,2,7,0,2,3,2,1,Big West,Away,
Jessica Clements,Cal Poly,CF,0.466,0.506,0.671,1.177,20,81,73,17,34,7,1,2,11,2,5,5,4,4,Big West,Away,
Alexa Sams,UC Santa Barbara,LF,0.447,0.481,0.489,0.97,15,54,47,8,21,2,0,0,10,1,3,6,1,0,Big West,Away,
Nadia Witt,UC Riverside,LF,0.425,0.531,0.475,1.006,12,49,40,6,17,2,0,0,9,0,9,6,3,1,Big West,Away,
Mikayla Carman,Cal State Northridge,LF,0.421,0.484,0.526,1.011,18,65,57,4,24,4,1,0,8,1,6,5,2,0,Big West,Away,
Sarah Starks,UC Davis,1B,0.419,0.538,0.677,1.216,12,40,31,6,13,2,0,2,8,0,8,1,1,0,Big West,Away,
Madelyn McNally,UC Santa Barbara,SS,0.418,0.484,0.491,0.975,15,63,55,13,23,2,1,0,5,0,7,6,7,0,Big West,Away,
Gigi Araki,UC Riverside,1B,0.406,0.472,0.719,1.191,12,37,32,9,13,4,0,2,7,0,4,7,0,0,Big West,Away,
Hailey Mulligan,UC San Diego,SS,0.375,0.444,0.438,0.882,16,54,48,6,18,3,0,0,7,1,5,9,0,2,Big West,Away,
Megan Delgadillo,Cal State Fullerton,CF,0.372,0.395,0.462,0.857,20,82,78,15,29,3,2,0,6,1,2,4,10,0,Big West,Away,
Peyton Toto,Cal State Fullerton,1B,0.368,0.397,0.509,0.906,19,68,57,5,21,3,1,1,10,1,3,3,1,0,Big West,Away,
Kai Barrett,Cal Poly,1B,0.36,0.439,0.48,0.919,18,59,50,9,18,3,0,1,6,0,7,8,0,0,Big West,Away,
Ainsley Waddell,UC Santa Barbara,DP,0.353,0.421,0.471,0.892,15,57,51,6,18,6,0,0,9,0,6,8,1,0,Big West,Away,
Kat Montuya,UC Riverside,SS,0.35,0.422,0.625,1.047,12,46,40,9,14,2,0,3,11,1,4,5,2,0,Big West,Away,
Jessi Alcala,Cal State Fullerton,C,0.348,0.373,0.522,0.894,16,54,46,7,16,6,1,0,10,0,3,4,0,0,Big West,Away,
Rebeca Cabezas,UC Riverside,3B,0.344,0.382,0.344,0.726,12,37,32,4,11,0,0,0,3,1,1,5,0,0,Big West,Away,
Malia Xiao Gin,Hawaii,SS,0.34,0.404,0.34,0.744,14,53,47,5,16,0,0,0,1,2,3,2,0,0,Big West,Away,
Xiara Diaz,Cal Poly,SS,0.339,0.435,0.357,0.792,19,74,56,12,19,1,0,0,10,2,9,7,5,1,Big West,Away,
Kaia Johnson,CSU Bakersfield,CF,0.339,0.448,0.464,0.912,23,69,56,15,19,3,2,0,8,5,6,7,13,0,Big West,Away,
Morgan Eng,UC San Diego,LF,0.333,0.439,0.333,0.772,16,57,48,13,16,0,0,0,1,4,5,7,13,1,Big West,Away,
Izabella Martinez,Hawaii,C,0.326,0.367,0.395,0.763,14,49,43,4,14,3,0,0,7,0,4,3,0,0,Big West,Away,
Maya Williams,CSU Bakersfield,RF,0.321,0.406,0.429,0.835,20,66,56,11,18,1,1,1,5,3,5,9,3,1,Big West,Away,
Dani Hunter,CSU Bakersfield,1B,0.319,0.396,0.383,0.779,16,53,47,1,15,3,0,0,6,1,5,10,2,0,Big West,Away,
Hannah Becerra,Cal State Fullerton,3B,0.315,0.493,0.463,0.956,20,74,54,10,17,2,0,2,4,2,17,7,0,0,Big West,Away,
Sinclair Lawhorn,Long Beach State,1B,0.31,0.412,0.448,0.86,12,34,29,4,9,1,0,1,6,0,5,1,0,0,Big West,Away,
Lulu Sanchez,Cal State Northridge,CF,0.31,0.375,0.548,0.923,16,50,42,4,13,2,1,2,10,1,4,4,1,0,Big West,Away,
Shaylan Whatman,Cal State Northridge,3B,0.309,0.424,0.691,1.115,18,68,55,17,17,3,0,6,16,4,7,8,0,1,Big West,Away,
Violet Salazar,CSU Bakersfield,3B,0.309,0.356,0.327,0.683,19,63,55,3,17,1,0,0,6,1,3,3,0,0,Big West,Away,
Bailey Wallace,Cal State Fullerton,LF,0.308,0.333,0.385,0.718,20,74,65,5,20,5,0,0,7,0,3,10,2,1,Big West,Away,
Ka'ena Keliinoi,Hawaii,3B,0.304,0.327,0.326,0.653,14,51,46,8,14,1,0,0,3,0,2,0,0,0,Big West,Away,
Juju Sargent,Cal Poly,RF,0.3,0.351,0.329,0.679,20,79,70,12,21,2,0,0,8,1,5,4,1,0,Big West,Away,
Rebekah Durazo,Long Beach State,C,0.3,0.364,0.567,0.93,12,33,30,4,9,2,0,2,11,2,1,4,0,0,Big West,Away,
Ashley Donaldson,UC Santa Barbara,1B,0.298,0.382,0.426,0.807,15,56,47,10,14,3,0,1,7,0,7,4,1,0,Big West,Away,
Logan-Ray Gaspar,CSU Bakersfield,SS,0.298,0.373,0.316,0.689,20,67,57,8,17,1,0,0,5,2,6,5,1,1,Big West,Away,
Lexi O'Gorman,UC San Diego,CF,0.291,0.304,0.345,0.649,16,56,55,5,16,3,0,0,6,0,1,6,0,0,Big West,Away,
Leah Polson,UC Davis,CF,0.289,0.36,0.356,0.716,14,52,45,7,13,3,0,0,4,1,4,5,1,1,Big West,Away,
Elise Nishimura,UC Riverside,2B,0.286,0.375,0.286,0.661,12,35,28,5,8,0,0,0,2,1,3,3,2,0,Big West,Away,
Jocylyn Vidal,Long Beach State,DP,0.273,0.342,0.485,0.827,14,38,33,3,9,1,0,2,8,0,4,3,0,0,Big West,Away,
Bella Pahulu,UC Davis,3B,0.273,0.442,0.394,0.836,13,44,33,3,9,2,1,0,4,1,9,9,0,0,Big West,Away,
Jacquelyn Bickar,Long Beach State,2B,0.27,0.413,0.297,0.71,13,48,37,6,10,1,0,0,3,0,9,4,3,1,Big West,Away,
Ava Arce,Cal State Fullerton,DP,0.264,0.273,0.264,0.537,20,56,53,1,14,0,0,0,9,0,1,5,0,0,Big West,Away,
Elicia Acosta,UC Santa Barbara,C,0.256,0.36,0.395,0.755,15,50,43,2,11,3,0,1,5,2,5,11,0,1,Big West,Away,
Kaylee Escutia,Cal State Northridge,RF,0.25,0.351,0.313,0.664,13,37,32,3,8,2,0,0,2,4,1,1,0,0,Big West,Away,
Chloe Borges,Hawaii,CF,0.25,0.311,0.375,0.686,14,45,40,2,10,2,0,1,11,2,2,12,0,0,Big West,Away,
Julia Barnett,Cal Poly,C,0.246,0.296,0.292,0.588,20,73,65,3,16,3,0,0,7,1,4,3,0,0,Big West,Away,
Deena Pederson,UC San Diego,2B,0.24,0.264,0.34,0.604,16,53,50,8,12,1,2,0,9,1,1,7,6,0,Big West,Away,
Sarah Nakahara,UC Davis,LF,0.239,0.234,0.261,0.495,14,49,46,3,11,1,0,0,5,0,0,3,6,0,Big West,Away,
Lauryn Garewal,UC Riverside,CF,0.238,0.289,0.262,0.551,12,47,42,4,10,1,0,0,2,0,3,3,2,1,Big West,Away,
Brooklyn Lee,UC San Diego,C,0.238,0.273,0.262,0.535,14,44,42,2,10,1,0,0,6,1,1,5,0,0,Big West,Away,
Jazzy Santos,UC Santa Barbara,2B,0.236,0.311,0.364,0.675,15,62,55,8,13,1,0,2,4,0,6,8,1,0,Big West,Away,
Anna Dethlefson,UC Davis,RF,0.234,0.294,0.255,0.549,14,52,47,7,11,1,0,0,2,0,4,0,11,1,Big West,Away,
Zoe Richards,UC San Diego,1B,0.233,0.281,0.4,0.681,12,32,30,6,7,0,1,1,3,0,2,8,1,0,Big West,Away,
Kiara Blanchard,Cal Poly,LF,0.231,0.292,0.262,0.553,20,72,65,5,15,2,0,0,9,1,5,12,0,0,Big West,Away,
Haley Johnson,Hawaii,DH,0.229,0.372,0.286,0.658,14,43,35,5,8,2,0,0,0,0,8,5,1,0,Big West,Away,
Alexa DeMarse,UC San Diego,3B,0.227,0.306,0.25,0.556,16,50,44,3,10,1,0,0,5,2,3,6,0,0,Big West,Away,
Sara Olson,Long Beach State,LF,0.225,0.367,0.3,0.667,14,49,40,5,9,0,0,1,5,0,9,3,1,2,Big West,Away,
Maya Molina-Villareal,CSU Bakersfield,C,0.222,0.255,0.267,0.522,19,49,45,3,10,2,0,0,3,0,2,2,1,2,Big West,Away,
Marley Panziera,UC Davis,2B,0.219,0.219,0.469,0.688,11,33,32,2,7,2,0,2,4,0,0,6,0,0,Big West,Away,
Vinessa Nunez,Cal State Northridge,SS,0.216,0.237,0.243,0.48,17,39,37,3,8,1,0,0,3,0,1,2,0,0,Big West,Away,
Shay Fuimaono,CSU Bakersfield,2B,0.214,0.313,0.357,0.67,19,49,42,6,9,3,0,1,7,2,4,8,0,0,Big West,Away,
Carly Robbins,Long Beach State,3B,0.211,0.244,0.237,0.481,14,42,38,5,8,1,0,0,5,2,0,6,0,0,Big West,Away,
Mylina Garza,Cal Poly,3B,0.211,0.288,0.228,0.516,20,68,57,5,12,1,0,0,5,1,6,4,0,0,Big West,Away,
Erin Mendoza,UC Santa Barbara,CF,0.206,0.308,0.206,0.514,14,43,34,2,7,0,0,0,2,1,4,6,0,1,Big West,Away,
Karissa Munsey,CSU Bakersfield,DP,0.204,0.25,0.315,0.565,21,61,54,4,11,1,1,1,8,0,4,16,0,1,Big West,Away,
Kika Ramirez,Cal State Fullerton,1B,0.179,0.343,0.214,0.557,19,35,28,0,5,1,0,0,3,1,6,3,0,0,Big West,Away,
Jackie Alday,UC Riverside,C,0.171,0.19,0.268,0.459,12,42,41,3,7,1,0,1,8,0,1,8,0,0,Big West,Away,
Emily Carr,UC Santa Barbara,3B,0.162,0.225,0.216,0.441,12,40,37,3,6,2,0,0,4,0,3,14,0,0,Big West,Away,
Mia Perez,Cal Poly,DP,0.156,0.278,0.267,0.544,16,56,45,3,7,2,0,1,8,0,8,5,0,0,Big West,Away,
Corissa Sweet,Long Beach State,RF,0.143,0.2,0.179,0.379,12,30,28,4,4,1,0,0,1,1,1,1,0,0,Big West,Away,
Alexis Chavez,Cal State Northridge,1B,0.14,0.196,0.14,0.335,16,49,43,6,6,0,0,0,1,1,2,1,0,1,Big West,Away,
Hailey Brooks,CSU Bakersfield,LF,0.137,0.228,0.216,0.444,22,62,51,3,7,4,0,0,2,3,3,18,1,0,Big West,Away,
Teagan Dobson,UC San Diego,DP,0.136,0.321,0.182,0.503,11,28,22,3,3,1,0,0,0,1,5,3,0,0,Big West,Away,
Dallas Millwood,Hawaii,1B,0.128,0.209,0.231,0.44,14,44,39,3,5,1,0,1,9,0,4,3,0,0,Big West,Away,
Mya'liah Bethea,Hawaii,LF,0.091,0.184,0.364,0.548,13,38,33,5,3,0,0,3,5,1,3,8,0,0,Big West,Away,
Libbie McMahan,UC Davis,SS,0.088,0.205,0.206,0.411,14,39,34,2,3,1,0,1,3,2,3,5,0,1,Big West,Away,
Grace Kilday,UC Davis,C,0.065,0.094,0.065,0.158,12,33,31,1,2,0,0,0,1,0,1,3,0,0,Big West,Away,
Selena Perez,Long Beach State,SS,0.048,0.2,0.048,0.248,11,26,21,1,1,0,0,0,0,1,3,1,0,0,Big West,Away,
Grace Abbonizio,Drexel,CF,0.459,0.545,0.703,1.248,14,44,37,12,17,3,0,2,7,1,6,5,2,1,Coastal Athletic ,Home,0.1
Chelsea Manto,Hofstra,CF,0.452,0.452,0.524,0.976,15,42,42,8,19,1,1,0,6,0,0,8,5,1,Coastal Athletic ,Home,0.26
Catherine Anne Kupinski,Stony Brook,LF,0.444,0.52,0.841,1.361,21,75,63,17,28,5,1,6,20,2,9,6,3,0,Coastal Athletic ,Home,0.1
Tyra Parker,Campbell,LF,0.438,0.493,0.469,0.962,24,74,64,13,28,0,1,0,5,0,8,2,14,2,Coastal Athletic ,Home,0.164
Dani Dabroski,Monmouth,LF,0.397,0.478,0.483,0.96,18,68,58,17,23,3,1,0,5,0,9,5,10,0,Coastal Athletic ,Home,0.152
Alicia Orosco,Stony Brook,CF,0.391,0.468,0.464,0.932,21,82,69,18,27,2,0,1,10,1,9,11,4,1,Coastal Athletic ,Home,0.152
Brooke Marquez,College of Charleston,SS,0.384,0.415,0.5,0.915,27,97,86,18,33,7,0,1,13,1,5,4,6,1,Coastal Athletic ,Home,0.147
Kyra McFarland,Stony Brook,SS,0.384,0.418,0.507,0.925,21,82,73,19,28,4,1,1,12,0,5,7,7,0,Coastal Athletic ,Home,-0.073
Becca Vaillancourt,Hofstra,C,0.375,0.426,0.813,1.238,15,54,48,8,18,6,0,5,14,2,3,4,0,0,Coastal Athletic ,Home,-0.019
Morgan Britt,UNC Wilmington,RF,0.37,0.433,0.494,0.927,29,90,81,11,30,5,1,1,15,1,8,7,6,1,Coastal Athletic ,Home,0.225
Sydney Shaffer,Delaware,DP,0.369,0.455,0.554,1.008,24,78,65,8,24,8,2,0,12,0,11,12,0,0,Coastal Athletic ,Home,0.109
Skylar Stockton,UNC Wilmington,LF,0.368,0.476,0.485,0.961,29,90,68,14,25,2,0,2,11,11,4,11,9,1,Coastal Athletic ,Home,0.03
Tayler Vitola,UNC Wilmington,2B,0.368,0.4,0.379,0.779,29,102,95,24,35,1,0,0,1,2,3,7,9,2,Coastal Athletic ,Home,0.064
Alyssa Henault,Campbell,2B,0.368,0.451,0.515,0.966,24,83,68,16,25,4,3,0,13,0,12,6,9,5,Coastal Athletic ,Home,0
Madilyn Gillespie,Campbell,3B,0.366,0.449,0.439,0.888,20,53,41,5,15,1,1,0,5,1,6,6,2,1,Coastal Athletic ,Home,0.161
Allee Seering,Elon,3B,0.361,0.407,0.667,1.074,24,81,72,18,26,6,2,4,28,1,6,11,6,0,Coastal Athletic ,Home,0.045
Cori Jones,Towson,2B,0.357,0.37,0.6,0.97,22,74,70,10,25,6,4,1,12,0,2,3,1,0,Coastal Athletic ,Home,0.19
Mauri Murray,Elon,RF,0.353,0.397,0.632,1.03,22,73,68,15,24,5,1,4,16,1,4,8,3,1,Coastal Athletic ,Home,-0.005
Savannah Simons,Monmouth,3B,0.353,0.5,0.471,0.971,18,69,51,9,18,1,1,1,12,8,7,6,3,0,Coastal Athletic ,Home,0.111
Kaytlin Stacey,College of Charleston,CF,0.353,0.416,0.441,0.857,25,78,68,15,24,4,1,0,12,1,7,5,5,0,Coastal Athletic ,Home,0.177
Allyiah Swiney,Campbell,RF,0.351,0.403,0.561,0.965,25,65,57,11,20,4,1,2,16,1,4,4,2,0,Coastal Athletic ,Home,0.115
Brooke Williams,Hampton,3B,0.35,0.472,0.613,1.084,32,107,80,13,28,11,2,2,25,4,18,12,4,1,Coastal Athletic ,Home,0.168
Lindsay Lumsden,Campbell,1B,0.35,0.386,0.617,1.002,24,71,60,9,21,6,2,2,15,2,4,8,0,0,Coastal Athletic ,Home,0.079
Kaitlyn Wells,Elon,LF,0.349,0.406,0.603,1.009,23,69,63,9,22,4,3,2,17,0,6,12,0,0,Coastal Athletic ,Home,0.099
Julia Boyet,Delaware,3B,0.348,0.416,0.42,0.836,24,78,69,15,24,3,1,0,11,1,7,4,6,0,Coastal Athletic ,Home,-0.004
Alyssa Costello,Stony Brook,RF,0.345,0.433,0.483,0.916,20,68,58,16,20,3,1,1,10,2,7,8,5,0,Coastal Athletic ,Home,0.006
Naiah Ackerman,Stony Brook,2B,0.345,0.415,0.636,1.052,21,65,55,11,19,4,0,4,17,0,8,2,0,0,Coastal Athletic ,Home,0.062
Megan Grant,Elon,SS,0.344,0.506,0.469,0.975,24,86,64,17,22,8,0,0,10,6,15,5,1,0,Coastal Athletic ,Home,0.089
Cassidy Relay,UNC Wilmington,CF,0.342,0.392,0.37,0.762,28,80,73,16,25,0,1,0,0,0,6,6,9,0,Coastal Athletic ,Home,-0.016
Izzy Alamillo,Drexel,LF,0.341,0.396,0.409,0.805,14,50,44,9,15,1,1,0,4,1,3,3,2,1,Coastal Athletic ,Home,0.099
Mackenzie Lake,Towson,SS,0.333,0.389,0.47,0.859,22,72,66,9,22,5,2,0,5,0,6,2,1,1,Coastal Athletic ,Home,0.079
Charlie Montgomery,Campbell,CF,0.333,0.351,0.37,0.721,21,58,54,21,18,0,1,0,7,1,1,4,11,1,Coastal Athletic ,Home,0.066
Carley Davis,Elon,C,0.327,0.5,0.423,0.923,24,72,52,10,17,2,0,1,8,8,11,2,0,0,Coastal Athletic ,Home,0.029
Tristin Doster,Campbell,C,0.317,0.375,0.512,0.887,20,49,41,9,13,5,0,1,16,2,3,4,1,1,Coastal Athletic ,Home,0.017
Katie Scheivert,Delaware,2B,0.317,0.375,0.397,0.772,24,72,63,12,20,3,1,0,10,1,6,6,3,0,Coastal Athletic ,Home,0.001
Mia Dittoe,College of Charleston,RF,0.316,0.391,0.382,0.772,27,89,76,12,24,5,0,0,8,3,7,7,5,0,Coastal Athletic ,Home,0.098
Corinne Badger,Stony Brook,1B,0.311,0.5,0.533,1.033,20,62,45,14,14,2,1,2,14,4,13,9,2,0,Coastal Athletic ,Home,0.098
Taylor Ivey,Hampton,3B,0.309,0.411,0.346,0.756,31,103,81,18,25,3,0,0,11,1,13,9,2,0,Coastal Athletic ,Home,0.174
Shealyn Starks,College of Charleston,C,0.308,0.344,0.396,0.739,27,96,91,13,28,2,0,2,12,1,4,5,3,0,Coastal Athletic ,Home,0.129
Savannah Lockhart,College of Charleston,DP,0.305,0.379,0.492,0.87,22,66,59,8,18,5,0,2,9,1,6,9,0,0,Coastal Athletic ,Home,0.18
Cara Bohner,Towson,RF,0.302,0.366,0.317,0.684,22,71,63,7,19,1,0,0,10,1,6,16,0,0,Coastal Athletic ,Home,0.023
Aliya Catanzarita,Hofstra,1B,0.295,0.385,0.432,0.816,15,52,44,5,13,3,0,1,5,0,7,5,0,0,Coastal Athletic ,Home,0.031
Olivia Malinowski,Hofstra,DP,0.289,0.396,0.467,0.863,15,53,45,7,13,2,0,2,6,1,7,5,0,0,Coastal Athletic ,Home,-0.001
Joey Barkhimer,North Carolina A&T,1B,0.289,0.36,0.444,0.804,18,50,45,6,13,1,0,2,8,3,2,11,1,0,Coastal Athletic ,Home,0.104
Alyxx Estrada,North Carolina A&T,2B,0.286,0.397,0.449,0.846,16,58,49,14,14,8,0,0,9,1,8,5,6,0,Coastal Athletic ,Home,-0.008
Elizabeth Yoskowitz,Towson,LF,0.286,0.359,0.286,0.645,14,41,35,6,10,0,0,0,1,1,3,3,1,1,Coastal Athletic ,Home,0.056
Halle Cannon,College of Charleston,LF,0.286,0.398,0.468,0.865,27,93,77,15,22,1,2,3,16,4,11,17,1,0,Coastal Athletic ,Home,0.031
Jamari Moss,North Carolina A&T,C,0.283,0.327,0.543,0.87,16,49,46,8,13,3,0,3,8,0,3,7,1,0,Coastal Athletic ,Home,0.014
Carmynn Bonner,Hampton,RF,0.28,0.385,0.43,0.815,32,117,100,25,28,5,2,2,11,0,17,13,4,0,Coastal Athletic ,Home,-0.109
Grace Franczyk,Towson,C,0.279,0.38,0.558,0.938,17,50,43,7,12,3,0,3,7,0,7,7,0,0,Coastal Athletic ,Home,-0.016
Julz Garber,Delaware,CF,0.278,0.337,0.342,0.679,24,86,79,15,22,1,2,0,3,0,7,14,10,0,Coastal Athletic ,Home,-0.087
Gabi Schaal,Elon,1B,0.278,0.297,0.5,0.797,24,74,72,16,20,4,0,4,19,1,1,8,1,0,Coastal Athletic ,Home,0.056
Kalea Calugay,Drexel,2B,0.275,0.37,0.375,0.745,14,46,40,7,11,1,0,1,7,0,6,11,0,0,Coastal Athletic ,Home,0.07
Mary Sobataka,UNC Wilmington,SS,0.269,0.376,0.487,0.864,29,95,78,9,21,7,2,2,19,2,12,10,1,1,Coastal Athletic ,Home,0.011
Brenay Howard,North Carolina A&T,RF,0.269,0.298,0.5,0.798,19,60,52,11,14,1,1,3,13,1,2,9,6,0,Coastal Athletic ,Home,-0.008
Abby Warner,Monmouth,C,0.268,0.423,0.537,0.96,17,52,41,7,11,2,0,3,7,3,8,14,1,0,Coastal Athletic ,Home,0.105
Morgan Hess,Delaware,RF,0.268,0.295,0.446,0.742,23,61,56,7,15,8,1,0,6,0,3,11,0,0,Coastal Athletic ,Home,-0.01
Tessa Thompson,Monmouth,RF,0.265,0.357,0.49,0.847,18,57,49,3,13,5,0,2,17,3,4,9,0,0,Coastal Athletic ,Home,0.081
Drew Menscer,Elon,CF,0.261,0.338,0.319,0.657,23,78,69,16,18,2,1,0,4,0,8,7,11,0,Coastal Athletic ,Home,0.03
Leah Maduro,Hampton,1B,0.261,0.35,0.377,0.727,26,81,69,9,18,4,2,0,10,1,9,12,5,0,Coastal Athletic ,Home,0.041
Julianna Sanzone,Stony Brook,DP,0.259,0.328,0.466,0.794,21,70,58,10,15,3,0,3,14,1,6,8,0,0,Coastal Athletic ,Home,-0.049
Aniz Roman,College of Charleston,2B,0.258,0.347,0.303,0.65,27,103,89,16,23,4,0,0,8,1,11,10,4,0,Coastal Athletic ,Home,0.016
Mackenzie Bloss,Monmouth,SS,0.255,0.281,0.291,0.572,18,64,55,6,14,2,0,0,12,1,3,6,1,0,Coastal Athletic ,Home,0.013
Kayla Wilson,Hofstra,LF,0.25,0.538,0.375,0.913,14,40,24,5,6,1,1,0,2,0,15,6,0,1,Coastal Athletic ,Home,-0.052
Destiny Sims,North Carolina A&T,LF,0.25,0.298,0.409,0.707,17,49,44,3,11,2,1,1,7,0,3,15,3,0,Coastal Athletic ,Home,0.079
Chloe Blantz,Delaware,SS,0.239,0.338,0.373,0.711,23,77,67,10,16,1,1,2,7,5,5,8,5,0,Coastal Athletic ,Home,-0.077
Malaka Belser,College of Charleston,3B,0.238,0.347,0.413,0.76,27,95,80,13,19,2,0,4,22,1,13,9,0,0,Coastal Athletic ,Home,0.054
Emily Kepple,Hampton,C,0.235,0.346,0.265,0.61,23,81,68,9,16,2,0,0,5,0,12,7,0,0,Coastal Athletic ,Home,-0.045
Lindsey Hunt,Drexel,C,0.235,0.289,0.412,0.701,13,38,34,7,8,0,0,2,4,2,1,1,0,0,Coastal Athletic ,Home,0.008
Isabella Canesi,Towson,CF,0.234,0.308,0.404,0.712,19,52,47,7,11,2,0,2,4,0,5,11,3,0,Coastal Athletic ,Home,-0.037
Greta Hessenthaler,Elon,2B,0.231,0.317,0.288,0.605,22,60,52,7,12,3,0,0,10,0,7,6,0,0,Coastal Athletic ,Home,-0.034
Madison Fife,Delaware,C,0.224,0.31,0.367,0.678,22,58,49,4,11,4,0,1,12,0,7,6,0,0,Coastal Athletic ,Home,-0.135
Lauren Cope,UNC Wilmington,1B,0.222,0.352,0.289,0.641,21,55,45,5,10,3,0,0,6,1,8,14,2,1,Coastal Athletic ,Home,-0.039
Bri Lawson,Monmouth,2B,0.222,0.288,0.222,0.51,18,61,54,9,12,0,0,0,4,2,3,5,1,0,Coastal Athletic ,Home,-0.048
Chelsea Villar,Hofstra,RF,0.222,0.3,0.333,0.633,14,40,36,3,8,1,0,1,8,1,3,3,0,0,Coastal Athletic ,Home,0.027
Ashley Errico,Drexel,3B,0.216,0.293,0.514,0.806,14,41,37,4,8,2,0,3,8,1,3,6,0,0,Coastal Athletic ,Home,0.016
Emily Reinstein,Stony Brook,C,0.212,0.263,0.365,0.629,19,61,52,4,11,2,0,2,6,0,4,7,0,0,Coastal Athletic ,Home,-0.042
Devin Coia,Monmouth,1B,0.2,0.259,0.24,0.499,18,55,50,4,10,2,0,0,4,3,1,8,0,0,Coastal Athletic ,Home,-0.022
Nekia Aiken,Hampton,2B,0.2,0.286,0.24,0.526,29,85,75,9,15,3,0,0,11,0,9,21,3,1,Coastal Athletic ,Home,-0.19
Mackenzie Fitzgerald,Hofstra,3B,0.2,0.238,0.2,0.438,15,43,40,3,8,0,0,0,2,0,2,11,0,0,Coastal Athletic ,Home,0.08
Alanna Morse,Hofstra,SS,0.194,0.275,0.222,0.497,15,42,36,6,7,1,0,0,6,0,4,4,0,0,Coastal Athletic ,Home,-0.061
Gianna Costaro,Delaware,1B,0.193,0.361,0.298,0.659,24,73,57,10,11,3,0,1,12,1,14,8,2,0,Coastal Athletic ,Home,-0.076
Kylee Quinn,Hampton,CF,0.19,0.273,0.215,0.488,30,92,79,8,15,0,1,0,5,4,5,19,9,1,Coastal Athletic ,Home,-0.032
Lexi Castaneda,Monmouth,CF,0.189,0.268,0.189,0.457,17,43,37,4,7,0,0,0,0,0,4,6,1,0,Coastal Athletic ,Home,0.031
Camryn Thompson,Hampton,LF,0.18,0.219,0.18,0.399,27,67,61,7,11,0,0,0,3,0,3,12,1,0,Coastal Athletic ,Home,-0.028
Allison Corbin,UNC Wilmington,3B,0.175,0.238,0.211,0.449,25,63,57,3,10,2,0,0,7,0,5,3,1,0,Coastal Athletic ,Home,-0.069
Lily Meuninck,Drexel,1B,0.167,0.192,0.333,0.526,9,26,24,2,4,1,0,1,3,1,0,2,0,0,Coastal Athletic ,Home,-0.1
Annabelle Smink,Drexel,RF,0.167,0.286,0.233,0.519,13,35,30,3,5,2,0,0,3,0,5,3,0,1,Coastal Athletic ,Home,0.007
Ally Hickman,Towson,3B,0.164,0.22,0.182,0.402,22,59,55,1,9,1,0,0,1,2,2,13,0,0,Coastal Athletic ,Home,-0.026
Jentri Meadows,UNC Wilmington,C,0.149,0.245,0.149,0.394,23,53,47,2,7,0,0,0,2,1,5,12,1,0,Coastal Athletic ,Home,-0.03
Mia Garza,Drexel,3B,0.143,0.308,0.238,0.546,9,26,21,5,3,2,0,0,1,0,5,3,0,0,Coastal Athletic ,Home,-0.107
Brooke Dye,Stony Brook,3B,0.138,0.306,0.172,0.478,14,38,29,6,4,1,0,0,2,0,7,6,0,0,Coastal Athletic ,Home,0.022
Makayla Layton,North Carolina A&T,SS,0.125,0.352,0.225,0.577,19,55,40,9,5,2,1,0,4,4,10,17,0,0,Coastal Athletic ,Home,-0.029
Kyra McFarland,Stony Brook,SS,0.457,0.486,0.514,1.001,21,77,70,16,32,1,0,1,5,0,4,7,6,1,Coastal Athletic ,Away,
Becca Vaillancourt,Hofstra,C,0.394,0.423,0.591,1.013,20,71,66,9,26,4,0,3,11,1,3,6,0,0,Coastal Athletic ,Away,
Nekia Aiken,Hampton,2B,0.39,0.457,0.463,0.92,15,46,41,6,16,3,0,0,2,1,4,12,0,1,Coastal Athletic ,Away,
Carmynn Bonner,Hampton,RF,0.389,0.424,0.556,0.979,16,59,54,11,21,6,0,1,13,0,4,12,1,1,Coastal Athletic ,Away,
Alyssa Henault,Campbell,2B,0.368,0.456,0.421,0.877,20,68,57,11,21,1,1,0,7,5,5,4,11,0,Coastal Athletic ,Away,
Julz Garber,Delaware,CF,0.365,0.412,0.476,0.888,18,69,63,15,23,4,0,1,2,0,5,5,4,0,Coastal Athletic ,Away,
Madison Fife,Delaware,C,0.359,0.444,0.538,0.983,16,45,39,4,14,1,0,2,6,0,6,8,0,0,Coastal Athletic ,Away,
Grace Abbonizio,Drexel,CF,0.359,0.398,0.474,0.872,25,84,78,13,28,4,1,1,6,2,3,10,4,1,Coastal Athletic ,Away,
Mauri Murray,Elon,RF,0.358,0.462,0.491,0.952,19,65,53,12,19,1,0,2,11,4,7,8,3,0,Coastal Athletic ,Away,
Cassidy Relay,UNC Wilmington,CF,0.358,0.443,0.358,0.801,21,62,53,8,19,0,0,0,2,0,8,7,8,1,Coastal Athletic ,Away,
Julia Boyet,Delaware,3B,0.352,0.41,0.574,0.984,18,61,54,9,19,2,2,2,10,1,5,5,3,0,Coastal Athletic ,Away,
Catherine Anne Kupinski,Stony Brook,LF,0.344,0.417,0.547,0.964,21,75,64,17,22,5,1,2,18,2,6,5,0,1,Coastal Athletic ,Away,
Alyssa Costello,Stony Brook,RF,0.339,0.406,0.5,0.906,20,69,62,14,21,3,2,1,10,1,6,9,4,0,Coastal Athletic ,Away,
Skylar Stockton,UNC Wilmington,LF,0.338,0.405,0.538,0.944,22,77,65,11,22,5,1,2,11,6,2,8,8,0,Coastal Athletic ,Away,
Chloe Blantz,Delaware,SS,0.316,0.391,0.404,0.794,18,64,57,11,18,5,0,0,10,1,6,6,3,0,Coastal Athletic ,Away,
Allee Seering,Elon,3B,0.316,0.409,0.421,0.83,20,66,57,11,18,4,1,0,9,0,9,9,8,0,Coastal Athletic ,Away,
Katie Scheivert,Delaware,2B,0.316,0.365,0.404,0.769,18,64,57,8,18,3,1,0,12,0,5,5,5,0,Coastal Athletic ,Away,
Julianna Sanzone,Stony Brook,DP,0.308,0.463,0.5,0.963,20,70,52,8,16,4,0,2,13,2,13,6,0,0,Coastal Athletic ,Away,
Tayler Vitola,UNC Wilmington,2B,0.304,0.329,0.316,0.646,22,84,79,11,24,1,0,0,6,0,3,7,10,1,Coastal Athletic ,Away,
Kayla Wilson,Hofstra,LF,0.302,0.434,0.372,0.806,18,53,43,8,13,1,1,0,6,1,9,10,1,1,Coastal Athletic ,Away,
Tristin Doster,Campbell,C,0.3,0.378,0.475,0.853,15,45,40,5,12,4,0,1,10,2,3,9,3,0,Coastal Athletic ,Away,
Carley Davis,Elon,C,0.298,0.389,0.511,0.9,16,54,47,6,14,4,0,2,15,3,4,4,0,0,Coastal Athletic ,Away,
Grace Franczyk,Towson,C,0.295,0.373,0.409,0.782,17,52,44,4,13,5,0,0,6,2,4,5,0,0,Coastal Athletic ,Away,
Alyxx Estrada,North Carolina A&T,2B,0.294,0.446,0.451,0.897,19,66,51,13,15,3,1,1,5,2,12,6,6,3,Coastal Athletic ,Away,
Olivia Malinowski,Hofstra,DP,0.29,0.323,0.355,0.678,20,66,62,8,18,4,0,0,10,0,3,6,0,0,Coastal Athletic ,Away,
Naiah Ackerman,Stony Brook,2B,0.283,0.409,0.377,0.786,21,66,53,9,15,2,0,1,11,3,9,7,0,0,Coastal Athletic ,Away,
Emily Kepple,Hampton,C,0.28,0.327,0.3,0.627,16,56,50,2,14,1,0,0,11,0,4,9,0,0,Coastal Athletic ,Away,
Cara Bohner,Towson,RF,0.279,0.353,0.459,0.812,22,68,61,11,17,3,1,2,6,0,7,17,1,0,Coastal Athletic ,Away,
Morgan Hess,Delaware,RF,0.278,0.316,0.611,0.927,18,57,54,9,15,3,0,5,12,0,3,5,1,1,Coastal Athletic ,Away,
Brenay Howard,North Carolina A&T,RF,0.277,0.404,0.34,0.744,19,60,47,7,13,1,1,0,1,3,7,12,1,1,Coastal Athletic ,Away,
Tyra Parker,Campbell,LF,0.274,0.308,0.29,0.598,21,70,62,11,17,1,0,0,6,0,3,8,6,1,Coastal Athletic ,Away,
Isabella Canesi,Towson,CF,0.271,0.28,0.417,0.697,18,51,48,3,13,4,0,1,7,0,1,10,0,0,Coastal Athletic ,Away,
Lindsay Lumsden,Campbell,1B,0.271,0.338,0.407,0.745,20,70,59,9,16,5,0,1,6,3,4,6,1,0,Coastal Athletic ,Away,
Bri Lawson,Monmouth,2B,0.27,0.281,0.27,0.551,20,64,63,5,17,0,0,0,9,0,1,0,2,0,Coastal Athletic ,Away,
Jamari Moss,North Carolina A&T,C,0.269,0.361,0.308,0.668,19,61,52,3,14,2,0,0,10,1,7,12,0,1,Coastal Athletic ,Away,
Gianna Costaro,Delaware,1B,0.269,0.387,0.442,0.829,18,62,52,6,14,3,0,2,15,5,5,9,0,0,Coastal Athletic ,Away,
Lily Meuninck,Drexel,1B,0.267,0.362,0.417,0.779,23,69,60,4,16,3,0,2,5,0,9,9,0,0,Coastal Athletic ,Away,
Charlie Montgomery,Campbell,CF,0.267,0.279,0.317,0.595,22,61,60,8,16,3,0,0,6,0,1,7,4,1,Coastal Athletic ,Away,
Greta Hessenthaler,Elon,2B,0.265,0.357,0.286,0.643,20,57,49,4,13,1,0,0,2,2,5,7,0,0,Coastal Athletic ,Away,
Aliya Catanzarita,Hofstra,1B,0.264,0.385,0.472,0.856,20,65,53,7,14,3,1,2,11,0,11,6,0,0,Coastal Athletic ,Away,
Lauren Cope,UNC Wilmington,1B,0.261,0.433,0.37,0.803,19,61,46,7,12,2,0,1,7,3,11,12,4,0,Coastal Athletic ,Away,
Sydney Shaffer,Delaware,DP,0.26,0.422,0.46,0.882,18,64,50,7,13,4,0,2,7,2,12,7,1,0,Coastal Athletic ,Away,
Mary Sobataka,UNC Wilmington,SS,0.258,0.342,0.424,0.766,22,76,66,12,17,3,1,2,9,1,8,8,0,0,Coastal Athletic ,Away,
Megan Grant,Elon,SS,0.255,0.406,0.345,0.751,20,69,55,14,14,3,1,0,3,0,14,4,2,0,Coastal Athletic ,Away,
Halle Cannon,College of Charleston,LF,0.255,0.333,0.404,0.738,18,54,47,5,12,2,1,1,8,0,6,14,1,0,Coastal Athletic ,Away,
Alanna Morse,Hofstra,SS,0.255,0.268,0.273,0.541,20,58,55,8,14,1,0,0,4,1,0,5,1,0,Coastal Athletic ,Away,
Mackenzie Lake,Towson,SS,0.254,0.333,0.358,0.692,22,75,67,5,17,2,1,1,7,2,6,7,1,0,Coastal Athletic ,Away,
Emily Reinstein,Stony Brook,C,0.254,0.254,0.305,0.559,20,61,59,4,15,3,0,0,5,0,0,6,1,0,Coastal Athletic ,Away,
Mia Garza,Drexel,3B,0.25,0.321,0.264,0.585,25,81,72,4,18,1,0,0,9,0,8,6,3,0,Coastal Athletic ,Away,
Kaitlyn Wells,Elon,LF,0.25,0.39,0.521,0.911,20,59,48,12,12,1,0,4,8,0,11,6,0,1,Coastal Athletic ,Away,
Dani Dabroski,Monmouth,LF,0.245,0.444,0.264,0.709,20,72,53,10,13,1,0,0,1,0,19,9,8,0,Coastal Athletic ,Away,
Allison Corbin,UNC Wilmington,3B,0.244,0.358,0.333,0.692,20,54,45,4,11,1,0,1,3,2,6,1,1,0,Coastal Athletic ,Away,
Aniz Roman,College of Charleston,2B,0.242,0.299,0.371,0.669,20,67,62,7,15,4,2,0,6,0,5,9,5,0,Coastal Athletic ,Away,
Izzy Alamillo,Drexel,LF,0.242,0.242,0.253,0.495,25,93,91,12,22,1,0,0,5,0,0,13,3,1,Coastal Athletic ,Away,
Savannah Simons,Monmouth,3B,0.242,0.306,0.242,0.548,20,73,66,6,16,0,0,0,2,3,3,4,3,0,Coastal Athletic ,Away,
Mackenzie Bloss,Monmouth,SS,0.242,0.329,0.274,0.603,20,70,62,4,15,2,0,0,4,0,8,14,1,0,Coastal Athletic ,Away,
Alicia Orosco,Stony Brook,CF,0.239,0.308,0.324,0.632,20,80,71,11,17,1,1,1,5,2,5,7,4,0,Coastal Athletic ,Away,
Brooke Marquez,College of Charleston,SS,0.237,0.286,0.373,0.659,20,66,59,11,14,3,1,1,2,1,3,5,3,2,Coastal Athletic ,Away,
Allyiah Swiney,Campbell,RF,0.236,0.3,0.345,0.645,21,60,55,12,13,4,1,0,5,0,5,8,1,0,Coastal Athletic ,Away,
Drew Menscer,Elon,CF,0.231,0.317,0.308,0.624,20,62,52,6,12,0,2,0,3,1,6,6,1,2,Coastal Athletic ,Away,
Elizabeth Yoskowitz,Towson,LF,0.23,0.266,0.246,0.512,22,64,61,9,14,1,0,0,2,0,3,14,5,2,Coastal Athletic ,Away,
Lindsey Hunt,Drexel,C,0.227,0.247,0.307,0.553,25,77,75,4,17,6,0,0,4,0,2,2,1,1,Coastal Athletic ,Away,
Gabi Schaal,Elon,1B,0.222,0.267,0.574,0.841,20,60,54,9,12,4,0,5,14,0,4,11,0,1,Coastal Athletic ,Away,
Devin Coia,Monmouth,1B,0.222,0.364,0.267,0.63,19,55,45,1,10,2,0,0,3,0,10,10,0,0,Coastal Athletic ,Away,
Kylee Quinn,Hampton,CF,0.222,0.31,0.278,0.587,16,42,36,6,8,0,1,0,5,1,4,15,0,0,Coastal Athletic ,Away,
Leah Maduro,Hampton,1B,0.22,0.327,0.293,0.619,15,50,41,6,9,1,1,0,4,0,7,9,0,1,Coastal Athletic ,Away,
Mia Dittoe,College of Charleston,RF,0.218,0.283,0.218,0.502,20,61,55,5,12,0,0,0,7,1,4,10,1,0,Coastal Athletic ,Away,
Corinne Badger,Stony Brook,1B,0.213,0.356,0.447,0.803,17,59,47,8,10,2,0,3,13,4,7,7,0,0,Coastal Athletic ,Away,
Camryn Thompson,Hampton,LF,0.208,0.24,0.208,0.448,11,26,24,3,5,0,0,0,0,0,1,1,1,1,Coastal Athletic ,Away,
Madilyn Gillespie,Campbell,3B,0.205,0.273,0.231,0.503,18,46,39,3,8,1,0,0,5,2,2,13,2,0,Coastal Athletic ,Away,
Kalea Calugay,Drexel,2B,0.205,0.326,0.384,0.709,25,89,73,9,15,5,1,2,19,0,14,10,1,0,Coastal Athletic ,Away,
Ashley Errico,Drexel,3B,0.2,0.294,0.267,0.561,22,68,60,4,12,1,0,1,3,4,4,15,1,0,Coastal Athletic ,Away,
Chelsea Villar,Hofstra,RF,0.195,0.267,0.244,0.511,20,46,41,3,8,2,0,0,3,0,4,11,0,0,Coastal Athletic ,Away,
Chelsea Manto,Hofstra,CF,0.192,0.208,0.192,0.4,18,53,52,10,10,0,0,0,3,0,1,11,4,1,Coastal Athletic ,Away,
Ally Hickman,Towson,3B,0.19,0.239,0.413,0.652,22,67,63,6,12,0,1,4,8,0,4,9,0,0,Coastal Athletic ,Away,
Joey Barkhimer,North Carolina A&T,1B,0.185,0.214,0.259,0.474,19,56,54,1,10,1,0,1,5,0,2,10,0,0,Coastal Athletic ,Away,
Malaka Belser,College of Charleston,3B,0.184,0.355,0.306,0.661,20,62,49,6,9,0,0,2,4,2,11,11,1,0,Coastal Athletic ,Away,
Tessa Thompson,Monmouth,RF,0.184,0.273,0.265,0.538,19,55,49,3,9,2,1,0,1,0,6,11,1,0,Coastal Athletic ,Away,
Brooke Williams,Hampton,3B,0.182,0.333,0.295,0.629,16,54,44,5,8,2,0,1,6,2,8,13,1,0,Coastal Athletic ,Away,
Jentri Meadows,UNC Wilmington,C,0.179,0.214,0.179,0.394,15,42,39,2,7,0,0,0,3,0,2,7,0,0,Coastal Athletic ,Away,
Shealyn Starks,College of Charleston,C,0.179,0.233,0.339,0.573,20,61,56,5,10,3,0,2,8,0,4,5,0,0,Coastal Athletic ,Away,
Kaytlin Stacey,College of Charleston,CF,0.176,0.263,0.324,0.587,15,39,34,4,6,2,0,1,5,1,3,8,1,0,Coastal Athletic ,Away,
Destiny Sims,North Carolina A&T,LF,0.171,0.275,0.2,0.475,15,40,35,3,6,1,0,0,1,0,5,9,2,0,Coastal Athletic ,Away,
Cori Jones,Towson,2B,0.167,0.191,0.182,0.373,21,68,66,3,11,1,0,0,1,0,2,11,0,1,Coastal Athletic ,Away,
Abby Warner,Monmouth,C,0.163,0.3,0.306,0.606,19,60,49,3,8,4,0,1,4,4,6,14,1,0,Coastal Athletic ,Away,
Annabelle Smink,Drexel,RF,0.16,0.25,0.18,0.43,19,56,50,3,8,1,0,0,3,1,5,9,0,0,Coastal Athletic ,Away,
Lexi Castaneda,Monmouth,CF,0.158,0.238,0.237,0.475,16,42,38,3,6,1,1,0,3,2,2,4,1,2,Coastal Athletic ,Away,
Makayla Layton,North Carolina A&T,SS,0.154,0.327,0.179,0.506,19,49,39,1,6,1,0,0,2,4,6,19,1,1,Coastal Athletic ,Away,
Morgan Britt,UNC Wilmington,RF,0.145,0.217,0.226,0.443,22,70,62,11,9,2,0,1,6,0,6,9,6,2,Coastal Athletic ,Away,
Taylor Ivey,Hampton,3B,0.135,0.22,0.135,0.355,13,43,37,1,5,0,0,0,1,1,3,6,1,0,Coastal Athletic ,Away,
Savannah Lockhart,College of Charleston,DP,0.125,0.152,0.125,0.277,13,33,32,2,4,0,0,0,3,0,1,11,0,0,Coastal Athletic ,Away,
Mackenzie Fitzgerald,Hofstra,3B,0.12,0.182,0.16,0.342,20,57,50,3,6,2,0,0,2,0,4,14,0,0,Coastal Athletic ,Away,
Brooke Dye,Stony Brook,3B,0.116,0.174,0.116,0.29,18,49,43,1,5,0,0,0,3,1,2,10,0,0,Coastal Athletic ,Away,
TJ Webster,Western Kentucky,SS,0.474,0.545,0.539,1.085,26,89,76,27,36,2,0,1,8,0,12,4,11,1,Conference USA,Home,0.123
Alexis Gilio,Louisiana Tech,CF,0.433,0.513,0.478,0.99,23,81,67,14,29,3,0,0,16,1,11,8,9,1,Conference USA,Home,0.118
Dezianna Patmon,New Mexico State,DP,0.412,0.474,0.824,1.297,30,96,85,25,35,8,0,9,22,0,10,15,8,2,Conference USA,Home,0.061
Kally Meredith,Florida International,CF,0.41,0.449,0.446,0.895,28,99,83,19,34,0,0,1,8,0,6,7,15,1,Conference USA,Home,0.1
Ajia Richard,UTEP,3B,0.39,0.44,0.714,1.155,24,84,77,18,30,9,2,4,21,2,5,9,2,0,Conference USA,Home,0.032
Collier Peaden,Florida International,LF,0.384,0.418,0.384,0.801,25,91,86,16,33,0,0,0,4,0,5,7,4,2,Conference USA,Home,0.063
Halle Hogan,UTEP,RF,0.371,0.494,0.694,1.187,24,79,62,16,23,5,0,5,14,7,8,14,1,0,Conference USA,Home,0.13
Rachel Roupe,Liberty,RF,0.365,0.574,0.794,1.368,27,94,63,22,23,9,0,6,15,3,28,5,1,1,Conference USA,Home,0.068
Jillian Taylor,New Mexico State,CF,0.359,0.434,0.728,1.162,30,108,92,32,33,8,1,8,29,6,7,14,2,1,Conference USA,Home,-0.005
Kayla Lunar,New Mexico State,3B,0.358,0.439,0.493,0.932,29,83,67,11,24,4,1,1,13,0,12,11,2,1,Conference USA,Home,0.228
Morgan Sharpe,Western Kentucky,2B,0.355,0.395,0.461,0.856,26,89,76,16,27,4,2,0,13,1,6,11,1,0,Conference USA,Home,0.096
Krissy Boyd,New Mexico State,RF,0.353,0.433,0.471,0.904,25,60,51,12,18,3,0,1,8,1,7,8,1,0,Conference USA,Home,0.136
Ellie Grill,Sam Houston State,CF,0.352,0.395,0.535,0.93,21,77,71,11,25,4,0,3,13,1,4,5,2,2,Conference USA,Home,0.024
Brylee Hage,Western Kentucky,CF,0.347,0.467,0.373,0.841,25,92,75,21,26,2,0,0,12,8,9,5,1,0,Conference USA,Home,0.092
Taylor Sanders,Western Kentucky,3B,0.347,0.461,0.833,1.294,26,89,72,20,25,6,1,9,35,1,15,9,4,0,Conference USA,Home,0.045
Jayleen Burton,New Mexico State,SS,0.344,0.371,0.359,0.731,27,72,64,13,22,1,0,0,4,1,3,1,2,1,Conference USA,Home,0.144
Caroline Easom,Louisiana Tech,2B,0.343,0.375,0.418,0.793,23,74,67,4,23,5,0,0,15,0,4,4,0,0,Conference USA,Home,0.132
Amaya Harris,Middle Tennessee,RF,0.343,0.444,0.507,0.952,23,83,67,11,23,7,2,0,13,3,10,3,6,0,Conference USA,Home,0.136
Julia Herzinger,Sam Houston State,DP,0.341,0.446,0.636,1.083,19,56,44,7,15,4,0,3,12,2,8,10,1,0,Conference USA,Home,0.161
Brodie Quinlan,Sam Houston State,RF,0.34,0.415,0.468,0.883,17,53,47,7,16,6,0,0,4,0,6,5,3,0,Conference USA,Home,0.076
Cheyanne Sales,Western Kentucky,DP,0.338,0.488,0.585,1.073,26,86,65,10,22,4,0,4,25,1,19,7,0,1,Conference USA,Home,0.103
Elia Hebel,Sam Houston State,1B,0.333,0.42,0.633,1.054,20,69,60,11,20,6,0,4,11,3,6,5,0,0,Conference USA,Home,0.074
Brianna Garcia,UTEP,2B,0.327,0.462,0.5,0.962,24,67,52,11,17,3,0,2,12,0,13,11,1,1,Conference USA,Home,0.107
Brynn McManus,Liberty,DP,0.325,0.4,0.525,0.925,18,45,40,3,13,3,1,1,9,0,5,7,1,0,Conference USA,Home,-0.008
Jessica Carreon,New Mexico State,2B,0.321,0.368,0.472,0.84,24,59,53,18,17,3,1,1,3,0,4,4,3,1,Conference USA,Home,-0.012
Sophie Weber,Western Kentucky,RF,0.317,0.453,0.55,1.003,26,80,60,14,19,5,0,3,13,4,11,5,0,1,Conference USA,Home,0.067
Lexi Morales,UTEP,LF,0.314,0.455,0.5,0.955,24,88,70,20,22,8,1,1,11,1,17,5,2,1,Conference USA,Home,0.031
Claire Raley,Louisiana Tech,3B,0.314,0.36,0.371,0.731,23,79,70,13,22,2,1,0,3,0,5,14,4,3,Conference USA,Home,0.07
Raigan Barrett,Liberty,SS,0.313,0.389,0.375,0.764,27,75,64,10,20,4,0,0,8,3,5,11,0,0,Conference USA,Home,0.058
Morgan Holliday,Sam Houston State,SS,0.313,0.343,0.563,0.905,13,35,32,6,10,0,1,2,7,0,2,7,3,0,Conference USA,Home,0.113
Makayla Navarro,Florida International,2B,0.306,0.387,0.484,0.871,24,77,62,12,19,4,2,1,7,0,10,10,5,3,Conference USA,Home,0.101
Shelby Echols,Middle Tennessee,SS,0.3,0.412,0.343,0.755,23,87,70,19,21,3,0,0,7,0,14,10,6,2,Conference USA,Home,-0.023
Bailey Grossenbacher,Florida International,RF,0.3,0.354,0.443,0.797,26,79,70,14,21,4,0,2,13,0,7,11,6,0,Conference USA,Home,-0.12
Sierra Kersten,Liberty,C,0.3,0.368,0.52,0.888,22,57,50,5,15,2,0,3,17,2,4,7,0,0,Conference USA,Home,0.165
Ashton Lansdell,Florida International,SS,0.3,0.405,0.5,0.905,25,85,70,17,21,2,0,4,15,3,10,16,10,1,Conference USA,Home,-0.024
Riley Carley,New Mexico State,1B,0.296,0.316,0.535,0.851,25,78,71,13,21,3,1,4,21,0,3,10,2,0,Conference USA,Home,0.104
Tricia Yarotsky,Sam Houston State,3B,0.292,0.319,0.646,0.965,21,70,65,12,19,5,0,6,20,0,3,9,0,0,Conference USA,Home,-0.008
Casey Goguts,Florida International,1B,0.29,0.303,0.516,0.819,23,66,62,6,18,5,0,3,20,0,2,16,1,0,Conference USA,Home,0.046
Julia Garcia,Middle Tennessee,3B,0.288,0.329,0.409,0.738,21,70,66,3,19,2,0,2,9,0,4,8,0,0,Conference USA,Home,0.061
Lindsey Richardson,Jacksonville State,1B,0.283,0.353,0.5,0.853,20,68,60,6,17,2,1,3,17,2,5,5,0,0,Conference USA,Home,-0.007
Morgan Nowakowski,Jacksonville State,CF,0.283,0.358,0.467,0.825,20,68,60,12,17,5,0,2,4,0,7,3,0,0,Conference USA,Home,-0.062
Ashley Phillips,Jacksonville State,3B,0.283,0.353,0.65,1.003,20,69,60,13,17,4,0,6,16,0,7,7,0,0,Conference USA,Home,0.057
Zamya McBurrows,Florida International,2B,0.281,0.317,0.368,0.685,20,61,57,8,16,5,0,0,9,0,3,3,5,0,Conference USA,Home,0.037
Megan Fortner,Liberty,1B,0.278,0.356,0.494,0.849,27,90,79,12,22,3,1,4,8,1,9,12,0,0,Conference USA,Home,0.052
Emma Jones,Jacksonville State,SS,0.274,0.392,0.468,0.86,20,74,62,11,17,4,1,2,5,2,10,11,11,0,Conference USA,Home,-0.07
Katelin Cooper,Louisiana Tech,LF,0.273,0.484,0.477,0.961,21,62,44,13,12,6,0,1,5,1,17,12,1,1,Conference USA,Home,0.158
Kenzie Nicholson,Jacksonville State,2B,0.271,0.327,0.417,0.744,17,52,48,11,13,4,0,1,1,1,3,2,0,0,Conference USA,Home,-0.004
Shelby Sargent,Middle Tennessee,CF,0.27,0.333,0.381,0.714,23,70,63,7,17,4,0,1,8,0,6,10,1,0,Conference USA,Home,0.046
Kylie Neel,Louisiana Tech,DP,0.268,0.397,0.429,0.826,22,68,56,9,15,6,0,1,6,3,9,12,0,0,Conference USA,Home,-0.022
Lexi Medlock,Middle Tennessee,LF,0.262,0.314,0.385,0.699,23,71,65,11,17,3,1,1,5,0,5,14,2,1,Conference USA,Home,0.076
Alannah Rogers,Louisiana Tech,RF,0.262,0.375,0.361,0.736,22,74,61,11,16,3,0,1,11,0,11,8,1,1,Conference USA,Home,0.004
KK Madrey,Liberty,LF,0.261,0.316,0.275,0.591,26,77,69,11,18,1,0,0,4,1,5,20,4,0,Conference USA,Home,-0.06
Isabella Perez,Florida International,C,0.255,0.381,0.392,0.773,22,68,51,8,13,2,1,1,12,0,11,7,0,0,Conference USA,Home,0.02
Ansley Blevins,Middle Tennessee,C,0.254,0.32,0.612,0.932,22,75,67,9,17,2,2,6,15,1,6,21,1,0,Conference USA,Home,-0.057
Brooke Roberts,Liberty,2B,0.254,0.319,0.476,0.795,24,69,63,9,16,2,0,4,13,3,3,3,1,0,Conference USA,Home,0.066
Mary Claire Wilson,Liberty,CF,0.25,0.305,0.375,0.68,27,95,88,16,22,4,2,1,8,1,6,11,3,0,Conference USA,Home,-0.036
Kelsey Schmidt,Western Kentucky,LF,0.245,0.355,0.491,0.845,23,65,53,11,13,4,0,3,11,0,9,9,1,0,Conference USA,Home,0.045
Kenna Collett,UTEP,C,0.245,0.397,0.531,0.927,21,63,49,7,12,3,1,3,12,1,12,12,0,0,Conference USA,Home,0.04
Anna Sample,UTEP,1B,0.242,0.265,0.333,0.598,18,35,33,3,8,0,0,1,7,0,1,12,0,0,Conference USA,Home,0.057
Ava Brooks,Middle Tennessee,2B,0.241,0.281,0.352,0.633,20,60,54,8,13,0,0,2,6,0,3,11,0,0,Conference USA,Home,-0.036
Aubree Seaney,Louisiana Tech,1B,0.233,0.345,0.349,0.694,17,56,43,4,10,5,0,0,9,1,8,8,0,1,Conference USA,Home,0.054
Ava Tepe,Middle Tennessee,C,0.232,0.328,0.446,0.775,21,69,56,7,13,3,0,3,5,3,5,7,2,0,Conference USA,Home,0.092
Savannah Jessee,Liberty,C,0.229,0.327,0.375,0.702,23,57,48,2,11,4,0,1,3,0,7,8,0,0,Conference USA,Home,-0.057
Makalyn Kyser,Jacksonville State,C,0.222,0.339,0.6,0.939,20,57,45,9,10,5,0,4,20,0,9,10,0,0,Conference USA,Home,0.141
Abigail Brown,Florida International,DP,0.216,0.339,0.235,0.574,23,64,51,2,11,1,0,0,5,4,6,4,0,0,Conference USA,Home,0.032
Brooke Diaz,Louisiana Tech,C,0.205,0.385,0.282,0.667,20,54,39,1,8,3,0,0,4,2,10,11,0,0,Conference USA,Home,-0.116
Haleigh Carter,Sam Houston State,2B,0.204,0.278,0.265,0.543,18,55,49,8,10,1,1,0,2,0,5,5,3,1,Conference USA,Home,0.025
Ashlynn Allen,UTEP,CF,0.203,0.25,0.407,0.657,24,66,59,9,12,1,1,3,10,0,4,10,2,0,Conference USA,Home,-0.103
Randi Drinnon,Western Kentucky,C,0.197,0.306,0.328,0.633,26,77,61,4,12,5,0,1,9,0,10,5,0,0,Conference USA,Home,0.002
Kendal Lunar,New Mexico State,C,0.194,0.271,0.355,0.626,26,70,62,6,12,1,0,3,8,2,5,5,2,1,Conference USA,Home,0.027
Madi Mendoza,UTEP,SS,0.19,0.261,0.19,0.451,24,50,42,3,8,0,0,0,2,1,3,11,4,1,Conference USA,Home,0.043
Rachel Craine,Liberty,3B,0.173,0.228,0.25,0.478,26,58,52,3,9,1,0,1,10,2,2,7,1,0,Conference USA,Home,0.057
Nicole Hammoude,Louisiana Tech,SS,0.167,0.239,0.333,0.572,22,68,60,9,10,4,0,2,13,1,5,6,1,0,Conference USA,Home,-0.087
Hannah Scheaffer,Sam Houston State,C,0.135,0.195,0.135,0.33,18,44,37,4,5,0,0,0,4,1,2,6,0,0,Conference USA,Home,-0.179
Bailey Grossenbacher,Florida International,RF,0.42,0.491,0.82,1.311,18,57,50,13,21,5,0,5,14,2,5,6,0,0,Conference USA,Away,
Jillian Taylor,New Mexico State,CF,0.364,0.444,0.491,0.935,18,66,55,18,20,0,2,1,2,3,5,9,3,0,Conference USA,Away,
Ajia Richard,UTEP,3B,0.358,0.464,0.642,1.105,18,70,53,13,19,3,0,4,16,2,11,7,0,1,Conference USA,Away,
TJ Webster,Western Kentucky,SS,0.351,0.413,0.351,0.764,18,65,57,7,20,0,0,0,1,0,6,1,4,0,Conference USA,Away,
Dezianna Patmon,New Mexico State,DP,0.351,0.448,0.649,1.097,20,69,57,13,20,2,0,5,18,1,9,9,6,0,Conference USA,Away,
Morgan Nowakowski,Jacksonville State,CF,0.345,0.443,0.552,0.995,20,71,58,9,20,4,1,2,9,1,10,4,0,0,Conference USA,Away,
Emma Jones,Jacksonville State,SS,0.344,0.468,0.453,0.921,20,79,64,15,22,7,0,0,7,5,10,14,9,1,Conference USA,Away,
Jessica Carreon,New Mexico State,2B,0.333,0.404,0.357,0.761,19,48,42,9,14,1,0,0,2,0,5,8,5,2,Conference USA,Away,
Brynn McManus,Liberty,DP,0.333,0.342,0.611,0.953,20,38,36,4,12,4,0,2,7,0,1,3,0,0,Conference USA,Away,
Ellie Grill,Sam Houston State,CF,0.328,0.417,0.393,0.81,20,75,61,9,20,4,0,0,6,1,9,7,0,0,Conference USA,Away,
Ashton Lansdell,Florida International,SS,0.324,0.385,0.559,0.943,13,39,34,6,11,0,1,2,9,0,4,8,4,1,Conference USA,Away,
Shelby Echols,Middle Tennessee,SS,0.323,0.373,0.355,0.728,18,67,62,5,20,2,0,0,3,0,5,3,1,1,Conference USA,Away,
Brooke Diaz,Louisiana Tech,C,0.321,0.35,0.393,0.743,20,61,56,4,18,4,0,0,7,0,3,8,0,0,Conference USA,Away,
KK Madrey,Liberty,LF,0.321,0.41,0.434,0.844,20,61,53,12,17,1,1,1,4,1,7,6,11,1,Conference USA,Away,
Collier Peaden,Florida International,LF,0.321,0.333,0.339,0.673,17,58,56,7,18,1,0,0,3,0,1,4,6,0,Conference USA,Away,
Alexis Gilio,Louisiana Tech,CF,0.315,0.366,0.342,0.708,22,83,73,11,23,0,1,0,6,0,7,11,4,0,Conference USA,Away,
Hannah Scheaffer,Sam Houston State,C,0.314,0.321,0.471,0.791,20,56,51,7,16,2,0,2,8,1,0,3,1,0,Conference USA,Away,
Ansley Blevins,Middle Tennessee,C,0.311,0.404,0.867,1.271,16,52,45,8,14,1,0,8,12,1,6,12,0,0,Conference USA,Away,
Kally Meredith,Florida International,CF,0.31,0.333,0.31,0.644,18,63,58,14,18,0,0,0,3,0,2,2,6,1,Conference USA,Away,
Ashlynn Allen,UTEP,CF,0.306,0.352,0.49,0.842,18,56,49,6,15,4,1,1,9,0,4,2,0,0,Conference USA,Away,
Taylor Sanders,Western Kentucky,3B,0.302,0.413,0.774,1.186,18,63,53,17,16,3,2,6,12,0,10,6,0,0,Conference USA,Away,
Tricia Yarotsky,Sam Houston State,3B,0.3,0.375,0.42,0.795,18,57,50,6,15,0,0,2,4,2,4,9,0,0,Conference USA,Away,
Rachel Roupe,Liberty,RF,0.297,0.43,0.641,1.071,21,79,64,14,19,4,0,6,15,1,14,5,0,0,Conference USA,Away,
Kylie Neel,Louisiana Tech,DP,0.29,0.359,0.507,0.866,22,78,69,10,20,4,1,3,12,1,7,22,1,1,Conference USA,Away,
Lindsey Richardson,Jacksonville State,1B,0.29,0.338,0.484,0.822,19,68,62,5,18,0,0,4,16,1,4,12,0,0,Conference USA,Away,
Mary Claire Wilson,Liberty,CF,0.286,0.346,0.357,0.703,21,79,70,14,20,2,0,1,6,1,6,8,3,0,Conference USA,Away,
Savannah Jessee,Liberty,C,0.286,0.366,0.486,0.852,17,41,35,2,10,4,0,1,6,3,2,5,0,0,Conference USA,Away,
Lexi Morales,UTEP,LF,0.283,0.38,0.4,0.78,18,72,60,10,17,4,0,1,7,0,10,6,1,0,Conference USA,Away,
Ava Brooks,Middle Tennessee,2B,0.277,0.271,0.319,0.59,16,48,47,3,13,2,0,0,3,0,0,13,1,1,Conference USA,Away,
Kenzie Nicholson,Jacksonville State,2B,0.275,0.387,0.294,0.681,19,64,51,4,14,1,0,0,7,5,5,2,5,0,Conference USA,Away,
Brodie Quinlan,Sam Houston State,RF,0.264,0.339,0.321,0.66,18,59,53,6,14,3,0,0,5,0,6,10,2,1,Conference USA,Away,
Elia Hebel,Sam Houston State,1B,0.259,0.394,0.519,0.912,20,68,54,6,14,2,0,4,10,1,11,7,0,0,Conference USA,Away,
Morgan Sharpe,Western Kentucky,2B,0.259,0.279,0.328,0.606,18,61,58,4,15,2,1,0,7,0,2,11,0,0,Conference USA,Away,
Alannah Rogers,Louisiana Tech,RF,0.258,0.314,0.339,0.653,20,73,62,5,16,5,0,0,7,1,5,12,0,1,Conference USA,Away,
Brylee Hage,Western Kentucky,CF,0.255,0.369,0.273,0.642,18,66,55,5,14,1,0,0,2,4,6,5,0,2,Conference USA,Away,
Raigan Barrett,Liberty,SS,0.255,0.356,0.412,0.768,21,61,51,10,13,3,1,1,7,1,7,6,1,0,Conference USA,Away,
Nicole Hammoude,Louisiana Tech,SS,0.254,0.293,0.352,0.645,22,75,71,8,18,4,0,1,10,0,4,16,0,0,Conference USA,Away,
Sophie Weber,Western Kentucky,RF,0.25,0.34,0.3,0.64,17,48,40,4,10,2,0,0,3,1,5,7,0,0,Conference USA,Away,
Casey Goguts,Florida International,1B,0.244,0.277,0.311,0.588,14,47,45,4,11,3,0,0,6,0,2,11,0,0,Conference USA,Away,
Claire Raley,Louisiana Tech,3B,0.244,0.259,0.449,0.708,22,84,78,12,19,2,1,4,11,0,2,22,2,1,Conference USA,Away,
Zamya McBurrows,Florida International,2B,0.244,0.244,0.356,0.6,14,45,45,4,11,3,1,0,6,0,0,4,2,1,Conference USA,Away,
Halle Hogan,UTEP,RF,0.241,0.323,0.407,0.73,17,62,54,10,13,3,0,2,7,2,5,8,1,1,Conference USA,Away,
Cheyanne Sales,Western Kentucky,DP,0.235,0.361,0.314,0.674,18,63,51,4,12,1,0,1,6,1,9,8,2,0,Conference USA,Away,
Isabella Perez,Florida International,C,0.235,0.278,0.275,0.552,18,54,51,5,12,2,0,0,5,0,3,5,0,0,Conference USA,Away,
Julia Garcia,Middle Tennessee,3B,0.227,0.32,0.295,0.615,16,50,44,2,10,0,0,1,3,2,4,7,0,1,Conference USA,Away,
Megan Fortner,Liberty,1B,0.226,0.315,0.581,0.896,21,73,62,12,14,5,1,5,17,1,8,5,1,0,Conference USA,Away,
Ashley Phillips,Jacksonville State,3B,0.226,0.328,0.377,0.705,18,63,53,5,12,2,0,2,5,0,8,15,0,0,Conference USA,Away,
Shelby Sargent,Middle Tennessee,CF,0.224,0.283,0.347,0.63,18,53,49,3,11,3,0,1,3,0,4,13,1,0,Conference USA,Away,
Brianna Garcia,UTEP,2B,0.22,0.353,0.244,0.597,18,56,41,6,9,1,0,0,4,1,8,5,0,0,Conference USA,Away,
Krissy Boyd,New Mexico State,RF,0.217,0.31,0.435,0.745,15,29,23,3,5,2,0,1,3,1,3,7,0,0,Conference USA,Away,
Caroline Easom,Louisiana Tech,2B,0.211,0.282,0.239,0.521,22,79,71,6,15,2,0,0,5,0,7,9,0,0,Conference USA,Away,
Amaya Harris,Middle Tennessee,RF,0.207,0.258,0.276,0.534,18,63,58,3,12,4,0,0,4,0,4,7,1,0,Conference USA,Away,
Makayla Navarro,Florida International,2B,0.205,0.238,0.256,0.495,15,42,39,4,8,2,0,0,5,0,2,12,2,0,Conference USA,Away,
Kenna Collett,UTEP,C,0.205,0.311,0.308,0.619,16,45,39,3,8,1,0,1,2,0,6,12,0,0,Conference USA,Away,
Kelsey Schmidt,Western Kentucky,LF,0.2,0.275,0.429,0.704,17,41,35,3,7,2,0,2,5,0,4,7,1,0,Conference USA,Away,
Jayleen Burton,New Mexico State,SS,0.2,0.273,0.28,0.553,20,58,50,8,10,4,0,0,3,0,5,5,0,0,Conference USA,Away,
Morgan Holliday,Sam Houston State,SS,0.2,0.265,0.267,0.532,17,51,45,7,9,1,1,0,1,1,3,12,1,0,Conference USA,Away,
Randi Drinnon,Western Kentucky,C,0.195,0.353,0.22,0.572,18,53,41,2,8,1,0,0,6,0,10,8,0,0,Conference USA,Away,
Riley Carley,New Mexico State,1B,0.192,0.189,0.212,0.4,17,54,52,2,10,1,0,0,2,0,0,14,0,1,Conference USA,Away,
Brooke Roberts,Liberty,2B,0.188,0.235,0.271,0.506,19,53,48,3,9,1,0,1,8,2,1,4,1,0,Conference USA,Away,
Lexi Medlock,Middle Tennessee,LF,0.186,0.205,0.419,0.623,16,46,43,7,8,1,0,3,5,0,1,12,0,0,Conference USA,Away,
Anna Sample,UTEP,1B,0.185,0.214,0.296,0.511,14,29,27,0,5,3,0,0,1,0,1,8,0,0,Conference USA,Away,
Abigail Brown,Florida International,DP,0.184,0.244,0.211,0.454,16,42,38,0,7,1,0,0,4,0,3,1,0,0,Conference USA,Away,
Julia Herzinger,Sam Houston State,DP,0.18,0.293,0.18,0.473,19,60,50,4,9,0,0,0,2,2,6,15,0,0,Conference USA,Away,
Haleigh Carter,Sam Houston State,2B,0.179,0.23,0.196,0.426,19,64,56,7,10,1,0,0,7,1,3,3,2,1,Conference USA,Away,
Aubree Seaney,Louisiana Tech,1B,0.179,0.246,0.268,0.514,18,61,56,5,10,2,0,1,8,1,4,16,0,0,Conference USA,Away,
Kendal Lunar,New Mexico State,C,0.167,0.167,0.25,0.417,15,48,48,1,8,1,0,1,4,0,0,12,0,0,Conference USA,Away,
Madi Mendoza,UTEP,SS,0.147,0.194,0.235,0.43,17,39,34,6,5,0,0,1,3,0,2,4,0,1,Conference USA,Away,
Ava Tepe,Middle Tennessee,C,0.14,0.315,0.233,0.547,18,58,43,3,6,1,0,1,1,5,6,5,0,0,Conference USA,Away,
Sierra Kersten,Liberty,C,0.135,0.161,0.173,0.334,19,56,52,2,7,2,0,0,5,0,2,10,0,0,Conference USA,Away,
Kayla Lunar,New Mexico State,3B,0.13,0.167,0.196,0.362,20,49,46,2,6,0,0,1,3,2,0,11,2,0,Conference USA,Away,
Rachel Craine,Liberty,3B,0.116,0.22,0.186,0.406,19,50,43,2,5,0,0,1,4,1,5,10,1,0,Conference USA,Away,
Katelin Cooper,Louisiana Tech,LF,0.115,0.288,0.212,0.499,22,66,52,7,6,0,1,1,5,1,12,25,1,0,Conference USA,Away,
Makalyn Kyser,Jacksonville State,C,0.081,0.19,0.081,0.272,17,43,37,5,3,0,0,0,1,0,5,10,0,0,Conference USA,Away,
Kendal Calvert,IU Indy,CF,0.471,0.5,0.627,1.127,15,56,51,13,24,6,1,0,10,1,2,6,6,2,Horizon League,Home,0.065
Brooke Albaugh,Cleveland State,CF,0.442,0.483,0.673,1.156,16,58,52,16,23,5,2,1,8,4,1,3,1,0,Horizon League,Home,0.123
Olivia Pastin,Northern Kentucky,DP,0.438,0.451,0.854,1.305,16,52,48,6,21,5,0,5,18,0,2,4,0,0,Horizon League,Home,0.073
Emma Gilkerson,Cleveland State,LF,0.429,0.52,0.667,1.187,16,52,42,3,18,4,0,2,11,0,8,3,0,0,Horizon League,Home,0.121
Melissa Holzopfel,Cleveland State,P,0.42,0.431,0.68,1.111,15,51,50,13,21,4,0,3,14,0,1,8,1,1,Horizon League,Home,0.149
Grace Hollopeter,Fort Wayne,C,0.42,0.446,0.62,1.066,14,56,50,7,21,4,0,2,12,0,4,1,0,0,Horizon League,Home,0.117
Aglaia Rudd,Fort Wayne,C,0.396,0.463,0.667,1.13,14,54,48,7,19,4,0,3,16,1,5,0,0,0,Horizon League,Home,0.073
Conchetta Rinaldi,Youngstown State,C,0.393,0.443,0.5,0.943,21,66,56,6,22,6,0,0,14,0,5,4,1,0,Horizon League,Home,0.08
Elyssa Imler,Youngstown State,SS,0.386,0.429,0.509,0.937,21,63,57,13,22,4,0,1,17,0,5,6,6,0,Horizon League,Home,0.038
Ella LeMonier,Northern Kentucky,CF,0.385,0.431,0.423,0.854,16,59,52,11,20,2,0,0,6,0,5,10,6,0,Horizon League,Home,0.001
Lydia Wilkerson,Youngstown State,3B,0.367,0.435,0.517,0.951,21,73,60,9,22,3,0,2,12,0,8,7,0,0,Horizon League,Home,0.043
Hailey Niederkohr,Youngstown State,CF,0.36,0.475,0.58,1.055,20,61,50,9,18,1,5,0,13,0,11,16,2,0,Horizon League,Home,0.149
Becky Hurosky,Cleveland State,1B,0.359,0.395,0.538,0.934,15,45,39,5,14,1,0,2,13,1,2,6,0,0,Horizon League,Home,0.02
Bailey Manos,Fort Wayne,CF,0.358,0.404,0.472,0.875,14,57,53,13,19,3,0,1,5,0,4,12,4,0,Horizon League,Home,0.062
Reese Ruhlman,Oakland,3B,0.353,0.476,0.647,1.123,12,42,34,7,12,1,0,3,12,4,4,9,2,0,Horizon League,Home,0.121
Madi Herrington,Oakland,LF,0.35,0.366,0.525,0.891,14,41,40,3,14,3,2,0,7,1,0,2,1,1,Horizon League,Home,0.133
Kennedy Dean,Youngstown State,DP,0.339,0.422,0.679,1.1,21,64,56,12,19,5,1,4,15,2,6,13,1,0,Horizon League,Home,0.132
Sara Fessler,Youngstown State,2B,0.333,0.5,0.667,1.167,21,76,57,22,19,3,2,4,7,7,12,14,2,2,Horizon League,Home,0.063
Anna Resnik,Robert Morris,2B,0.325,0.386,0.45,0.836,14,48,40,7,13,5,0,0,8,2,2,4,0,1,Horizon League,Home,0.047
Jena Rhoads,Northern Kentucky,RF,0.318,0.348,0.477,0.825,16,49,44,9,14,5,1,0,5,2,0,4,3,0,Horizon League,Home,0.012
Kaylyn Hopf,Robert Morris,LF,0.318,0.388,0.318,0.706,13,50,44,7,14,0,0,0,4,1,4,1,0,0,Horizon League,Home,-0.007
Paige Hanson,Green Bay,3B,0.31,0.355,0.448,0.803,11,34,29,6,9,0,2,0,2,0,2,5,0,1,Horizon League,Home,0.143
Mack Brow,Northern Kentucky,3B,0.308,0.379,0.385,0.764,12,31,26,1,8,2,0,0,1,0,3,4,0,0,Horizon League,Home,0.079
Jen Krizka,Oakland,C,0.306,0.422,0.389,0.811,13,45,36,5,11,3,0,0,5,2,6,6,0,0,Horizon League,Home,-0.15
Maci Brown,Oakland,2B,0.306,0.327,0.429,0.755,14,53,49,5,15,4,1,0,6,0,2,13,5,0,Horizon League,Home,0.013
Jada Davis,Detroit,SS,0.303,0.333,0.788,1.121,12,37,33,6,10,2,1,4,9,0,2,12,0,0,Horizon League,Home,0.16
Gwen McMenemy,Fort Wayne,RF,0.303,0.361,0.303,0.664,13,39,33,9,10,0,0,0,1,0,3,7,0,0,Horizon League,Home,0.128
Kylie Gorsuch,Cleveland State,C,0.302,0.333,0.372,0.705,16,47,43,4,13,3,0,0,2,0,2,4,0,0,Horizon League,Home,0.078
Maddie Lacer,Northern Kentucky,C,0.3,0.364,0.4,0.764,16,56,50,4,15,5,0,0,9,1,4,3,2,0,Horizon League,Home,0.068
Rachael Gregory,IU Indy,3B,0.298,0.389,0.383,0.772,15,54,47,10,14,4,0,0,5,2,5,8,1,0,Horizon League,Home,-0.012
Alexis Hoff,Detroit,2B,0.294,0.314,0.412,0.726,12,35,34,5,10,1,0,1,3,0,1,9,0,0,Horizon League,Home,0.103
Kamryn Troyer,Oakland,RF,0.293,0.356,0.39,0.746,14,45,41,8,12,4,0,0,5,1,3,7,1,0,Horizon League,Home,0.005
Catalina Saxen,Robert Morris,DP,0.289,0.372,0.316,0.688,13,43,38,2,11,1,0,0,6,0,5,2,1,0,Horizon League,Home,-0.061
Kaylin Fahy,Green Bay,LF,0.286,0.359,0.429,0.788,14,41,35,2,10,1,2,0,4,1,3,4,1,0,Horizon League,Home,0.03
Avery Winchell,Robert Morris,1B,0.283,0.313,0.587,0.899,14,48,46,8,13,6,1,2,13,0,2,7,0,0,Horizon League,Home,0.1
Meadow Sacadura,Robert Morris,C,0.281,0.343,0.313,0.655,13,36,32,6,9,1,0,0,2,0,3,3,0,0,Horizon League,Home,0.081
Jillian Jakse,Youngstown State,1B,0.281,0.343,0.316,0.659,21,69,57,11,16,2,0,0,13,0,7,3,1,0,Horizon League,Home,0.008
Macy Littler,Youngstown State,LF,0.268,0.311,0.293,0.604,18,47,41,6,11,1,0,0,7,0,3,10,2,1,Horizon League,Home,0.007
Charlotte Grover,Robert Morris,SS,0.267,0.425,0.3,0.725,14,41,30,7,8,1,0,0,6,0,9,5,0,0,Horizon League,Home,-0.008
Jess Matheny,Robert Morris,CF,0.263,0.263,0.263,0.526,11,20,19,4,5,0,0,0,3,0,0,2,0,0,Horizon League,Home,0.041
Alaina Koutsogiani,Robert Morris,3B,0.263,0.317,0.342,0.659,14,41,38,6,10,3,0,0,2,0,3,8,1,1,Horizon League,Home,0.027
Paige McPhearson,IU Indy,RF,0.261,0.32,0.283,0.603,15,51,46,8,12,1,0,0,9,0,4,12,3,0,Horizon League,Home,-0.091
Kasie Keyes,IU Indy,1B,0.257,0.278,0.314,0.592,13,36,35,6,9,0,1,0,5,0,1,9,4,0,Horizon League,Home,0.067
Samantha Saloun,Green Bay,C,0.256,0.37,0.513,0.882,14,46,39,3,10,3,2,1,6,1,6,10,0,0,Horizon League,Home,-0.048
Brayden Lickey,Fort Wayne,SS,0.25,0.276,0.321,0.597,10,32,28,4,7,2,0,0,3,0,1,7,0,0,Horizon League,Home,0.024
Jenna Holt,Detroit,RF,0.25,0.27,0.25,0.52,12,39,36,5,9,0,0,0,2,0,1,4,2,0,Horizon League,Home,0.033
Taylor Carraway,Oakland,DP,0.25,0.4,0.306,0.706,14,46,36,4,9,2,0,0,5,1,8,6,1,0,Horizon League,Home,-0.046
Brooke Lickey,Fort Wayne,3B,0.244,0.333,0.39,0.724,14,49,41,7,10,3,0,1,6,1,5,8,0,0,Horizon League,Home,0.104
Hailey Heckenlaible,Green Bay,1B,0.242,0.422,0.273,0.695,14,45,33,8,8,1,0,0,3,3,8,6,1,0,Horizon League,Home,0.018
Sydni Barnes,Northern Kentucky,2B,0.239,0.3,0.326,0.626,16,53,46,7,11,1,0,1,5,0,4,4,3,0,Horizon League,Home,-0.089
Bella Herman,Green Bay,CF,0.239,0.327,0.239,0.566,14,52,46,4,11,0,0,0,4,0,6,9,0,0,Horizon League,Home,-0.147
Amanda Schick,Detroit,3B,0.235,0.235,0.294,0.529,12,34,34,3,8,2,0,0,3,0,0,8,0,0,Horizon League,Home,0.035
Courtney Poulich,Robert Morris,RF,0.231,0.31,0.538,0.849,11,30,26,5,6,0,1,2,9,0,3,8,0,0,Horizon League,Home,-0.012
Trinity Fessler,Detroit,2B,0.216,0.293,0.486,0.779,12,41,37,7,8,1,0,3,6,0,4,9,0,0,Horizon League,Home,-0.101
Elyssa Adams,Detroit,C,0.214,0.4,0.214,0.614,10,20,14,2,3,0,0,0,1,1,4,7,0,0,Horizon League,Home,0.135
Kendal Herschbach,Green Bay,RF,0.206,0.25,0.235,0.485,12,39,34,2,7,1,0,0,1,0,2,6,1,0,Horizon League,Home,-0.028
Kiera Frascone,Cleveland State,RF,0.205,0.205,0.205,0.41,16,41,39,3,8,0,0,0,1,0,0,1,0,0,Horizon League,Home,-0.059
Trinity Robertson,Northern Kentucky,1B,0.205,0.367,0.41,0.778,16,50,39,4,8,2,0,2,3,0,10,12,0,0,Horizon League,Home,-0.019
Jaiden Lara,Detroit,1B,0.2,0.273,0.3,0.573,12,33,30,2,6,0,0,1,2,0,3,11,0,0,Horizon League,Home,0.054
Epiphany Hang,Fort Wayne,1B,0.188,0.206,0.188,0.393,10,34,32,0,6,0,0,0,4,0,1,3,0,0,Horizon League,Home,-0.08
Sophie Spellman,Cleveland State,3B,0.184,0.184,0.449,0.633,16,49,49,5,9,1,0,4,8,0,0,14,1,0,Horizon League,Home,-0.156
Lauren Porter,Green Bay,SS,0.184,0.209,0.237,0.446,14,43,38,3,7,0,1,0,6,1,1,12,1,0,Horizon League,Home,0.002
Tatum Biddle,Northern Kentucky,SS,0.175,0.283,0.275,0.558,16,47,40,2,7,2,1,0,2,1,5,11,0,1,Horizon League,Home,-0.087
Jenna Deang,Cleveland State,SS,0.157,0.17,0.176,0.346,16,58,51,10,8,1,0,0,3,0,1,11,4,0,Horizon League,Home,-0.181
Maggie Murphy,Oakland,1B,0.154,0.313,0.154,0.466,8,16,13,0,2,0,0,0,0,1,2,3,0,0,Horizon League,Home,-0.026
Kelli Riordan,IU Indy,2B,0.143,0.219,0.179,0.397,14,35,28,4,4,1,0,0,1,0,3,8,0,0,Horizon League,Home,-0.037
Claire Borg,Detroit,LF,0.143,0.25,0.179,0.429,12,32,28,2,4,1,0,0,0,2,2,12,0,0,Horizon League,Home,-0.049
Peyton Mueller-Stenz,Cleveland State,2B,0.139,0.225,0.222,0.447,15,42,36,5,5,0,0,1,2,0,4,5,2,0,Horizon League,Home,-0.129
McKenna Minton,Fort Wayne,LF,0.135,0.256,0.189,0.445,14,44,37,6,5,2,0,0,2,0,6,6,1,0,Horizon League,Home,-0.092
Brielle DiMemmo,Northern Kentucky,DP,0.125,0.344,0.167,0.51,15,33,24,2,3,1,0,0,1,3,5,9,0,0,Horizon League,Home,-0.042
Tori Countryman,Fort Wayne,2B,0.118,0.211,0.147,0.358,13,39,34,2,4,1,0,0,2,0,4,5,0,0,Horizon League,Home,-0.043
Jenna Johnston,Oakland,SS,0.111,0.111,0.167,0.278,12,36,36,4,4,2,0,0,2,0,0,4,1,0,Horizon League,Home,-0.084
Jen Krizka,Oakland,C,0.456,0.532,0.735,1.267,24,82,68,9,31,4,0,5,23,2,9,12,1,0,Horizon League,Away,
Kendal Calvert,IU Indy,CF,0.406,0.423,0.449,0.872,20,76,69,15,28,3,0,0,2,1,1,9,5,1,Horizon League,Away,
Bella Herman,Green Bay,CF,0.386,0.426,0.491,0.917,17,61,57,9,22,4,1,0,9,1,3,10,0,1,Horizon League,Away,
Ella LeMonier,Northern Kentucky,CF,0.384,0.451,0.521,0.972,21,85,73,17,28,4,3,0,13,0,9,8,6,2,Horizon League,Away,
Olivia Pastin,Northern Kentucky,DP,0.365,0.438,0.508,0.946,21,74,63,7,23,7,1,0,15,4,5,11,1,0,Horizon League,Away,
Paige McPhearson,IU Indy,RF,0.352,0.478,0.5,0.978,20,67,54,5,19,3,1,1,12,0,13,12,2,0,Horizon League,Away,
Catalina Saxen,Robert Morris,DP,0.35,0.416,0.475,0.891,26,89,80,6,28,4,0,2,12,0,9,7,0,0,Horizon League,Away,
Elyssa Imler,Youngstown State,SS,0.348,0.377,0.409,0.786,21,71,66,16,23,4,0,0,3,1,2,2,6,1,Horizon League,Away,
Sophie Spellman,Cleveland State,3B,0.34,0.347,0.383,0.73,19,53,47,5,16,2,0,0,7,0,1,5,1,0,Horizon League,Away,
Becky Hurosky,Cleveland State,1B,0.339,0.371,0.508,0.879,20,63,59,4,20,4,0,2,12,0,3,4,0,0,Horizon League,Away,
Jenna Deang,Cleveland State,SS,0.338,0.394,0.369,0.764,20,75,65,13,22,2,0,0,3,2,4,9,5,2,Horizon League,Away,
Sydni Barnes,Northern Kentucky,2B,0.328,0.378,0.448,0.826,22,78,67,9,22,8,0,0,9,2,4,5,4,1,Horizon League,Away,
Kaylyn Hopf,Robert Morris,LF,0.325,0.365,0.363,0.727,24,88,80,12,26,1,1,0,9,0,5,9,4,0,Horizon League,Away,
Lydia Wilkerson,Youngstown State,3B,0.324,0.363,0.378,0.741,21,82,74,8,24,4,0,0,3,1,4,6,0,0,Horizon League,Away,
Aglaia Rudd,Fort Wayne,C,0.323,0.353,0.462,0.814,21,68,65,6,21,9,0,0,9,0,3,4,4,0,Horizon League,Away,
Brooke Albaugh,Cleveland State,CF,0.319,0.364,0.569,0.933,20,77,72,17,23,10,1,2,14,4,1,5,0,0,Horizon League,Away,
Trinity Fessler,Detroit,2B,0.317,0.431,0.483,0.914,24,73,60,11,19,7,0,1,5,0,12,9,2,1,Horizon League,Away,
Conchetta Rinaldi,Youngstown State,C,0.313,0.343,0.391,0.734,20,67,64,6,20,2,0,1,12,1,2,10,0,0,Horizon League,Away,
Rachael Gregory,IU Indy,3B,0.31,0.429,0.345,0.773,20,71,58,12,18,2,0,0,2,1,11,6,0,0,Horizon League,Away,
Emma Gilkerson,Cleveland State,LF,0.308,0.419,0.558,0.977,20,63,52,9,16,4,0,3,6,0,10,4,0,0,Horizon League,Away,
Jena Rhoads,Northern Kentucky,RF,0.306,0.353,0.387,0.74,20,68,62,14,19,3,1,0,9,1,4,6,5,0,Horizon League,Away,
Samantha Saloun,Green Bay,C,0.304,0.365,0.536,0.901,19,63,56,7,17,4,0,3,15,1,5,5,0,0,Horizon League,Away,
Grace Hollopeter,Fort Wayne,C,0.303,0.346,0.671,1.017,24,81,76,15,23,5,1,7,16,1,4,8,3,0,Horizon League,Away,
Bailey Manos,Fort Wayne,CF,0.296,0.313,0.333,0.647,24,84,81,11,24,3,0,0,2,0,2,15,4,0,Horizon League,Away,
Taylor Carraway,Oakland,DP,0.296,0.387,0.444,0.832,22,66,54,9,16,5,0,1,6,2,6,9,1,0,Horizon League,Away,
Maci Brown,Oakland,2B,0.293,0.303,0.387,0.689,24,81,75,16,22,2,1,1,4,1,0,14,3,2,Horizon League,Away,
Kamryn Troyer,Oakland,RF,0.288,0.325,0.466,0.79,24,80,73,7,21,6,2,1,21,1,3,10,3,1,Horizon League,Away,
Anna Resnik,Robert Morris,2B,0.278,0.316,0.322,0.638,27,99,90,7,25,4,0,0,5,0,5,15,1,0,Horizon League,Away,
Charlotte Grover,Robert Morris,SS,0.275,0.373,0.29,0.663,27,88,69,7,19,1,0,0,4,2,10,13,0,0,Horizon League,Away,
Jillian Jakse,Youngstown State,1B,0.273,0.375,0.409,0.784,21,80,66,6,18,6,0,1,16,3,9,10,1,0,Horizon League,Away,
Melissa Holzopfel,Cleveland State,P,0.271,0.283,0.424,0.707,18,64,59,7,16,2,2,1,12,0,1,6,1,0,Horizon League,Away,
Sara Fessler,Youngstown State,2B,0.27,0.405,0.571,0.976,21,80,63,13,17,4,0,5,11,1,14,15,3,1,Horizon League,Away,
Epiphany Hang,Fort Wayne,1B,0.268,0.317,0.304,0.62,21,60,56,2,15,2,0,0,4,0,4,8,0,0,Horizon League,Away,
Peyton Mueller-Stenz,Cleveland State,2B,0.268,0.333,0.415,0.748,15,45,41,4,11,3,0,1,5,0,4,6,0,2,Horizon League,Away,
Kiera Frascone,Cleveland State,RF,0.264,0.316,0.321,0.637,20,58,53,8,14,3,0,0,5,1,3,9,1,1,Horizon League,Away,
Tatum Biddle,Northern Kentucky,SS,0.262,0.338,0.328,0.666,22,74,61,11,16,4,0,0,8,0,8,16,2,0,Horizon League,Away,
Macy Littler,Youngstown State,LF,0.261,0.314,0.326,0.64,18,55,46,9,12,1,1,0,4,0,4,11,3,0,Horizon League,Away,
Kaylin Fahy,Green Bay,LF,0.256,0.283,0.326,0.608,17,49,43,6,11,1,1,0,5,1,1,5,2,2,Horizon League,Away,
Courtney Poulich,Robert Morris,RF,0.243,0.338,0.471,0.809,26,80,70,12,17,4,0,4,11,6,4,13,1,0,Horizon League,Away,
Alaina Koutsogiani,Robert Morris,3B,0.236,0.353,0.417,0.77,27,86,72,13,17,2,1,3,10,3,10,24,4,0,Horizon League,Away,
Kendal Herschbach,Green Bay,RF,0.234,0.25,0.255,0.505,15,51,47,5,11,1,0,0,0,0,1,8,3,2,Horizon League,Away,
Reese Ruhlman,Oakland,3B,0.232,0.341,0.275,0.617,24,83,69,12,16,1,1,0,7,5,7,12,3,0,Horizon League,Away,
Maddie Lacer,Northern Kentucky,C,0.232,0.308,0.261,0.569,22,82,69,9,16,2,0,0,9,1,7,13,3,1,Horizon League,Away,
Mack Brow,Northern Kentucky,3B,0.229,0.393,0.229,0.623,22,64,48,5,11,0,0,0,3,1,12,7,0,0,Horizon League,Away,
McKenna Minton,Fort Wayne,LF,0.227,0.278,0.258,0.535,24,72,66,10,15,2,0,0,4,3,2,8,1,1,Horizon League,Away,
Brayden Lickey,Fort Wayne,SS,0.226,0.293,0.302,0.595,20,60,53,6,12,4,0,0,7,0,5,20,2,1,Horizon League,Away,
Hailey Heckenlaible,Green Bay,1B,0.224,0.35,0.408,0.758,19,62,49,8,11,1,1,2,6,4,6,14,2,1,Horizon League,Away,
Trinity Robertson,Northern Kentucky,1B,0.224,0.342,0.418,0.76,22,80,67,5,15,4,0,3,9,0,12,16,0,0,Horizon League,Away,
Kylie Gorsuch,Cleveland State,C,0.224,0.321,0.265,0.587,19,59,49,5,11,2,0,0,5,2,5,6,0,0,Horizon League,Away,
Jess Matheny,Robert Morris,CF,0.222,0.28,0.289,0.569,20,50,45,2,10,3,0,0,6,0,4,9,0,0,Horizon League,Away,
Madi Herrington,Oakland,LF,0.217,0.257,0.275,0.532,23,75,69,9,15,2,1,0,9,0,4,9,1,0,Horizon League,Away,
Jenna Holt,Detroit,RF,0.217,0.357,0.326,0.683,20,58,46,8,10,1,2,0,0,3,7,8,1,2,Horizon League,Away,
Hailey Niederkohr,Youngstown State,CF,0.211,0.281,0.281,0.562,21,64,57,8,12,2,1,0,14,0,6,18,0,1,Horizon League,Away,
Kennedy Dean,Youngstown State,DP,0.207,0.303,0.397,0.7,21,67,58,6,12,2,0,3,8,1,7,17,0,0,Horizon League,Away,
Meadow Sacadura,Robert Morris,C,0.2,0.233,0.257,0.49,24,74,70,6,14,4,0,0,3,0,3,3,1,0,Horizon League,Away,
Amanda Schick,Detroit,3B,0.2,0.29,0.273,0.563,22,62,55,2,11,1,0,1,4,3,4,10,0,1,Horizon League,Away,
Jenna Johnston,Oakland,SS,0.195,0.292,0.22,0.511,19,50,41,7,8,1,0,0,0,2,4,11,1,0,Horizon League,Away,
Claire Borg,Detroit,LF,0.192,0.311,0.231,0.542,22,61,52,1,10,2,0,0,5,0,9,16,1,1,Horizon League,Away,
Alexis Hoff,Detroit,2B,0.191,0.255,0.234,0.489,22,52,47,2,9,2,0,0,2,0,4,12,0,0,Horizon League,Away,
Kasie Keyes,IU Indy,1B,0.19,0.244,0.214,0.459,16,45,42,0,8,1,0,0,0,0,3,11,1,0,Horizon League,Away,
Avery Winchell,Robert Morris,1B,0.183,0.242,0.317,0.559,27,93,82,9,15,2,0,3,12,1,6,18,0,0,Horizon League,Away,
Lauren Porter,Green Bay,SS,0.182,0.234,0.25,0.484,17,51,44,5,8,3,0,0,3,0,3,7,1,1,Horizon League,Away,
Maggie Murphy,Oakland,1B,0.18,0.311,0.24,0.551,21,62,50,4,9,3,0,0,6,1,9,6,0,0,Horizon League,Away,
Kelli Riordan,IU Indy,2B,0.18,0.212,0.18,0.392,19,53,50,4,9,0,0,0,1,0,2,6,1,1,Horizon League,Away,
Gwen McMenemy,Fort Wayne,RF,0.175,0.217,0.193,0.41,22,60,57,6,10,1,0,0,4,0,3,13,0,0,Horizon League,Away,
Paige Hanson,Green Bay,3B,0.167,0.326,0.194,0.521,16,47,36,3,6,1,0,0,3,7,2,11,2,0,Horizon League,Away,
Brielle DiMemmo,Northern Kentucky,DP,0.167,0.25,0.306,0.556,18,45,36,7,6,2,0,1,3,0,4,16,0,0,Horizon League,Away,
Tori Countryman,Fort Wayne,2B,0.161,0.175,0.177,0.352,23,64,62,4,10,1,0,0,0,0,1,7,0,0,Horizon League,Away,
Jaiden Lara,Detroit,1B,0.146,0.212,0.188,0.399,22,52,48,0,7,2,0,0,1,1,3,11,0,1,Horizon League,Away,
Jada Davis,Detroit,SS,0.143,0.217,0.254,0.471,24,70,63,6,9,4,0,1,5,0,6,18,0,0,Horizon League,Away,
Brooke Lickey,Fort Wayne,3B,0.14,0.241,0.28,0.521,20,59,50,6,7,4,0,1,4,1,6,13,0,0,Horizon League,Away,
Elyssa Adams,Detroit,C,0.079,0.205,0.105,0.31,20,45,38,2,3,1,0,0,2,3,3,22,0,1,Horizon League,Away,
Lilly Travieso,Cornell,3B,0.542,0.621,0.542,1.162,9,29,24,4,13,0,0,0,4,2,3,1,0,0,Ivy Group,Home,0.265
Carolyn Skotz,Yale,SS,0.489,0.579,0.622,1.201,16,58,45,16,22,6,0,0,10,1,10,3,2,0,Ivy Group,Home,0.23
Lauren Sablone,Princeton,CF,0.475,0.569,0.814,1.383,19,72,59,16,28,2,3,4,15,2,11,7,6,1,Ivy Group,Home,0.209
Maddie Ullensvang,Cornell,1B,0.44,0.483,0.56,1.043,9,30,25,3,11,3,0,0,4,0,3,4,0,0,Ivy Group,Home,0.26
Sophie Sun,Harvard,SS,0.41,0.52,0.718,1.238,13,50,39,12,16,7,1,1,9,1,9,6,2,0,Ivy Group,Home,-0.043
Jaden Hill,Columbia,SS,0.407,0.448,0.481,0.93,8,29,27,7,11,2,0,0,1,0,2,5,6,0,Ivy Group,Home,0.107
Mary Beth Cahalan,Dartmouth,C,0.405,0.49,0.738,1.228,13,49,42,13,17,3,1,3,7,0,7,6,0,0,Ivy Group,Home,0.044
Sonia Zhang,Princeton,3B,0.382,0.521,0.727,1.248,19,71,55,17,21,4,3,3,10,6,10,5,4,1,Ivy Group,Home,-0.036
Lauren Bobowski,Harvard,CF,0.378,0.44,0.4,0.84,13,50,45,11,17,1,0,0,7,0,5,5,0,1,Ivy Group,Home,0.092
Cami Neal,Columbia,2B,0.375,0.444,0.65,1.094,12,45,40,6,15,2,0,3,11,1,4,2,1,0,Ivy Group,Home,-0.06
Brianna Brown,Penn,CF,0.37,0.443,0.407,0.85,17,63,54,7,20,0,1,0,2,0,7,11,8,3,Ivy Group,Home,0.062
Alaana Panu,Dartmouth,LF,0.366,0.435,0.659,1.093,13,47,41,14,15,4,1,2,8,2,3,1,2,0,Ivy Group,Home,0.103
Ella Harrod,Cornell,SS,0.364,0.4,0.515,0.915,10,37,33,7,12,5,0,0,7,1,1,0,4,2,Ivy Group,Home,0.042
Moe Kastens,Brown,C,0.356,0.356,0.444,0.8,16,45,45,1,16,4,0,0,7,0,0,2,0,0,Ivy Group,Home,0.167
Grace Jackson,Princeton,SS,0.351,0.478,0.405,0.884,17,49,37,10,13,2,0,0,1,1,8,1,2,1,Ivy Group,Home,0.135
Priyanka Kaul,Harvard,3B,0.351,0.381,0.432,0.813,13,42,37,7,13,3,0,0,10,0,3,5,0,0,Ivy Group,Home,-0.075
Emma Antich,Cornell,2B,0.346,0.438,0.5,0.938,10,32,26,5,9,1,0,1,8,1,4,3,1,0,Ivy Group,Home,0.146
Sophia Marsalo,Princeton,1B,0.344,0.4,0.438,0.838,14,36,32,4,11,1,1,0,3,1,2,1,0,1,Ivy Group,Home,0.117
Savanna Messner,Columbia,3B,0.343,0.452,0.829,1.281,12,42,35,9,12,2,0,5,12,0,7,8,1,0,Ivy Group,Home,0.135
Sam Goodcase,Yale,C,0.333,0.429,0.595,1.024,15,49,42,7,14,5,0,2,11,1,6,4,0,0,Ivy Group,Home,0.233
Maya Douglas,Harvard,2B,0.333,0.429,0.472,0.901,13,42,36,5,12,5,0,0,7,0,6,5,1,0,Ivy Group,Home,0.083
Allie Ohde,Dartmouth,RF,0.333,0.344,0.533,0.877,11,33,30,7,10,1,1,1,7,0,1,3,2,1,Ivy Group,Home,0.213
Isabella Fortini,Yale,3B,0.333,0.404,0.373,0.776,16,61,51,10,17,2,0,0,6,0,6,4,7,0,Ivy Group,Home,0.14
Willa Ferrer,Yale,1B,0.327,0.411,0.571,0.982,16,57,49,9,16,3,0,3,13,1,6,5,0,0,Ivy Group,Home,-0.092
Jasmine Hsiao,Brown,1B,0.327,0.45,0.449,0.899,18,60,49,9,16,2,2,0,6,1,10,6,7,1,Ivy Group,Home,-0.038
Brianna Rodriguez,Brown,CF,0.326,0.396,0.442,0.838,16,49,43,6,14,5,0,0,7,0,5,2,3,0,Ivy Group,Home,0.037
Lael Ayala,Harvard,LF,0.321,0.345,0.357,0.702,11,30,28,4,9,1,0,0,5,0,1,4,0,0,Ivy Group,Home,-0.088
Savannah Fitzpatrick,Harvard,LF,0.316,0.381,0.368,0.749,12,43,38,7,12,0,1,0,8,0,4,1,1,0,Ivy Group,Home,-0.017
Sophie Woodridge,Yale,DP,0.314,0.395,0.657,1.052,13,43,35,9,11,1,1,3,8,3,3,4,1,1,Ivy Group,Home,-0.108
Caitlin Bish,Princeton,2B,0.311,0.347,0.333,0.68,19,52,45,3,14,1,0,0,6,0,3,0,0,0,Ivy Group,Home,0.061
Kelly Beaupre,Dartmouth,1B,0.306,0.444,0.639,1.083,13,46,36,8,11,3,0,3,15,1,8,6,0,1,Ivy Group,Home,0.13
Sarah Mikami,Columbia,1B,0.304,0.385,0.696,1.08,8,26,23,6,7,1,1,2,6,2,1,3,0,0,Ivy Group,Home,0.213
Laurel Moody,Brown,DP,0.302,0.356,0.434,0.79,18,60,53,7,16,5,1,0,10,0,5,0,0,0,Ivy Group,Home,-0.046
Allison Ha,Princeton,LF,0.294,0.356,0.49,0.846,19,61,51,7,15,4,0,2,8,2,4,1,2,0,Ivy Group,Home,0.02
Julia Dumais,Princeton,C,0.291,0.409,0.509,0.918,19,68,55,11,16,4,1,2,11,3,8,6,4,1,Ivy Group,Home,0.005
Delaney Smith,Penn,C,0.289,0.325,0.368,0.693,15,40,38,1,11,0,0,1,8,0,2,3,0,0,Ivy Group,Home,0.024
Cate Bade,Princeton,RF,0.286,0.306,0.371,0.677,17,42,35,6,10,1,1,0,5,1,0,4,0,0,Ivy Group,Home,0.086
Payton Shimansky,Columbia,LF,0.286,0.318,0.333,0.652,9,24,21,0,6,1,0,0,3,0,1,5,0,0,Ivy Group,Home,0.102
Hailey Pirkey,Cornell,DP,0.286,0.375,0.75,1.125,10,32,28,6,8,4,0,3,6,0,4,8,0,0,Ivy Group,Home,0.013
Cameron Zytkewicz Ray,Brown,2B,0.283,0.327,0.37,0.696,18,55,46,3,13,4,0,0,8,2,2,7,0,0,Ivy Group,Home,0.108
Libby Peoples,Yale,2B,0.283,0.356,0.434,0.79,16,59,53,11,15,2,0,2,8,1,5,5,4,0,Ivy Group,Home,0
Lauren Perren,Yale,3B,0.281,0.439,0.531,0.97,15,41,32,3,9,5,0,1,12,0,9,8,1,0,Ivy Group,Home,0.04
Justice Malone,Dartmouth,SS,0.281,0.324,0.313,0.636,12,35,32,7,9,1,0,0,9,0,2,6,1,0,Ivy Group,Home,-0.083
Sammy Fenton,Penn,SS,0.278,0.328,0.278,0.605,17,59,54,6,15,0,0,0,5,1,3,1,0,0,Ivy Group,Home,-0.061
Lily Berlinger,Brown,LF,0.278,0.409,0.333,0.742,15,46,36,9,10,2,0,0,2,0,8,4,3,0,Ivy Group,Home,-0.141
Dana Anderson,Penn,DP,0.275,0.37,0.525,0.895,17,46,40,3,11,4,0,2,5,1,5,3,0,0,Ivy Group,Home,0.036
Dara English,Brown,3B,0.271,0.357,0.354,0.711,18,57,48,5,13,4,0,0,14,0,7,4,1,0,Ivy Group,Home,-0.042
Kate Callaway,Cornell,CF,0.269,0.424,0.269,0.693,9,33,26,8,7,0,0,0,1,0,7,5,0,0,Ivy Group,Home,0.01
Katie Reagan,Penn,2B,0.262,0.36,0.357,0.717,16,52,42,5,11,2,1,0,7,3,4,6,0,0,Ivy Group,Home,0.017
Maddy Rifenberick,Columbia,C,0.258,0.333,0.419,0.753,12,37,31,2,8,2,0,1,7,0,4,3,0,0,Ivy Group,Home,0.029
Cwen Wilson,Dartmouth,RF,0.257,0.316,0.486,0.802,13,38,35,6,9,3,1,1,8,2,1,6,0,0,Ivy Group,Home,-0.019
Olivia Schramm,Dartmouth,CF,0.256,0.37,0.436,0.805,13,47,39,6,10,4,0,1,7,1,6,3,0,0,Ivy Group,Home,-0.06
Leila Hennessy,Dartmouth,3B,0.243,0.326,0.351,0.677,13,44,37,9,9,4,0,0,4,0,5,1,0,0,Ivy Group,Home,-0.013
Chloe Lesko,Penn,1B,0.238,0.458,0.405,0.862,17,60,42,11,10,1,0,2,4,2,15,11,2,0,Ivy Group,Home,-0.058
Finley Payne,Harvard,3B,0.237,0.388,0.263,0.651,13,49,38,11,9,1,0,0,10,0,10,8,3,0,Ivy Group,Home,-0.013
Sydney Stapf,Cornell,LF,0.233,0.281,0.333,0.615,10,33,30,4,7,3,0,0,1,0,2,7,1,0,Ivy Group,Home,-0.055
Megan Huang,Penn,LF,0.222,0.282,0.278,0.56,14,39,36,4,8,2,0,0,6,0,3,9,2,0,Ivy Group,Home,-0.072
Maddie Souza,Columbia,CF,0.219,0.297,0.469,0.766,12,40,32,4,7,0,1,2,7,1,3,1,0,0,Ivy Group,Home,-0.151
Ashley Frantz,Dartmouth,2B,0.219,0.306,0.344,0.649,13,38,32,7,7,2,1,0,7,0,4,4,1,1,Ivy Group,Home,0.013
Caroline Palys,Columbia,C,0.214,0.313,0.286,0.598,11,34,28,5,6,2,0,0,2,1,3,4,2,1,Ivy Group,Home,-0.017
Eleni Katsivalis,Columbia,RF,0.206,0.25,0.324,0.574,12,39,34,6,7,1,0,1,2,0,2,2,0,0,Ivy Group,Home,-0.092
Lauren Holt,Cornell,C,0.2,0.306,0.3,0.606,10,36,30,4,6,0,0,1,5,0,5,5,3,1,Ivy Group,Home,-0.14
Karis Ford,Princeton,RF,0.184,0.273,0.368,0.641,17,44,38,5,7,1,0,2,6,1,4,5,0,0,Ivy Group,Home,-0.11
Vanessa Alexander,Brown,SS,0.156,0.224,0.156,0.38,18,50,45,5,7,0,0,0,0,2,2,10,0,0,Ivy Group,Home,-0.003
Madi Mays,Harvard,1B,0.154,0.286,0.205,0.491,13,49,39,5,6,2,0,0,6,3,5,11,0,0,Ivy Group,Home,-0.24
Alexa Wohr,Harvard,C,0.15,0.217,0.15,0.367,11,24,20,0,3,0,0,0,5,0,2,5,0,0,Ivy Group,Home,-0.072
Marisa Zorrilla,Cornell,RF,0.143,0.296,0.143,0.439,10,27,21,4,3,0,0,0,3,1,4,5,0,0,Ivy Group,Home,-0.057
Sophie Sun,Harvard,SS,0.453,0.493,0.922,1.415,19,73,64,19,29,5,2,7,27,0,7,5,1,1,Ivy Group,Away,
Cami Neal,Columbia,2B,0.435,0.491,0.87,1.36,16,54,46,11,20,2,0,6,13,2,4,2,1,0,Ivy Group,Away,
Priyanka Kaul,Harvard,3B,0.426,0.471,0.468,0.939,16,52,47,8,20,2,0,0,5,0,4,2,0,0,Ivy Group,Away,
Sophie Woodridge,Yale,DP,0.422,0.469,0.756,1.225,16,49,45,12,19,9,0,2,13,3,1,8,0,0,Ivy Group,Away,
Willa Ferrer,Yale,1B,0.419,0.5,0.674,1.174,17,50,43,4,18,5,0,2,13,1,6,9,1,0,Ivy Group,Away,
Lily Berlinger,Brown,LF,0.419,0.514,0.516,1.03,13,40,31,4,13,0,0,1,7,0,6,2,2,2,Ivy Group,Away,
Sonia Zhang,Princeton,3B,0.418,0.515,0.582,1.097,19,67,55,17,23,3,0,2,8,2,9,5,6,2,Ivy Group,Away,
Lael Ayala,Harvard,LF,0.409,0.471,0.682,1.152,18,51,44,6,18,3,0,3,11,1,5,7,0,0,Ivy Group,Away,
Madi Mays,Harvard,1B,0.394,0.474,0.667,1.14,20,76,66,14,26,0,0,6,15,3,7,12,1,0,Ivy Group,Away,
Maddie Souza,Columbia,CF,0.37,0.396,0.587,0.983,16,49,46,9,17,3,2,1,5,0,2,6,0,0,Ivy Group,Away,
Jasmine Hsiao,Brown,1B,0.365,0.421,0.596,1.017,16,58,52,14,19,7,1,1,11,0,5,10,3,0,Ivy Group,Away,
Justice Malone,Dartmouth,SS,0.364,0.432,0.545,0.978,12,37,33,6,12,3,0,1,2,0,4,6,3,0,Ivy Group,Away,
Mary Beth Cahalan,Dartmouth,C,0.361,0.465,0.583,1.048,12,43,36,8,13,3,1,1,4,0,7,5,0,0,Ivy Group,Away,
Laurel Moody,Brown,DP,0.348,0.456,0.5,0.956,16,57,46,7,16,4,0,1,5,1,9,1,1,0,Ivy Group,Away,
Lauren Holt,Cornell,C,0.34,0.46,0.76,1.22,18,63,50,11,17,4,1,5,21,0,12,8,2,1,Ivy Group,Away,
Sammy Fenton,Penn,SS,0.339,0.382,0.452,0.834,19,69,62,9,21,2,1,1,8,1,4,2,3,0,Ivy Group,Away,
Savannah Fitzpatrick,Harvard,LF,0.333,0.418,0.521,0.939,17,58,48,8,16,3,0,2,12,2,5,3,0,1,Ivy Group,Away,
Ella Harrod,Cornell,SS,0.322,0.369,0.458,0.827,18,68,59,13,19,3,1,1,11,1,4,1,3,0,Ivy Group,Away,
Olivia Schramm,Dartmouth,CF,0.316,0.341,0.474,0.815,12,41,38,4,12,4,1,0,10,0,2,2,0,0,Ivy Group,Away,
Dara English,Brown,3B,0.313,0.346,0.438,0.784,16,54,48,2,15,6,0,0,7,0,3,4,0,0,Ivy Group,Away,
Brianna Brown,Penn,CF,0.308,0.4,0.346,0.746,16,61,52,12,16,2,0,0,6,0,8,12,8,0,Ivy Group,Away,
Jaden Hill,Columbia,SS,0.3,0.317,0.425,0.742,11,41,40,6,12,5,0,0,2,0,1,6,2,0,Ivy Group,Away,
Eleni Katsivalis,Columbia,RF,0.298,0.3,0.34,0.64,16,52,47,4,14,2,0,0,5,1,0,5,2,2,Ivy Group,Away,
Chloe Lesko,Penn,1B,0.296,0.424,0.407,0.832,19,66,54,5,16,3,0,1,9,2,10,15,2,1,Ivy Group,Away,
Megan Huang,Penn,LF,0.294,0.41,0.314,0.724,19,61,51,9,15,1,0,0,3,1,9,6,3,0,Ivy Group,Away,
Karis Ford,Princeton,RF,0.294,0.357,0.588,0.945,19,56,51,4,15,6,0,3,13,0,5,3,0,0,Ivy Group,Away,
Brianna Rodriguez,Brown,CF,0.289,0.357,0.447,0.805,15,44,38,3,11,4,1,0,11,0,4,9,0,2,Ivy Group,Away,
Sydney Stapf,Cornell,LF,0.288,0.302,0.365,0.667,18,55,52,3,15,4,0,0,2,0,1,7,2,0,Ivy Group,Away,
Lauren Bobowski,Harvard,CF,0.286,0.375,0.3,0.675,20,80,70,18,20,1,0,0,2,1,9,8,1,2,Ivy Group,Away,
Julia Dumais,Princeton,C,0.286,0.406,0.536,0.942,20,70,56,11,16,3,1,3,14,1,11,14,3,2,Ivy Group,Away,
Libby Peoples,Yale,2B,0.283,0.367,0.377,0.744,18,61,53,12,15,2,0,1,5,1,6,8,3,1,Ivy Group,Away,
Lilly Travieso,Cornell,3B,0.277,0.34,0.298,0.637,18,54,47,3,13,1,0,0,1,0,5,7,0,0,Ivy Group,Away,
Cwen Wilson,Dartmouth,RF,0.276,0.382,0.448,0.831,12,34,29,6,8,2,0,1,3,1,4,4,1,0,Ivy Group,Away,
Allison Ha,Princeton,LF,0.274,0.308,0.419,0.727,20,67,62,8,17,2,2,1,12,0,3,4,1,1,Ivy Group,Away,
Hailey Pirkey,Cornell,DP,0.273,0.382,0.432,0.814,18,55,44,8,12,1,0,2,10,0,9,18,0,0,Ivy Group,Away,
Lauren Sablone,Princeton,CF,0.266,0.309,0.359,0.668,20,71,64,13,17,1,1,1,13,0,4,12,6,0,Ivy Group,Away,
Delaney Smith,Penn,C,0.265,0.333,0.408,0.741,17,60,49,3,13,4,0,1,7,1,6,5,0,0,Ivy Group,Away,
Alaana Panu,Dartmouth,LF,0.263,0.275,0.316,0.591,12,41,38,4,10,0,1,0,4,0,1,4,1,0,Ivy Group,Away,
Carolyn Skotz,Yale,SS,0.259,0.333,0.333,0.667,18,61,54,13,14,1,0,1,5,1,5,8,5,1,Ivy Group,Away,
Kate Callaway,Cornell,CF,0.259,0.323,0.293,0.616,17,65,58,9,15,0,1,0,3,0,6,13,3,1,Ivy Group,Away,
Leila Hennessy,Dartmouth,3B,0.256,0.256,0.385,0.641,12,40,39,4,10,2,0,1,7,0,0,9,0,0,Ivy Group,Away,
Caitlin Bish,Princeton,2B,0.25,0.344,0.286,0.629,15,33,28,2,7,1,0,0,1,0,4,1,0,0,Ivy Group,Away,
Maya Douglas,Harvard,2B,0.25,0.311,0.339,0.651,19,61,56,6,14,2,0,1,6,1,4,5,0,0,Ivy Group,Away,
Finley Payne,Harvard,3B,0.25,0.317,0.339,0.657,19,67,56,9,14,2,0,1,3,0,6,7,1,1,Ivy Group,Away,
Katie Reagan,Penn,2B,0.245,0.321,0.286,0.607,18,58,49,4,12,2,0,0,9,3,3,3,0,0,Ivy Group,Away,
Lauren Perren,Yale,3B,0.241,0.371,0.448,0.82,15,35,29,3,7,1,1,1,6,0,6,7,1,0,Ivy Group,Away,
Dana Anderson,Penn,DP,0.239,0.28,0.348,0.628,18,50,46,4,11,3,1,0,6,2,1,8,0,0,Ivy Group,Away,
Caroline Palys,Columbia,C,0.231,0.279,0.359,0.638,15,43,39,4,9,2,0,1,5,1,2,5,1,0,Ivy Group,Away,
Maddy Rifenberick,Columbia,C,0.229,0.289,0.4,0.689,13,40,35,3,8,3,0,1,6,0,3,7,0,0,Ivy Group,Away,
Sophia Marsalo,Princeton,1B,0.227,0.314,0.295,0.609,19,51,44,1,10,3,0,0,6,1,5,4,0,1,Ivy Group,Away,
Alexa Wohr,Harvard,C,0.222,0.263,0.25,0.513,14,39,36,3,8,1,0,0,2,1,1,5,0,0,Ivy Group,Away,
Grace Jackson,Princeton,SS,0.216,0.298,0.235,0.534,20,59,51,9,11,1,0,0,1,0,6,8,6,0,Ivy Group,Away,
Savanna Messner,Columbia,3B,0.208,0.255,0.583,0.838,16,51,48,9,10,3,0,5,11,1,2,10,0,0,Ivy Group,Away,
Ashley Frantz,Dartmouth,2B,0.206,0.222,0.206,0.428,12,36,34,4,7,0,0,0,4,0,1,3,0,0,Ivy Group,Away,
Marisa Zorrilla,Cornell,RF,0.2,0.333,0.2,0.533,17,42,35,5,7,0,0,0,0,1,6,11,0,0,Ivy Group,Away,
Cate Bade,Princeton,RF,0.2,0.282,0.2,0.482,17,40,35,9,7,0,0,0,3,0,4,5,6,2,Ivy Group,Away,
Emma Antich,Cornell,2B,0.2,0.28,0.467,0.747,14,50,45,6,9,1,1,3,8,1,4,11,0,0,Ivy Group,Away,
Isabella Fortini,Yale,3B,0.193,0.207,0.246,0.453,18,59,57,3,11,3,0,0,3,0,1,10,1,0,Ivy Group,Away,
Moe Kastens,Brown,C,0.189,0.279,0.27,0.549,15,43,37,1,7,1,1,0,4,2,3,9,0,0,Ivy Group,Away,
Payton Shimansky,Columbia,LF,0.184,0.262,0.211,0.472,16,42,38,4,7,1,0,0,1,1,3,3,1,1,Ivy Group,Away,
Maddie Ullensvang,Cornell,1B,0.18,0.263,0.26,0.523,18,58,50,3,9,4,0,0,2,0,6,3,0,0,Ivy Group,Away,
Kelly Beaupre,Dartmouth,1B,0.176,0.317,0.353,0.67,12,41,34,6,6,0,0,2,7,3,4,6,0,0,Ivy Group,Away,
Cameron Zytkewicz Ray,Brown,2B,0.175,0.267,0.2,0.467,15,47,40,2,7,1,0,0,1,3,2,9,0,0,Ivy Group,Away,
Vanessa Alexander,Brown,SS,0.159,0.245,0.182,0.427,16,50,44,7,7,1,0,0,2,2,3,9,0,0,Ivy Group,Away,
Allie Ohde,Dartmouth,RF,0.12,0.185,0.12,0.305,9,27,25,2,3,0,0,0,0,2,0,3,0,0,Ivy Group,Away,
Sam Goodcase,Yale,C,0.1,0.159,0.125,0.284,16,44,40,1,4,1,0,0,5,0,3,4,0,0,Ivy Group,Away,
Sarah Mikami,Columbia,1B,0.091,0.222,0.364,0.586,11,27,22,2,2,0,0,2,4,2,2,10,0,0,Ivy Group,Away,
Morgan Sylvestre,Fairfield,2B,0.467,0.49,0.533,1.023,16,55,45,5,21,0,0,1,5,1,2,7,5,1,Metro Atlantic,Home,0.193
Christie McGee-Ross,Canisius,CF,0.458,0.587,0.917,1.504,16,63,48,21,22,4,0,6,16,1,14,8,3,1,Metro Atlantic,Home,0.114
Jamie Sheeran,Iona,C,0.452,0.558,0.881,1.439,14,52,42,10,19,4,1,4,16,0,10,5,0,0,Metro Atlantic,Home,0.028
Miah McDonald,Marist,3B,0.443,0.485,1.049,1.534,17,66,61,25,27,5,1,10,27,0,5,3,5,0,Metro Atlantic,Home,0.083
Isabella Pardo,Siena,CF,0.438,0.5,0.458,0.958,15,54,48,10,21,1,0,0,6,0,6,4,4,1,Metro Atlantic,Home,0.109
Emily Ilano,Canisius,2B,0.429,0.583,0.686,1.269,15,48,35,9,15,6,0,1,8,6,7,4,1,1,Metro Atlantic,Home,0.201
Gianna Fazzolari,Canisius,C,0.423,0.474,0.769,1.243,16,58,52,7,22,3,0,5,17,1,4,4,0,0,Metro Atlantic,Home,0.133
Jessie Niegocki,Rider,2B,0.423,0.461,0.479,0.939,21,77,71,15,30,4,0,0,4,1,4,4,0,0,Metro Atlantic,Home,0.137
Cara McNulty,Saint Peter's,2B,0.414,0.407,0.793,1.2,18,59,58,13,24,7,0,5,14,0,0,5,0,2,Metro Atlantic,Home,0.131
Haley Ahr,Marist,1B,0.404,0.492,0.654,1.146,17,61,52,9,21,1,0,4,14,1,8,2,1,1,Metro Atlantic,Home,-0.017
Jocelyn Ulrich,Siena,DP,0.395,0.48,0.488,0.968,15,50,43,11,17,4,0,0,8,1,6,5,1,0,Metro Atlantic,Home,-0.142
Brooke Hilliard,Quinnipiac,RF,0.391,0.44,0.5,0.94,16,52,46,9,18,3,1,0,4,1,3,3,2,1,Metro Atlantic,Home,0.108
Rosie Gomez,Canisius,1B,0.39,0.469,0.39,0.86,16,49,41,5,16,0,0,0,11,1,6,9,0,0,Metro Atlantic,Home,0.173
Peyton Pusey,Marist,CF,0.386,0.444,0.526,0.971,17,63,57,19,22,3,1,1,4,0,6,6,4,0,Metro Atlantic,Home,-0.016
Maddy Weir,Manhattan,C,0.38,0.458,0.7,1.158,17,59,50,9,19,7,0,3,9,2,6,8,0,0,Metro Atlantic,Home,0.163
Kristyn Gardner,Rider,C,0.37,0.42,0.457,0.877,19,50,46,4,17,4,0,0,8,0,4,9,0,0,Metro Atlantic,Home,0.105
Alyssa Grupp,Marist,2B,0.367,0.456,0.408,0.864,17,58,49,6,18,2,0,0,5,2,6,1,2,0,Metro Atlantic,Home,0.005
Cara Kochakian,Fairfield,1B,0.359,0.419,0.564,0.983,15,46,39,6,14,2,3,0,7,0,4,7,1,1,Metro Atlantic,Home,0.171
Charli Warren,Fairfield,CF,0.352,0.379,0.463,0.842,16,58,54,14,19,0,3,0,7,1,2,2,3,0,Metro Atlantic,Home,0.004
Dakota Pitts,Saint Peter's,1B,0.351,0.362,0.649,1.011,18,58,57,9,20,8,0,3,12,0,1,5,0,0,Metro Atlantic,Home,0.061
Lindsay Mayo,Niagara,LF,0.351,0.426,0.459,0.885,13,48,37,9,13,1,0,1,7,1,6,9,0,0,Metro Atlantic,Home,-0.032
Brianna Delaney,Niagara,3B,0.35,0.458,0.75,1.208,14,48,40,9,14,4,0,4,14,0,8,3,0,0,Metro Atlantic,Home,0.029
Brianna Bailey,Iona,2B,0.345,0.375,0.586,0.961,11,32,29,3,10,4,0,1,7,0,2,8,0,0,Metro Atlantic,Home,0.209
Martina Gutierrez,Fairfield,SS,0.345,0.367,0.483,0.849,12,32,29,3,10,4,0,0,4,0,1,2,1,0,Metro Atlantic,Home,0.111
Maiah Skakal,Saint Peter's,C,0.34,0.426,0.426,0.851,18,56,47,8,16,4,0,0,8,1,6,4,3,0,Metro Atlantic,Home,0.054
Kiersten Bucha--,Rider,SS,0.34,0.407,0.491,0.897,20,61,53,8,18,6,1,0,10,1,5,6,2,0,Metro Atlantic,Home,0.019
Emma Petersen,Siena,1B,0.333,0.36,0.458,0.818,15,50,48,10,16,6,0,0,6,0,2,4,0,0,Metro Atlantic,Home,-0.073
Sydney Orndorff,Saint Peter's,LF,0.328,0.349,0.41,0.759,18,63,61,8,20,3,1,0,2,0,2,7,1,0,Metro Atlantic,Home,0.023
Kayla Haywood,Iona,LF,0.326,0.442,0.512,0.954,13,52,43,10,14,3,1,1,6,0,9,6,2,0,Metro Atlantic,Home,0.087
Kendall Reda-Fehsal,Rider,1B,0.322,0.408,0.475,0.883,21,71,59,6,19,3,0,2,15,2,8,13,0,0,Metro Atlantic,Home,0.114
Natalia Apatiga,Quinnipiac,SS,0.32,0.364,0.34,0.704,16,55,50,4,16,1,0,0,2,1,3,2,1,0,Metro Atlantic,Home,-0.059
Gabriella Mazzotta,Manhattan,CF,0.316,0.371,0.456,0.827,17,62,57,13,18,5,0,1,5,0,5,12,0,1,Metro Atlantic,Home,0.087
Selah Moyer,Niagara,1B,0.314,0.368,0.457,0.826,14,39,35,4,11,2,0,1,4,1,2,2,0,0,Metro Atlantic,Home,-0.05
Hailey Cenamme,Niagara,2B,0.308,0.341,0.513,0.854,14,42,39,6,12,2,0,2,4,0,2,1,1,0,Metro Atlantic,Home,0.058
Tori Bowles,Mount St. Mary's,C,0.303,0.378,0.742,1.121,20,74,66,9,20,5,0,8,21,4,4,3,1,0,Metro Atlantic,Home,0.049
Julia Vincent,Mount St. Mary's,RF,0.3,0.426,0.38,0.806,18,67,50,12,15,2,1,0,5,1,10,18,8,0,Metro Atlantic,Home,0.035
Jess Forte,Saint Peter's,SS,0.3,0.375,0.62,0.995,18,56,50,12,15,4,0,4,11,0,6,12,0,0,Metro Atlantic,Home,-0.012
Hailey Guerrero,Iona,SS,0.3,0.391,0.6,0.991,13,47,40,6,12,4,1,2,9,2,4,7,0,0,Metro Atlantic,Home,0.038
Zailees Seda,Saint Peter's,3B,0.3,0.34,0.36,0.7,18,58,50,6,15,3,0,0,9,1,2,5,0,1,Metro Atlantic,Home,0.056
Sofia Vega,Quinnipiac,2B,0.297,0.35,0.405,0.755,16,42,37,3,11,2,1,0,2,0,3,2,0,1,Metro Atlantic,Home,0.083
Maddie Pleasants,Marist,DP,0.296,0.397,0.389,0.786,17,63,54,4,16,2,0,1,9,0,9,2,0,0,Metro Atlantic,Home,-0.029
Bella Cahueque,Manhattan,2B,0.295,0.326,0.386,0.712,15,48,44,1,13,1,0,1,3,1,1,5,0,1,Metro Atlantic,Home,0.099
Maddie Luedtke,Rider,LF,0.294,0.438,0.686,1.124,19,64,51,16,15,6,1,4,12,2,11,5,1,0,Metro Atlantic,Home,0.058
Mikala Fletcher,Siena,RF,0.29,0.303,0.419,0.722,11,33,31,10,9,0,2,0,11,1,0,3,5,0,Metro Atlantic,Home,0.09
Samantha Hare,Niagara,CF,0.286,0.318,0.548,0.866,13,45,42,8,12,2,0,3,11,0,2,8,1,0,Metro Atlantic,Home,-0.075
McKenzie Swinson,Siena,LF,0.282,0.391,0.385,0.776,15,48,39,6,11,1,0,1,6,2,5,7,4,2,Metro Atlantic,Home,-0.024
Madysen Burkey,Canisius,LF,0.282,0.378,0.282,0.66,15,47,39,9,11,0,0,0,2,0,6,12,1,1,Metro Atlantic,Home,0.115
Kaitlyn Flood,Manhattan,3B,0.28,0.294,0.32,0.614,17,53,50,6,14,2,0,0,4,0,1,6,0,1,Metro Atlantic,Home,0.034
Sophia Kiseloski,Manhattan,1B,0.278,0.333,0.556,0.889,12,40,36,4,10,1,0,3,10,0,3,6,0,0,Metro Atlantic,Home,0.064
Jadeyn Merrill,Rider,DP,0.278,0.325,0.361,0.686,14,40,36,3,10,3,0,0,6,1,2,4,0,0,Metro Atlantic,Home,-0.055
Mary Jane Nicholson,Iona,DP,0.278,0.35,0.278,0.628,10,20,18,1,5,0,0,0,2,1,1,6,0,0,Metro Atlantic,Home,0.064
Lindsey Hoag,Manhattan,LF,0.273,0.389,0.432,0.821,17,56,44,5,12,0,2,1,12,1,8,5,1,0,Metro Atlantic,Home,-0.069
Allie Bridgman,Fairfield,C,0.271,0.345,0.313,0.658,16,55,48,5,13,2,0,0,10,1,5,3,0,0,Metro Atlantic,Home,-0.074
Delaney Whieldon,Fairfield,DH,0.27,0.308,0.297,0.605,14,40,37,6,10,1,0,0,3,0,2,5,0,0,Metro Atlantic,Home,0.001
Kassidy Johnson,Mount St. Mary's,3B,0.267,0.313,0.333,0.647,20,68,60,5,16,4,0,0,8,0,5,14,0,0,Metro Atlantic,Home,0.047
Amanda Engel,Quinnipiac,CF,0.267,0.389,0.4,0.789,8,18,15,1,4,0,1,0,2,2,1,5,0,0,Metro Atlantic,Home,0.032
Abigayle Perry,Mount St. Mary's,SS,0.264,0.474,0.34,0.814,20,79,53,16,14,2,1,0,4,12,11,16,17,3,Metro Atlantic,Home,0.097
Megan Giese,Canisius,P,0.263,0.349,0.474,0.823,15,45,38,4,10,2,0,2,8,3,2,7,0,1,Metro Atlantic,Home,0.013
Lauren Rende,Manhattan,SS,0.256,0.418,0.302,0.721,16,56,43,5,11,2,0,0,1,2,10,7,4,1,Metro Atlantic,Home,-0.023
Ronni Howard,Marist,3B,0.25,0.348,0.4,0.748,16,47,40,8,10,0,0,2,7,2,4,8,3,0,Metro Atlantic,Home,-0.066
Brooke Acker,Iona,C,0.25,0.346,0.318,0.664,14,52,44,3,11,3,0,0,4,1,6,9,1,0,Metro Atlantic,Home,0
Maggie Kellner,Niagara,C,0.242,0.297,0.242,0.54,13,38,33,6,8,0,0,0,5,0,3,6,0,0,Metro Atlantic,Home,-0.074
Natasha Limbani,Niagara,SS,0.238,0.273,0.238,0.511,14,44,42,5,10,0,0,0,3,0,2,3,1,0,Metro Atlantic,Home,-0.132
Sophia Marrero,Niagara,RF,0.233,0.267,0.233,0.499,14,45,43,2,10,0,0,0,5,2,0,4,0,0,Metro Atlantic,Home,-0.137
Kaitlynn Peters,Saint Peter's,DP,0.233,0.277,0.419,0.695,17,47,43,3,10,2,0,2,8,1,2,7,0,0,Metro Atlantic,Home,-0.173
Sophia Recrosio,Marist,RF,0.222,0.222,0.244,0.467,16,46,45,3,10,1,0,0,0,0,0,4,0,0,Metro Atlantic,Home,-0.033
Zoe Truxon,Mount St. Mary's,CF,0.22,0.304,0.32,0.624,17,58,50,6,11,3,1,0,4,2,4,15,6,0,Metro Atlantic,Home,0.006
Ella McGalliard,Quinnipiac,3B,0.213,0.26,0.255,0.515,16,51,47,3,10,2,0,0,5,0,3,5,1,0,Metro Atlantic,Home,-0.087
Emma Capuano,Iona,3B,0.211,0.34,0.342,0.683,13,47,38,9,8,2,0,1,3,2,6,13,2,1,Metro Atlantic,Home,-0.067
Chloe Cummings,Siena,LF,0.211,0.286,0.211,0.496,14,47,38,8,8,0,0,0,4,1,3,2,1,0,Metro Atlantic,Home,-0.066
Olivia Burroughs,Rider,3B,0.208,0.269,0.229,0.498,19,53,48,3,10,1,0,0,3,0,4,10,0,0,Metro Atlantic,Home,0.056
Mary Fogg,Quinnipiac,LF,0.206,0.25,0.235,0.485,12,36,34,4,7,1,0,0,1,0,2,3,0,1,Metro Atlantic,Home,-0.067
Shayna Myshrall,Niagara,DP,0.2,0.31,0.343,0.652,14,42,35,4,7,2,0,1,5,0,6,11,0,0,Metro Atlantic,Home,-0.068
Ashley Giampolo,Siena,2B,0.2,0.344,0.24,0.584,11,33,25,4,5,1,0,0,4,0,6,5,0,0,Metro Atlantic,Home,0.063
Megan Forbes,Fairfield,RF,0.195,0.306,0.293,0.599,16,51,41,7,8,1,0,1,4,2,5,7,3,0,Metro Atlantic,Home,-0.035
Kaylee Lacomb,Saint Peter's,RF,0.188,0.278,0.313,0.59,16,38,32,2,6,1,0,1,4,1,3,6,3,1,Metro Atlantic,Home,-0.043
Elizabeth King,Mount St. Mary's,1B,0.186,0.271,0.288,0.56,20,71,59,4,11,3,0,1,8,1,7,10,0,0,Metro Atlantic,Home,-0.006
Hannah Davis,Quinnipiac,1B,0.182,0.2,0.295,0.495,16,45,44,4,8,3,1,0,6,0,1,11,0,0,Metro Atlantic,Home,-0.12
Anissa Villalobos,Manhattan,RF,0.167,0.286,0.333,0.619,17,44,36,6,6,3,0,1,8,0,6,9,1,0,Metro Atlantic,Home,-0.048
Tristen Wren,Rider,2B,0.167,0.265,0.2,0.465,15,35,30,4,5,1,0,0,1,1,3,5,0,0,Metro Atlantic,Home,-0.055
Anna Paravati,Fairfield,3B,0.152,0.25,0.196,0.446,16,53,46,3,7,2,0,0,6,1,5,2,0,0,Metro Atlantic,Home,-0.116
Diana Parker,Siena,3B,0.15,0.28,0.15,0.43,11,25,20,4,3,0,0,0,3,3,1,4,0,0,Metro Atlantic,Home,-0.012
Danica Silvestri,Fairfield,LF,0.148,0.324,0.148,0.472,15,35,27,4,4,0,0,0,3,2,5,4,0,0,Metro Atlantic,Home,0.034
Madi Silber,Siena,C,0.147,0.326,0.176,0.502,14,44,34,4,5,1,0,0,3,5,4,9,0,0,Metro Atlantic,Home,-0.175
Kaylin Flukey,Iona,1B,0.143,0.211,0.2,0.411,13,38,35,1,5,2,0,0,1,1,2,7,0,0,Metro Atlantic,Home,-0.148
Jocelyn Ulrich,Siena,DP,0.537,0.636,0.732,1.368,19,56,41,6,22,5,0,1,10,0,13,5,2,0,Metro Atlantic,Away,
Jamie Sheeran,Iona,C,0.424,0.466,0.833,1.299,22,74,66,13,28,9,0,6,17,0,6,5,0,0,Metro Atlantic,Away,
Haley Ahr,Marist,1B,0.421,0.422,0.684,1.106,25,83,76,12,32,8,0,4,28,1,2,2,1,1,Metro Atlantic,Away,
Emma Petersen,Siena,1B,0.406,0.42,0.641,1.061,20,69,64,10,26,4,1,3,19,0,3,10,2,0,Metro Atlantic,Away,
Kaitlynn Peters,Saint Peter's,DP,0.406,0.472,0.516,0.988,27,73,64,4,26,7,0,0,8,0,8,9,1,0,Metro Atlantic,Away,
Peyton Pusey,Marist,CF,0.402,0.459,0.655,1.114,24,98,87,32,35,11,1,3,13,1,9,11,5,4,Metro Atlantic,Away,
Lindsay Mayo,Niagara,LF,0.383,0.478,0.532,1.01,29,114,94,28,36,9,1,1,9,6,12,17,3,1,Metro Atlantic,Away,
Natalia Apatiga,Quinnipiac,SS,0.379,0.44,0.455,0.895,20,75,66,10,25,2,0,1,10,2,6,6,1,1,Metro Atlantic,Away,
Sophia Marrero,Niagara,RF,0.37,0.395,0.603,0.997,23,76,73,13,27,11,0,2,21,1,2,5,0,0,Metro Atlantic,Away,
Natasha Limbani,Niagara,SS,0.37,0.408,0.446,0.854,27,98,92,14,34,3,2,0,11,1,5,10,0,0,Metro Atlantic,Away,
Selah Moyer,Niagara,1B,0.364,0.424,0.494,0.917,25,86,77,11,28,7,0,1,14,1,7,16,0,0,Metro Atlantic,Away,
Alyssa Grupp,Marist,2B,0.362,0.451,0.493,0.944,24,84,69,15,25,5,2,0,9,3,9,2,5,1,Metro Atlantic,Away,
Samantha Hare,Niagara,CF,0.361,0.395,0.653,1.048,23,81,72,15,26,9,0,4,22,1,5,7,2,0,Metro Atlantic,Away,
Miah McDonald,Marist,3B,0.36,0.384,0.73,1.114,25,99,89,27,32,6,3,7,26,2,4,7,8,1,Metro Atlantic,Away,
Charli Warren,Fairfield,CF,0.348,0.408,0.449,0.857,21,78,69,16,24,1,3,0,4,1,6,10,11,2,Metro Atlantic,Away,
Allie Bridgman,Fairfield,C,0.345,0.441,0.483,0.924,20,68,58,7,20,2,0,2,14,0,10,6,0,0,Metro Atlantic,Away,
Christie McGee-Ross,Canisius,CF,0.344,0.452,0.672,1.124,19,73,61,18,21,2,3,4,11,1,11,13,4,0,Metro Atlantic,Away,
Lindsey Hoag,Manhattan,LF,0.342,0.398,0.557,0.955,28,89,79,14,27,7,5,0,8,0,8,8,3,1,Metro Atlantic,Away,
Jadeyn Merrill,Rider,DP,0.333,0.348,0.4,0.748,18,47,45,2,15,3,0,0,8,1,0,5,0,1,Metro Atlantic,Away,
Isabella Pardo,Siena,CF,0.329,0.365,0.343,0.708,20,75,70,13,23,1,0,0,4,0,4,5,6,0,Metro Atlantic,Away,
Maddie Pleasants,Marist,DP,0.325,0.407,0.584,0.991,24,92,77,11,25,5,0,5,21,0,12,3,2,0,Metro Atlantic,Away,
Madi Silber,Siena,C,0.322,0.403,0.542,0.945,19,67,59,10,19,10,0,1,14,6,2,13,1,0,Metro Atlantic,Away,
Kiersten Bucha--,Rider,SS,0.321,0.368,0.434,0.802,18,57,53,6,17,4,1,0,5,0,4,13,1,0,Metro Atlantic,Away,
Brianna Delaney,Niagara,3B,0.321,0.441,0.56,1.001,28,104,84,21,27,6,1,4,19,1,17,8,0,0,Metro Atlantic,Away,
Maggie Kellner,Niagara,C,0.316,0.366,0.395,0.761,23,85,76,15,24,3,0,1,8,3,3,16,1,1,Metro Atlantic,Away,
Ronni Howard,Marist,3B,0.316,0.422,0.526,0.949,17,48,38,15,12,2,0,2,8,1,6,10,1,1,Metro Atlantic,Away,
Jess Forte,Saint Peter's,SS,0.312,0.4,0.613,1.013,32,112,93,16,29,4,3,6,26,2,13,11,7,2,Metro Atlantic,Away,
McKenzie Swinson,Siena,LF,0.306,0.397,0.532,0.93,20,74,62,17,19,6,1,2,10,1,9,11,8,1,Metro Atlantic,Away,
Sydney Orndorff,Saint Peter's,LF,0.305,0.328,0.364,0.692,32,122,118,17,36,5,1,0,12,0,4,15,7,0,Metro Atlantic,Away,
Hannah Davis,Quinnipiac,1B,0.302,0.34,0.465,0.806,15,48,43,9,13,1,0,2,8,0,3,5,3,0,Metro Atlantic,Away,
Ella McGalliard,Quinnipiac,3B,0.3,0.364,0.575,0.939,14,45,40,10,12,2,0,3,9,1,3,6,2,1,Metro Atlantic,Away,
Kaylin Flukey,Iona,1B,0.291,0.418,0.382,0.8,22,68,55,2,16,2,0,1,8,1,11,1,0,0,Metro Atlantic,Away,
Gianna Fazzolari,Canisius,C,0.29,0.38,0.532,0.913,20,71,62,8,18,3,0,4,21,1,8,6,0,0,Metro Atlantic,Away,
Dakota Pitts,Saint Peter's,1B,0.29,0.372,0.5,0.872,32,114,100,12,29,7,1,4,20,2,11,6,2,0,Metro Atlantic,Away,
Jessie Niegocki,Rider,2B,0.286,0.322,0.321,0.643,17,60,56,4,16,0,1,0,1,0,3,5,0,0,Metro Atlantic,Away,
Maiah Skakal,Saint Peter's,C,0.286,0.359,0.363,0.722,31,107,91,16,26,3,2,0,11,5,6,10,4,0,Metro Atlantic,Away,
Cara McNulty,Saint Peter's,2B,0.283,0.348,0.485,0.833,31,112,99,20,28,8,0,4,23,6,5,14,3,0,Metro Atlantic,Away,
Brooke Hilliard,Quinnipiac,RF,0.283,0.35,0.34,0.69,18,62,53,7,15,3,0,0,7,1,5,5,1,1,Metro Atlantic,Away,
Lauren Rende,Manhattan,SS,0.279,0.421,0.393,0.814,24,79,61,12,17,4,0,1,9,2,13,6,2,0,Metro Atlantic,Away,
Emma Capuano,Iona,3B,0.278,0.366,0.375,0.741,23,83,72,13,20,4,0,1,6,2,8,15,7,0,Metro Atlantic,Away,
Chloe Cummings,Siena,LF,0.277,0.382,0.319,0.701,19,58,47,4,13,2,0,0,5,1,7,2,1,0,Metro Atlantic,Away,
Morgan Sylvestre,Fairfield,2B,0.274,0.366,0.355,0.721,21,75,62,10,17,2,0,1,6,4,5,16,5,0,Metro Atlantic,Away,
Mary Fogg,Quinnipiac,LF,0.273,0.324,0.303,0.627,20,75,66,8,18,2,0,0,6,0,5,3,4,0,Metro Atlantic,Away,
Delaney Whieldon,Fairfield,DH,0.269,0.367,0.481,0.847,20,64,52,6,14,4,2,1,10,1,7,9,0,0,Metro Atlantic,Away,
Shayna Myshrall,Niagara,DP,0.268,0.376,0.479,0.855,25,86,71,10,19,3,0,4,21,6,7,10,0,0,Metro Atlantic,Away,
Anna Paravati,Fairfield,3B,0.268,0.305,0.286,0.591,19,61,56,2,15,1,0,0,6,2,1,1,0,0,Metro Atlantic,Away,
Julia Vincent,Mount St. Mary's,RF,0.265,0.444,0.353,0.797,15,48,34,9,9,3,0,0,3,0,11,10,4,1,Metro Atlantic,Away,
Kristyn Gardner,Rider,C,0.265,0.356,0.51,0.866,19,60,49,5,13,6,0,2,10,3,5,6,0,0,Metro Atlantic,Away,
Hailey Guerrero,Iona,SS,0.262,0.366,0.525,0.891,22,72,61,10,16,1,0,5,12,0,10,9,3,0,Metro Atlantic,Away,
Sophia Recrosio,Marist,RF,0.255,0.317,0.273,0.589,20,60,55,9,14,1,0,0,4,0,5,6,2,0,Metro Atlantic,Away,
Tori Bowles,Mount St. Mary's,C,0.254,0.302,0.424,0.725,19,63,59,4,15,4,0,2,13,2,2,10,1,0,Metro Atlantic,Away,
Megan Giese,Canisius,P,0.25,0.34,0.386,0.726,17,54,44,3,11,1,1,1,8,0,7,11,0,0,Metro Atlantic,Away,
Brooke Acker,Iona,C,0.25,0.385,0.313,0.697,23,78,64,10,16,1,0,1,8,2,12,3,0,0,Metro Atlantic,Away,
Hailey Cenamme,Niagara,2B,0.25,0.289,0.333,0.622,26,96,84,13,21,4,0,1,13,1,4,13,2,0,Metro Atlantic,Away,
Kaitlyn Flood,Manhattan,3B,0.246,0.319,0.292,0.612,24,73,65,5,16,3,0,0,5,1,6,9,0,0,Metro Atlantic,Away,
Zailees Seda,Saint Peter's,3B,0.244,0.313,0.311,0.624,32,102,90,7,22,3,0,1,9,4,5,10,2,0,Metro Atlantic,Away,
Kayla Haywood,Iona,LF,0.239,0.307,0.343,0.65,22,75,67,10,16,4,0,1,10,1,6,13,2,1,Metro Atlantic,Away,
Maddie Luedtke,Rider,LF,0.236,0.344,0.382,0.726,19,65,55,11,13,0,1,2,6,3,6,17,3,0,Metro Atlantic,Away,
Amanda Engel,Quinnipiac,CF,0.235,0.361,0.275,0.635,20,62,51,13,12,2,0,0,7,1,9,6,6,1,Metro Atlantic,Away,
Martina Gutierrez,Fairfield,SS,0.234,0.26,0.34,0.6,21,53,47,6,11,5,0,0,8,0,2,13,2,0,Metro Atlantic,Away,
Kaylee Lacomb,Saint Peter's,RF,0.231,0.286,0.231,0.516,23,60,52,12,12,0,0,0,4,0,4,15,1,1,Metro Atlantic,Away,
Megan Forbes,Fairfield,RF,0.23,0.242,0.344,0.586,21,63,61,9,14,2,1,1,8,0,1,15,5,2,Metro Atlantic,Away,
Gabriella Mazzotta,Manhattan,CF,0.229,0.297,0.241,0.538,26,96,83,9,19,1,0,0,3,1,7,16,2,1,Metro Atlantic,Away,
Emily Ilano,Canisius,2B,0.228,0.313,0.439,0.751,19,64,57,9,13,3,0,3,6,2,5,6,2,1,Metro Atlantic,Away,
Tristen Wren,Rider,2B,0.222,0.344,0.259,0.603,14,36,27,3,6,1,0,0,1,1,4,8,0,0,Metro Atlantic,Away,
Kassidy Johnson,Mount St. Mary's,3B,0.22,0.22,0.317,0.537,14,41,41,3,9,1,0,1,5,0,0,13,0,1,Metro Atlantic,Away,
Rosie Gomez,Canisius,1B,0.217,0.277,0.383,0.66,20,65,60,3,13,4,0,2,9,0,5,9,0,0,Metro Atlantic,Away,
Maddy Weir,Manhattan,C,0.217,0.267,0.313,0.58,28,90,83,8,18,2,0,2,11,0,6,20,0,0,Metro Atlantic,Away,
Anissa Villalobos,Manhattan,RF,0.215,0.311,0.246,0.557,27,76,65,7,14,2,0,0,7,3,6,20,3,3,Metro Atlantic,Away,
Zoe Truxon,Mount St. Mary's,CF,0.214,0.25,0.238,0.488,15,45,42,1,9,1,0,0,2,1,1,11,6,1,Metro Atlantic,Away,
Sophia Kiseloski,Manhattan,1B,0.214,0.254,0.304,0.558,23,63,56,1,12,2,0,1,9,0,4,10,0,0,Metro Atlantic,Away,
Sofia Vega,Quinnipiac,2B,0.214,0.233,0.31,0.542,20,47,42,8,9,4,0,0,5,0,1,10,2,0,Metro Atlantic,Away,
Mary Jane Nicholson,Iona,DP,0.214,0.283,0.357,0.64,19,46,42,3,9,0,0,2,3,0,4,9,0,0,Metro Atlantic,Away,
Kendall Reda-Fehsal,Rider,1B,0.208,0.328,0.396,0.724,20,65,53,6,11,2,1,2,7,2,8,11,0,0,Metro Atlantic,Away,
Mikala Fletcher,Siena,RF,0.2,0.25,0.311,0.561,16,48,45,5,9,2,0,1,3,1,2,10,5,0,Metro Atlantic,Away,
Bella Cahueque,Manhattan,2B,0.196,0.224,0.217,0.442,19,54,46,2,9,1,0,0,6,0,2,12,0,0,Metro Atlantic,Away,
Elizabeth King,Mount St. Mary's,1B,0.192,0.3,0.308,0.608,20,60,52,4,10,3,0,1,3,0,8,9,0,0,Metro Atlantic,Away,
Cara Kochakian,Fairfield,1B,0.188,0.273,0.25,0.523,20,56,48,2,9,1,1,0,9,0,6,15,3,1,Metro Atlantic,Away,
Abigayle Perry,Mount St. Mary's,SS,0.167,0.328,0.222,0.551,20,68,54,9,9,3,0,0,2,1,12,14,4,0,Metro Atlantic,Away,
Madysen Burkey,Canisius,LF,0.167,0.182,0.214,0.396,15,47,42,8,7,2,0,0,1,0,1,15,1,1,Metro Atlantic,Away,
Diana Parker,Siena,3B,0.162,0.279,0.324,0.603,16,44,37,5,6,3,0,1,5,2,4,7,0,0,Metro Atlantic,Away,
Olivia Burroughs,Rider,3B,0.152,0.264,0.239,0.503,19,54,46,0,7,4,0,0,1,2,5,10,0,0,Metro Atlantic,Away,
Ashley Giampolo,Siena,2B,0.137,0.182,0.176,0.358,18,56,51,6,7,2,0,0,7,0,3,8,0,2,Metro Atlantic,Away,
Brianna Bailey,Iona,2B,0.136,0.208,0.182,0.39,17,49,44,1,6,2,0,0,0,0,4,5,0,0,Metro Atlantic,Away,
Danica Silvestri,Fairfield,LF,0.114,0.304,0.114,0.419,19,48,35,8,4,0,0,0,2,7,3,7,3,0,Metro Atlantic,Away,
Meagan Lee,Akron,LF,0.5,0.509,0.5,1.009,15,55,52,8,26,0,0,0,3,0,1,2,5,1,Mid-American,Home,0.084
Hadley Parisien,Miami (OH),RF,0.472,0.535,0.944,1.479,15,43,36,12,17,2,0,5,17,0,6,3,2,0,Mid-American,Home,0.163
Payton Kelly,Western Michigan,LF,0.462,0.488,0.59,1.078,13,43,39,6,18,2,0,1,5,0,2,3,3,0,Mid-American,Home,0.172
Reagan Bartholomew,Miami (OH),SS,0.447,0.523,1.105,1.628,15,44,38,14,17,1,0,8,24,2,4,3,0,0,Mid-American,Home,0.068
Karli Spaid,Miami (OH),3B,0.419,0.526,1.116,1.643,15,57,43,18,18,3,0,9,21,0,12,2,2,0,Mid-American,Home,-0.008
Kate Kobayashi,Miami (OH),CF,0.417,0.593,1.111,1.704,15,54,36,20,15,4,0,7,18,1,16,6,2,0,Mid-American,Home,0.029
Julia Mazanec,Kent State,SS,0.415,0.478,0.634,1.112,14,46,41,11,17,1,1,2,9,0,5,8,2,0,Mid-American,Home,0.025
Holly Blaska,Miami (OH),1B,0.413,0.5,0.783,1.283,15,57,46,19,19,3,1,4,14,0,8,3,3,0,Mid-American,Home,0.075
Kendra VanderLugt,Toledo,RF,0.412,0.459,0.588,1.048,13,37,34,5,14,3,0,1,4,0,3,1,0,0,Mid-American,Home,0.124
Caitlyn Shumaker,Northern Illinois,3B,0.41,0.5,0.846,1.346,15,49,39,15,16,4,2,3,12,4,4,7,5,1,Mid-American,Home,0.16
Danielle Stewart,Northern Illinois,DH,0.409,0.462,0.818,1.28,15,52,44,10,18,4,1,4,14,0,6,6,1,0,Mid-American,Home,0.07
Ellis Erickson,Northern Illinois,CF,0.4,0.455,0.66,1.115,15,55,50,10,20,7,0,2,5,0,5,4,1,2,Mid-American,Home,0.032
Annalia Paoli,Ohio,DP,0.4,0.438,0.667,1.104,8,16,15,3,6,1,0,1,4,1,0,0,3,0,Mid-American,Home,0.225
McKayla Timmons,Ball State,C,0.394,0.565,0.909,1.474,12,46,33,11,13,2,0,5,12,2,11,4,4,1,Mid-American,Home,-0.004
Peyton Dolejs,Bowling Green,CF,0.385,0.4,0.558,0.958,16,56,52,6,20,4,1,1,10,0,2,3,1,1,Mid-American,Home,0.182
Emma Hoffner,Ohio,C,0.381,0.447,0.714,1.161,14,49,42,9,16,5,0,3,13,1,4,4,3,0,Mid-American,Home,0.131
Aaralyn Nogay,Bowling Green,LF,0.381,0.471,0.5,0.971,14,52,42,7,16,1,2,0,8,2,6,8,6,0,Mid-American,Home,0.167
Haley Wynn,Ball State,3B,0.378,0.425,0.703,1.128,12,41,37,7,14,4,1,2,6,1,2,3,3,0,Mid-American,Home,0.063
Madison Mathews,Northern Illinois,3B,0.378,0.467,0.676,1.142,15,45,37,6,14,2,0,3,7,0,7,7,2,0,Mid-American,Home,0.164
Sidney Griffith,Toledo,2B,0.375,0.395,0.425,0.82,13,46,40,7,15,2,0,0,7,0,2,1,2,0,Mid-American,Home,-0.028
Keira Tolmie,Central Michigan,DP,0.375,0.559,0.667,1.225,13,34,24,6,9,4,0,1,4,0,10,6,0,0,Mid-American,Home,0.187
Chloe Parks,Miami (OH),2B,0.372,0.438,0.488,0.926,15,48,43,13,16,2,0,1,12,1,4,3,3,1,Mid-American,Home,0.044
Carley Penner,Kent State,CF,0.366,0.422,0.366,0.788,14,46,41,7,15,0,0,0,2,0,4,9,5,0,Mid-American,Home,0.033
McKenna Mulholland,Ball State,SS,0.364,0.405,0.485,0.89,11,37,33,6,12,4,0,0,6,1,2,3,2,2,Mid-American,Home,0.154
Bri Despines,Kent State,C,0.354,0.392,0.5,0.892,14,51,48,9,17,2,1,1,6,0,3,2,4,1,Mid-American,Home,0.058
Sami Bewick,Miami (OH),DP,0.353,0.489,0.588,1.077,15,45,34,11,12,5,0,1,13,1,9,3,1,0,Mid-American,Home,-0.004
Jenna Golembiewski,Miami (OH),LF,0.35,0.438,0.95,1.388,14,48,40,13,14,3,0,7,16,3,4,8,1,0,Mid-American,Home,-0.011
Sophia Wygast,Akron,1B,0.349,0.404,0.698,1.102,14,47,43,6,15,3,0,4,15,0,4,12,0,0,Mid-American,Home,0.048
Lily Sullivan,Akron,RF,0.348,0.4,0.413,0.813,15,50,46,6,16,3,0,0,9,2,2,5,0,0,Mid-American,Home,0.023
Jazmyne Armendariz,Ball State,2B,0.343,0.452,0.4,0.852,12,44,35,7,12,2,0,0,2,1,6,2,1,0,Mid-American,Home,0.112
Carly Sleeman,Central Michigan,C,0.342,0.422,0.658,1.08,13,45,38,7,13,9,0,1,12,2,4,3,0,0,Mid-American,Home,0.122
Brooke Sivek,Akron,2B,0.34,0.389,0.34,0.729,15,55,50,11,17,0,0,0,1,0,4,7,6,0,Mid-American,Home,0.093
Riley Dittmar,Western Michigan,RF,0.333,0.422,0.538,0.961,13,45,39,13,13,5,0,1,2,1,5,3,3,0,Mid-American,Home,0.023
Eli Enriquez,Toledo,SS,0.333,0.362,0.444,0.806,13,47,45,9,15,1,2,0,1,2,0,2,6,2,Mid-American,Home,0
Rissa Bajusz,Western Michigan,P,0.323,0.344,0.677,1.021,11,32,31,7,10,0,1,3,7,0,1,3,1,0,Mid-American,Home,-0.028
Maris Barbato,Toledo,C,0.323,0.344,0.452,0.795,12,33,31,1,10,4,0,0,8,1,0,1,0,0,Mid-American,Home,0.085
Emily Bracamonte,Toledo,3B,0.321,0.441,0.429,0.87,13,36,28,4,9,1,1,0,5,0,6,0,1,0,Mid-American,Home,0.164
Taylor Garey,Western Michigan,2B,0.321,0.382,0.536,0.918,12,35,28,2,9,3,0,1,8,0,4,3,0,1,Mid-American,Home,0.154
Brenna Farmer,Ohio,1B,0.317,0.391,0.634,1.025,14,46,41,10,13,1,0,4,9,0,5,1,0,0,Mid-American,Home,0.15
Alexis Lucyshyn,Buffalo,P,0.314,0.386,0.49,0.876,16,57,51,8,16,3,0,2,9,0,6,9,1,0,Mid-American,Home,0.056
Riley Mohr,Toledo,1B,0.31,0.326,0.524,0.849,13,43,42,4,13,3,0,2,7,0,1,3,0,0,Mid-American,Home,-0.007
Michaleigh Vallimont,Central Michigan,RF,0.303,0.324,0.303,0.627,12,38,33,4,10,0,0,0,9,1,1,6,0,0,Mid-American,Home,0.157
Izzie Wilson,Ohio,LF,0.297,0.341,0.432,0.774,14,42,37,6,11,2,0,1,7,0,3,4,0,0,Mid-American,Home,-0.042
Allyssa Hollo,Central Michigan,1B,0.294,0.429,0.529,0.958,13,43,34,5,10,5,0,1,5,1,7,7,1,0,Mid-American,Home,0.098
Kaitlyn Mathews,Ball State,LF,0.292,0.32,0.542,0.862,11,25,24,6,7,0,0,2,6,0,1,9,5,0,Mid-American,Home,0.1
Brynn Libler,Kent State,RF,0.289,0.325,0.368,0.693,13,40,38,1,11,1,1,0,3,0,2,6,0,0,Mid-American,Home,-0.001
Haley Boxwell,Western Michigan,C,0.286,0.325,0.514,0.839,13,40,35,3,10,2,0,2,9,1,2,3,0,0,Mid-American,Home,-0.054
Abbey Tolmie,Central Michigan,CF,0.286,0.444,0.4,0.844,12,45,35,12,10,2,1,0,4,1,9,3,3,0,Mid-American,Home,0.008
Emily Lippe,Kent State,DP,0.282,0.364,0.487,0.851,14,45,39,2,11,2,0,2,6,1,4,10,0,0,Mid-American,Home,0.036
Tori O'Brien,Ohio,2B,0.282,0.3,0.308,0.608,12,41,39,3,11,1,0,0,1,0,1,5,0,1,Mid-American,Home,-0.057
Allie Cummins,Miami (OH),C,0.279,0.456,0.558,1.014,15,57,43,18,12,1,1,3,6,0,14,6,0,0,Mid-American,Home,-0.105
Yasmine Logan,Ohio,CF,0.278,0.35,0.472,0.822,12,42,36,10,10,1,0,2,6,0,4,7,3,0,Mid-American,Home,-0.031
Lauren Erickson,Toledo,LF,0.273,0.351,0.424,0.776,13,37,33,4,9,5,0,0,3,0,4,6,2,1,Mid-American,Home,-0.07
Mia Mitchell,Buffalo,CF,0.265,0.345,0.49,0.835,16,55,49,6,13,2,0,3,7,0,6,4,3,0,Mid-American,Home,0.056
Marti Henkel,Bowling Green,C,0.263,0.333,0.316,0.649,16,43,38,3,10,2,0,0,7,0,4,7,0,0,Mid-American,Home,0.125
Shelby Westler,Ohio,3B,0.263,0.318,0.421,0.739,7,23,19,4,5,0,0,1,2,1,1,1,0,0,Mid-American,Home,-0.018
Reagan Williamson,Bowling Green,DH,0.262,0.404,0.476,0.88,16,52,42,6,11,3,0,2,7,0,10,5,0,0,Mid-American,Home,0.016
Lauren Yuhas,Ohio,2B,0.256,0.383,0.41,0.793,14,51,39,8,10,3,0,1,3,2,6,1,4,1,Mid-American,Home,-0.007
Madison Fernimen,Buffalo,3B,0.255,0.361,0.373,0.733,16,61,51,10,13,3,0,1,4,0,9,3,1,0,Mid-American,Home,-0.078
Avery Carnahan,Northern Illinois,SS,0.244,0.311,0.317,0.628,15,45,41,2,10,3,0,0,13,0,4,5,2,1,Mid-American,Home,-0.025
Addison Hudson,Western Michigan,CF,0.242,0.306,0.273,0.578,13,39,33,7,8,1,0,0,0,0,3,5,1,0,Mid-American,Home,0.038
Alexandria Whitmore,Kent State,3B,0.238,0.319,0.524,0.843,14,49,42,13,10,2,2,2,6,4,1,4,4,1,Mid-American,Home,-0.125
Jenna Kroll,Toledo,DP,0.231,0.25,0.41,0.66,13,40,39,3,9,1,0,2,7,0,1,3,0,0,Mid-American,Home,-0.052
Cameron Kaufman,Bowling Green,SS,0.231,0.268,0.256,0.525,13,41,39,5,9,1,0,0,2,0,2,7,4,0,Mid-American,Home,0.031
Madison Mikulski,Toledo,CF,0.222,0.313,0.259,0.572,13,33,27,4,6,1,0,0,5,2,2,3,3,0,Mid-American,Home,-0.028
Jenna Turner,Northern Illinois,SS,0.217,0.25,0.283,0.533,14,48,46,5,10,1,1,0,4,0,2,7,1,2,Mid-American,Home,-0.109
Samantha-Jo Mata,Ball State,1B,0.214,0.233,0.321,0.555,11,30,28,1,6,0,0,1,7,0,1,4,0,0,Mid-American,Home,0.042
Alyssa Wasielewski,Buffalo,SS,0.214,0.283,0.286,0.568,16,46,42,4,9,1,1,0,2,0,4,6,1,1,Mid-American,Home,-0.172
Delaney Robeson,Kent State,2B,0.206,0.25,0.324,0.574,14,39,34,5,7,1,0,1,6,0,2,5,3,0,Mid-American,Home,-0.089
CiCi Keidel,Ohio,RF,0.206,0.289,0.235,0.525,14,39,34,5,7,1,0,0,0,1,3,4,2,0,Mid-American,Home,-0.058
Tianna Williams,Buffalo,2B,0.205,0.265,0.25,0.515,14,49,44,3,9,2,0,0,6,2,2,6,0,0,Mid-American,Home,-0.142
Sara Kelly,Buffalo,LF,0.205,0.294,0.227,0.521,16,51,44,5,9,1,0,0,2,0,6,6,2,0,Mid-American,Home,-0.045
Abbey Nagel,Buffalo,1B,0.196,0.226,0.314,0.54,16,53,51,5,10,4,1,0,3,1,1,10,2,0,Mid-American,Home,-0.066
Tiffany Stevens,Akron,CF,0.186,0.239,0.209,0.448,15,47,43,2,8,1,0,0,1,0,3,10,1,0,Mid-American,Home,-0.056
Trinity Jones Estrada,Northern Illinois,C,0.182,0.206,0.212,0.418,13,34,33,0,6,1,0,0,1,0,1,2,0,0,Mid-American,Home,-0.062
Skylar Coberley,Central Michigan,2B,0.175,0.209,0.225,0.434,13,44,40,6,7,2,0,0,5,1,1,12,1,0,Mid-American,Home,-0.217
Megan Welsh,Western Michigan,1B,0.167,0.222,0.208,0.431,12,27,24,1,4,1,0,0,2,0,2,4,0,0,Mid-American,Home,-0.125
Megan Claerhout,Kent State,1B,0.167,0.3,0.333,0.633,12,32,24,2,4,1,0,1,4,0,5,9,0,0,Mid-American,Home,-0.153
Savannah Wing,Kent State,RF,0.162,0.298,0.351,0.649,14,47,37,4,6,1,0,2,9,2,6,5,0,0,Mid-American,Home,-0.171
Delaney Jenkinson,Akron,SS,0.161,0.278,0.323,0.6,12,36,31,5,5,2,0,1,5,0,5,9,7,0,Mid-American,Home,-0.093
Katy Ramage,Northern Illinois,LF,0.148,0.281,0.148,0.429,14,34,27,5,4,0,0,0,1,2,3,10,0,1,Mid-American,Home,-0.17
Grace Koenig,Central Michigan,3B,0.147,0.216,0.235,0.452,11,37,34,6,5,3,0,0,0,1,2,12,1,0,Mid-American,Home,-0.166
Jessica Hoffman,Ball State,DP,0.138,0.235,0.345,0.58,12,34,29,4,4,0,0,2,4,1,3,8,0,0,Mid-American,Home,-0.151
Cassidy Brendtke,Western Michigan,3B,0.125,0.125,0.167,0.292,10,25,24,1,3,1,0,0,0,0,0,4,0,0,Mid-American,Home,-0.042
Maddie Springer,Central Michigan,SS,0.083,0.214,0.125,0.339,12,30,24,1,2,1,0,0,2,1,3,2,0,0,Mid-American,Home,-0.25
Karli Spaid,Miami (OH),3B,0.427,0.543,1.12,1.663,24,94,75,32,32,7,0,15,30,1,18,12,2,1,Mid-American,Away,
Meagan Lee,Akron,LF,0.416,0.458,0.449,0.908,25,97,89,16,37,0,0,1,9,0,7,14,7,1,Mid-American,Away,
Sidney Griffith,Toledo,2B,0.403,0.471,0.468,0.939,20,72,62,14,25,4,0,0,9,2,6,4,3,2,Mid-American,Away,
McKayla Timmons,Ball State,C,0.398,0.496,0.914,1.41,30,115,93,28,37,6,0,14,33,6,14,11,8,1,Mid-American,Away,
Skylar Coberley,Central Michigan,2B,0.392,0.446,0.647,1.093,17,58,51,11,20,1,0,4,12,0,5,9,3,1,Mid-American,Away,
Julia Mazanec,Kent State,SS,0.39,0.427,0.61,1.037,23,82,77,21,30,8,0,3,8,1,4,5,3,0,Mid-American,Away,
Kate Kobayashi,Miami (OH),CF,0.388,0.512,0.821,1.333,24,86,67,29,26,5,0,8,27,1,17,10,2,1,Mid-American,Away,
Alyssa Wasielewski,Buffalo,SS,0.386,0.451,0.545,0.996,17,51,44,9,17,4,0,1,4,0,6,6,0,1,Mid-American,Away,
Allie Cummins,Miami (OH),C,0.384,0.526,0.726,1.252,24,97,73,31,28,4,0,7,26,0,23,12,0,1,Mid-American,Away,
Reagan Bartholomew,Miami (OH),SS,0.379,0.391,0.742,1.134,21,69,66,17,25,3,0,7,20,0,2,15,1,0,Mid-American,Away,
Ellis Erickson,Northern Illinois,CF,0.368,0.38,0.667,1.047,25,92,87,17,32,8,0,6,15,0,3,9,7,3,Mid-American,Away,
Alexandria Whitmore,Kent State,3B,0.363,0.4,0.5,0.9,23,88,80,16,29,3,4,0,11,1,4,10,6,2,Mid-American,Away,
Jenna Golembiewski,Miami (OH),LF,0.361,0.426,0.819,1.245,24,94,83,26,30,6,1,10,36,0,10,15,3,1,Mid-American,Away,
Sami Bewick,Miami (OH),DP,0.357,0.458,0.757,1.215,24,83,70,21,25,4,0,8,27,0,13,11,1,1,Mid-American,Away,
Rissa Bajusz,Western Michigan,P,0.351,0.386,0.486,0.873,14,44,37,4,13,3,1,0,8,1,3,5,0,0,Mid-American,Away,
Tianna Williams,Buffalo,2B,0.347,0.407,0.408,0.816,16,54,49,4,17,3,0,0,4,1,4,5,0,0,Mid-American,Away,
Lauren Erickson,Toledo,LF,0.343,0.395,0.6,0.995,13,40,35,14,12,3,0,2,7,1,2,4,2,0,Mid-American,Away,
Haley Boxwell,Western Michigan,C,0.34,0.393,0.468,0.861,17,56,47,2,16,6,0,0,8,2,4,2,0,0,Mid-American,Away,
Tori O'Brien,Ohio,2B,0.339,0.373,0.393,0.766,18,62,56,8,19,0,0,1,5,0,3,9,0,0,Mid-American,Away,
Danielle Stewart,Northern Illinois,DH,0.339,0.486,0.554,1.04,21,75,56,12,19,6,0,2,11,4,13,6,2,0,Mid-American,Away,
Izzie Wilson,Ohio,LF,0.339,0.381,0.441,0.822,20,63,59,5,20,3,0,1,5,0,4,14,0,2,Mid-American,Away,
Holly Blaska,Miami (OH),1B,0.338,0.418,0.725,1.143,24,92,80,27,27,4,0,9,21,1,10,13,2,0,Mid-American,Away,
Madison Fernimen,Buffalo,3B,0.333,0.429,0.394,0.823,21,77,66,15,22,4,0,0,9,1,10,7,4,0,Mid-American,Away,
Maddie Springer,Central Michigan,SS,0.333,0.396,0.452,0.848,17,50,42,4,14,3,1,0,7,0,5,3,1,0,Mid-American,Away,
Savannah Wing,Kent State,RF,0.333,0.383,0.6,0.983,22,81,75,14,25,14,0,2,18,4,2,10,0,0,Mid-American,Away,
Carley Penner,Kent State,CF,0.333,0.351,0.347,0.697,23,79,75,12,25,1,0,0,6,0,2,15,3,1,Mid-American,Away,
Eli Enriquez,Toledo,SS,0.333,0.365,0.362,0.727,20,76,69,16,23,0,1,0,4,0,4,4,13,0,Mid-American,Away,
Chloe Parks,Miami (OH),2B,0.328,0.397,0.459,0.856,22,68,61,14,20,5,0,1,8,0,7,3,1,0,Mid-American,Away,
Jenna Turner,Northern Illinois,SS,0.326,0.356,0.349,0.704,25,90,86,13,28,0,1,0,7,1,3,14,13,0,Mid-American,Away,
Lily Sullivan,Akron,RF,0.325,0.391,0.377,0.767,25,89,77,11,25,4,0,0,7,3,6,11,0,0,Mid-American,Away,
Megan Claerhout,Kent State,1B,0.32,0.379,0.52,0.899,14,29,25,3,8,2,0,1,5,1,2,4,0,0,Mid-American,Away,
Katy Ramage,Northern Illinois,LF,0.318,0.4,0.333,0.733,24,75,66,9,21,1,0,0,9,4,5,12,12,1,Mid-American,Away,
Riley Mohr,Toledo,1B,0.317,0.371,0.524,0.895,20,70,63,9,20,4,0,3,17,3,3,8,1,0,Mid-American,Away,
Haley Wynn,Ball State,3B,0.315,0.368,0.5,0.868,30,117,108,21,34,4,2,4,14,2,7,10,9,2,Mid-American,Away,
Grace Koenig,Central Michigan,3B,0.313,0.405,0.469,0.874,13,38,32,5,10,2,0,1,5,0,5,11,0,0,Mid-American,Away,
Riley Dittmar,Western Michigan,RF,0.31,0.4,0.448,0.848,19,71,58,9,18,3,1,1,15,3,7,8,0,0,Mid-American,Away,
Yasmine Logan,Ohio,CF,0.309,0.423,0.745,1.168,21,72,55,17,17,4,1,6,21,0,13,10,1,0,Mid-American,Away,
Hadley Parisien,Miami (OH),RF,0.309,0.345,0.418,0.763,23,58,55,10,17,0,0,2,8,0,3,11,1,1,Mid-American,Away,
Sophia Wygast,Akron,1B,0.301,0.366,0.575,0.941,24,82,73,9,22,2,0,6,21,0,8,14,0,0,Mid-American,Away,
Bri Despines,Kent State,C,0.296,0.393,0.437,0.829,23,86,71,8,21,5,1,1,12,2,10,7,1,1,Mid-American,Away,
Delaney Robeson,Kent State,2B,0.295,0.368,0.475,0.843,23,69,61,10,18,3,1,2,12,1,6,10,2,0,Mid-American,Away,
Megan Welsh,Western Michigan,1B,0.292,0.321,0.521,0.842,19,54,48,7,14,5,0,2,12,1,2,10,0,1,Mid-American,Away,
Payton Kelly,Western Michigan,LF,0.29,0.308,0.468,0.775,19,68,62,12,18,2,0,3,10,0,2,3,0,0,Mid-American,Away,
Brynn Libler,Kent State,RF,0.29,0.315,0.377,0.692,22,74,69,6,20,6,0,0,12,0,3,13,1,1,Mid-American,Away,
Jessica Hoffman,Ball State,DP,0.289,0.357,0.539,0.897,26,84,76,8,22,4,0,5,16,3,5,17,0,0,Mid-American,Away,
Kendra VanderLugt,Toledo,RF,0.288,0.317,0.339,0.656,20,66,59,9,17,3,0,0,8,1,2,4,0,0,Mid-American,Away,
Jenna Kroll,Toledo,DP,0.283,0.426,0.472,0.898,20,69,53,5,15,4,0,2,12,9,5,6,0,0,Mid-American,Away,
Shelby Westler,Ohio,3B,0.281,0.305,0.439,0.744,17,59,57,7,16,0,0,3,9,1,1,7,0,0,Mid-American,Away,
Abbey Tolmie,Central Michigan,CF,0.278,0.418,0.37,0.788,17,67,54,10,15,5,0,0,6,1,12,13,3,1,Mid-American,Away,
Avery Carnahan,Northern Illinois,SS,0.269,0.324,0.299,0.623,23,76,67,11,18,2,0,0,10,2,4,7,7,1,Mid-American,Away,
CiCi Keidel,Ohio,RF,0.264,0.291,0.321,0.612,21,57,53,10,14,3,0,0,4,1,1,4,0,0,Mid-American,Away,
Lauren Yuhas,Ohio,2B,0.263,0.333,0.386,0.719,19,67,57,14,15,4,0,1,5,1,5,8,3,0,Mid-American,Away,
Abbey Nagel,Buffalo,1B,0.262,0.352,0.262,0.614,21,71,61,5,16,0,0,0,5,1,8,9,2,0,Mid-American,Away,
Alexis Lucyshyn,Buffalo,P,0.258,0.356,0.435,0.792,21,73,62,8,16,5,0,2,12,0,10,11,0,0,Mid-American,Away,
Delaney Jenkinson,Akron,SS,0.254,0.338,0.373,0.711,23,69,59,13,15,1,0,2,8,0,8,19,4,1,Mid-American,Away,
Sara Kelly,Buffalo,LF,0.25,0.271,0.339,0.61,19,59,56,6,14,3,1,0,7,0,2,8,2,0,Mid-American,Away,
Madison Mikulski,Toledo,CF,0.25,0.298,0.269,0.567,20,60,52,6,13,1,0,0,3,3,1,5,1,1,Mid-American,Away,
Caitlyn Shumaker,Northern Illinois,3B,0.25,0.321,0.447,0.769,24,85,76,13,19,1,1,4,14,2,6,22,12,2,Mid-American,Away,
Emma Hoffner,Ohio,C,0.25,0.333,0.359,0.693,21,73,64,10,16,4,0,1,8,2,6,2,1,0,Mid-American,Away,
Brooke Sivek,Akron,2B,0.247,0.351,0.247,0.598,25,98,81,15,20,0,0,0,2,0,13,15,13,0,Mid-American,Away,
Reagan Williamson,Bowling Green,DH,0.246,0.317,0.404,0.721,20,63,57,4,14,0,0,3,5,0,6,6,0,0,Mid-American,Away,
Emily Lippe,Kent State,DP,0.246,0.369,0.507,0.876,23,84,69,10,17,0,0,6,14,1,13,16,0,0,Mid-American,Away,
Trinity Jones Estrada,Northern Illinois,C,0.244,0.277,0.267,0.543,19,51,45,1,11,1,0,0,5,0,2,3,0,0,Mid-American,Away,
Tiffany Stevens,Akron,CF,0.242,0.346,0.333,0.679,25,83,66,6,16,3,0,1,9,1,10,13,4,0,Mid-American,Away,
Maris Barbato,Toledo,C,0.238,0.256,0.31,0.565,16,44,42,1,10,0,0,1,4,1,0,0,2,0,Mid-American,Away,
Jazmyne Armendariz,Ball State,2B,0.231,0.369,0.297,0.666,30,112,91,16,21,3,0,1,14,2,18,11,1,0,Mid-American,Away,
Carly Sleeman,Central Michigan,C,0.22,0.23,0.322,0.552,17,63,59,10,13,3,0,1,4,0,1,8,0,1,Mid-American,Away,
Madison Mathews,Northern Illinois,3B,0.214,0.302,0.482,0.784,23,65,56,12,12,3,0,4,12,0,7,9,0,0,Mid-American,Away,
Aaralyn Nogay,Bowling Green,LF,0.214,0.377,0.238,0.615,19,54,42,5,9,1,0,0,1,0,11,8,3,0,Mid-American,Away,
McKenna Mulholland,Ball State,SS,0.21,0.333,0.272,0.605,29,100,81,18,17,5,0,0,6,7,9,13,6,0,Mid-American,Away,
Mia Mitchell,Buffalo,CF,0.209,0.26,0.448,0.708,21,73,67,13,14,1,0,5,12,0,5,9,3,0,Mid-American,Away,
Addison Hudson,Western Michigan,CF,0.204,0.264,0.224,0.489,18,57,49,9,10,1,0,0,1,0,4,10,1,0,Mid-American,Away,
Peyton Dolejs,Bowling Green,CF,0.203,0.239,0.25,0.489,22,69,64,8,13,3,0,0,1,0,3,11,1,0,Mid-American,Away,
Cameron Kaufman,Bowling Green,SS,0.2,0.237,0.218,0.455,22,61,55,4,11,1,0,0,5,1,2,12,1,1,Mid-American,Away,
Allyssa Hollo,Central Michigan,1B,0.196,0.25,0.391,0.641,17,53,46,3,9,3,0,2,10,1,3,11,0,0,Mid-American,Away,
Kaitlyn Mathews,Ball State,LF,0.192,0.381,0.329,0.71,30,101,73,9,14,2,1,2,12,3,20,19,7,0,Mid-American,Away,
Keira Tolmie,Central Michigan,DP,0.188,0.308,0.281,0.589,14,40,32,3,6,3,0,0,3,2,4,10,1,0,Mid-American,Away,
Annalia Paoli,Ohio,DP,0.175,0.25,0.375,0.625,16,44,40,5,7,2,0,2,10,0,4,10,0,0,Mid-American,Away,
Samantha-Jo Mata,Ball State,1B,0.172,0.27,0.281,0.552,25,74,64,6,11,1,0,2,6,1,8,14,1,0,Mid-American,Away,
Cassidy Brendtke,Western Michigan,3B,0.167,0.25,0.194,0.444,16,41,36,5,6,1,0,0,2,0,4,9,0,2,Mid-American,Away,
Taylor Garey,Western Michigan,2B,0.167,0.394,0.333,0.727,12,34,24,1,4,1,0,1,2,0,9,4,0,0,Mid-American,Away,
Brenna Farmer,Ohio,1B,0.167,0.227,0.167,0.394,21,67,60,2,10,0,0,0,7,0,5,8,0,0,Mid-American,Away,
Emily Bracamonte,Toledo,3B,0.157,0.246,0.216,0.461,19,61,51,4,8,0,0,1,5,2,4,0,0,1,Mid-American,Away,
Michaleigh Vallimont,Central Michigan,RF,0.146,0.255,0.229,0.484,17,57,48,2,7,1,0,1,2,3,4,11,1,0,Mid-American,Away,
Marti Henkel,Bowling Green,C,0.138,0.359,0.172,0.531,16,39,29,1,4,1,0,0,2,2,8,11,0,0,Mid-American,Away,
DeAsia Lowther,South Carolina State,1B,0.381,0.426,0.452,0.878,16,48,42,1,16,3,0,0,9,1,3,8,0,0,Mid-Eastern,Away,
Bianca Worthy,Howard,LF,0.364,0.404,0.386,0.791,14,49,44,9,16,1,0,0,3,2,1,5,1,0,Mid-Eastern,Away,
Nola Mountain,UMES,2B,0.364,0.407,0.418,0.825,19,59,55,10,20,1,1,0,1,0,4,7,6,2,Mid-Eastern,Away,
Mia Ewell,Morgan State,CF,0.357,0.472,0.464,0.937,13,36,28,7,10,3,0,0,4,0,7,7,3,0,Mid-Eastern,Away,
Victoria Fletcher,Morgan State,3B,0.356,0.423,0.489,0.912,15,52,45,2,16,0,0,2,8,1,5,3,0,1,Mid-Eastern,Away,
Maryn Jordan,Howard,CF,0.351,0.432,0.459,0.891,13,44,37,4,13,4,0,0,5,2,4,7,1,0,Mid-Eastern,Away,
Uxua Modrego Lopez,Delaware State,SS,0.349,0.406,0.571,0.977,19,71,63,12,22,3,1,3,9,0,6,5,9,2,Mid-Eastern,Away,
Jaylah Barr,North Carolina Central,SS,0.345,0.409,0.5,0.909,21,66,58,4,20,3,0,2,8,0,7,8,0,0,Mid-Eastern,Away,
Kaylah Leslie,South Carolina State,CF,0.343,0.361,0.343,0.704,14,36,35,5,12,0,0,0,0,0,1,9,2,2,Mid-Eastern,Away,
Rylie Gilbreath,Norfolk State,C,0.339,0.365,0.508,0.874,19,63,59,7,20,4,0,2,7,1,2,6,1,1,Mid-Eastern,Away,
Alyssa Vasquez,Howard,C,0.326,0.412,0.465,0.877,14,51,43,6,14,6,0,0,12,1,6,1,2,0,Mid-Eastern,Away,
Brooklyn Tapusoa,Coppin State,LF,0.319,0.367,0.538,0.906,29,99,91,16,29,9,1,3,16,0,7,16,1,0,Mid-Eastern,Away,
Emma Crowe,Delaware State,1B,0.313,0.358,0.438,0.796,18,56,48,5,15,2,2,0,6,0,4,5,1,1,Mid-Eastern,Away,
Amber Rivas,Morgan State,RF,0.308,0.321,0.404,0.725,15,53,52,10,16,3,1,0,2,1,0,6,5,2,Mid-Eastern,Away,
Hailey Ramberg,Delaware State,C,0.297,0.35,0.378,0.728,15,40,37,2,11,0,0,1,4,0,3,9,1,0,Mid-Eastern,Away,
Kenna Higa,Howard,1B,0.297,0.409,0.324,0.733,14,44,37,5,11,1,0,0,8,3,4,4,2,0,Mid-Eastern,Away,
Taylor Ames-Alexander,South Carolina State,2B,0.293,0.341,0.39,0.731,14,45,41,7,12,1,0,1,6,0,3,5,0,0,Mid-Eastern,Away,
Kayla Lester,Delaware State,LF,0.288,0.304,0.394,0.698,19,69,66,7,19,3,2,0,12,0,2,3,4,0,Mid-Eastern,Away,
Aniyah Haley,Coppin State,RF,0.287,0.339,0.386,0.725,29,113,101,11,29,3,2,1,16,1,8,10,10,0,Mid-Eastern,Away,
Laila Hasan,Delaware State,CF,0.286,0.339,0.327,0.666,18,57,49,11,14,2,0,0,10,0,5,2,5,0,Mid-Eastern,Away,
Ameenah Ballenger,UMES,P,0.283,0.353,0.37,0.723,19,51,46,3,13,1,0,1,11,0,5,3,1,0,Mid-Eastern,Away,
Hailey Batista,North Carolina Central,C,0.279,0.347,0.488,0.835,18,52,43,8,12,3,0,2,9,3,2,10,1,0,Mid-Eastern,Away,
Makiya Graves,North Carolina Central,1B,0.277,0.352,0.319,0.671,17,54,47,7,13,2,0,0,5,1,5,4,0,0,Mid-Eastern,Away,
Mikaela Francois,Delaware State,3B,0.275,0.341,0.375,0.716,17,45,40,7,11,1,0,1,5,0,4,5,0,0,Mid-Eastern,Away,
Manaia Fonoti,Coppin State,SS,0.271,0.293,0.375,0.668,27,101,96,11,26,8,1,0,9,1,2,12,5,1,Mid-Eastern,Away,
Seryna Esparza,Coppin State,1B,0.265,0.415,0.482,0.897,29,106,83,14,22,9,0,3,11,4,18,15,1,0,Mid-Eastern,Away,
Chandler Martin,Delaware State,C,0.262,0.311,0.405,0.716,17,48,42,3,11,1,1,1,2,0,3,5,1,0,Mid-Eastern,Away,
Annalise Santana,Delaware State,SS,0.259,0.344,0.259,0.604,19,61,54,8,14,0,0,0,4,2,5,13,2,1,Mid-Eastern,Away,
Celeste Gonzales,Coppin State,CF,0.253,0.352,0.297,0.649,29,110,91,15,23,2,1,0,8,5,9,18,3,2,Mid-Eastern,Away,
Lealani Ricks,Howard,2B,0.25,0.286,0.25,0.536,12,22,20,4,5,0,0,0,1,0,1,3,1,0,Mid-Eastern,Away,
Loren Hudson,Norfolk State,1B,0.25,0.351,0.354,0.705,19,57,48,1,12,2,0,1,10,1,7,4,0,0,Mid-Eastern,Away,
Felicity Munoz,Delaware State,2B,0.244,0.292,0.244,0.536,18,50,45,8,11,0,0,0,3,0,3,3,8,0,Mid-Eastern,Away,
Kendall Smith,North Carolina Central,LF,0.243,0.293,0.324,0.617,14,42,37,0,9,1,1,0,2,0,3,10,0,0,Mid-Eastern,Away,
Aniyah Michalak,Norfolk State,RF,0.242,0.342,0.364,0.706,13,39,33,6,8,2,1,0,2,2,3,6,4,0,Mid-Eastern,Away,
Merci Hart,Howard,C,0.235,0.257,0.294,0.551,12,35,34,4,8,2,0,0,7,0,1,2,0,0,Mid-Eastern,Away,
Samaria Jackson,North Carolina Central,3B,0.233,0.292,0.535,0.827,16,48,43,8,10,1,0,4,12,1,3,11,1,0,Mid-Eastern,Away,
Ky'Anah Lake,Morgan State,SS,0.233,0.343,0.3,0.643,12,35,30,2,7,2,0,0,4,1,4,6,3,1,Mid-Eastern,Away,
Lauren Sheehan,Norfolk State,LF,0.233,0.343,0.267,0.61,15,37,30,2,7,1,0,0,3,0,5,6,1,0,Mid-Eastern,Away,
Emory Shorts,Norfolk State,SS,0.233,0.303,0.267,0.57,14,33,30,4,7,1,0,0,2,1,2,2,0,0,Mid-Eastern,Away,
Julianna Mejia,Coppin State,3B,0.229,0.333,0.286,0.619,27,88,70,6,16,4,0,0,11,1,11,15,1,1,Mid-Eastern,Away,
Jade Hendricks,South Carolina State,LF,0.222,0.3,0.244,0.544,17,50,45,8,10,1,0,0,2,1,4,9,0,0,Mid-Eastern,Away,
Ellie Bostedt,Morgan State,P,0.222,0.234,0.289,0.523,14,48,45,4,10,1,1,0,7,0,1,3,1,0,Mid-Eastern,Away,
Kelsie Ekstrom,UMES,C,0.22,0.245,0.3,0.545,19,53,50,2,11,2,1,0,3,0,2,12,1,2,Mid-Eastern,Away,
Dallas Speicher-Ramirez,Delaware State,RF,0.211,0.268,0.263,0.531,16,42,38,3,8,2,0,0,3,0,3,3,1,0,Mid-Eastern,Away,
Emree Sky Obispo,Norfolk State,2B,0.209,0.306,0.233,0.539,19,50,43,2,9,1,0,0,1,0,6,4,1,0,Mid-Eastern,Away,
Mckenzie Abiley,UMES,SS,0.208,0.232,0.226,0.459,19,56,53,7,11,1,0,0,2,0,2,7,7,0,Mid-Eastern,Away,
Jaycee Holt,UMES,CF,0.207,0.233,0.224,0.457,19,60,58,5,12,1,0,0,4,0,2,8,5,3,Mid-Eastern,Away,
Ryan Merriwether,UMES,1B,0.205,0.234,0.273,0.507,18,47,44,3,9,3,0,0,5,0,2,12,2,0,Mid-Eastern,Away,
Giselle Ulloa,Coppin State,RF,0.196,0.264,0.227,0.491,29,106,97,16,19,1,1,0,6,2,7,6,3,1,Mid-Eastern,Away,
Alison Keener,Morgan State,C,0.19,0.346,0.19,0.537,11,28,21,2,4,0,0,0,1,1,4,4,1,0,Mid-Eastern,Away,
Xzylia Maravilla,Coppin State,C,0.179,0.292,0.25,0.542,23,66,56,7,10,4,0,0,6,0,9,17,0,0,Mid-Eastern,Away,
Nevaeh Terrell,UMES,CF,0.176,0.194,0.235,0.43,16,38,34,4,6,2,0,0,4,1,0,10,8,2,Mid-Eastern,Away,
Melissa Paz,Morgan State,3B,0.167,0.355,0.417,0.772,10,32,24,2,4,0,0,2,6,0,7,4,1,0,Mid-Eastern,Away,
Gianna Ettore,Morgan State,1B,0.162,0.283,0.216,0.499,15,47,37,1,6,2,0,0,4,1,6,11,2,0,Mid-Eastern,Away,
Paige Perkins,UMES,3B,0.161,0.229,0.161,0.39,14,35,31,2,5,0,0,0,4,0,3,15,0,0,Mid-Eastern,Away,
Kylie Nelson,South Carolina State,3B,0.159,0.288,0.25,0.538,17,52,44,3,7,1,0,1,3,0,8,5,0,0,Mid-Eastern,Away,
Madison Boyd,South Carolina State,RF,0.158,0.2,0.158,0.358,18,60,57,7,9,0,0,0,0,0,3,6,2,1,Mid-Eastern,Away,
Sidney Fletcher,Howard,3B,0.156,0.176,0.281,0.458,12,34,32,7,5,0,2,0,4,1,0,5,0,0,Mid-Eastern,Away,
Morea Hodge,UMES,LF,0.154,0.405,0.192,0.598,16,38,26,4,4,1,0,0,2,1,10,7,2,2,Mid-Eastern,Away,
Maddy Morris,Norfolk State,P,0.143,0.262,0.229,0.49,17,42,35,5,5,0,0,1,2,0,6,13,1,0,Mid-Eastern,Away,
Cameron Hall,South Carolina State,1B,0.12,0.214,0.2,0.414,13,28,25,0,3,2,0,0,0,0,3,4,1,0,Mid-Eastern,Away,
Kauree Munyan,South Carolina State,C,0.111,0.179,0.139,0.318,16,39,36,0,4,1,0,0,1,0,3,12,0,0,Mid-Eastern,Away,
Seryna Esparza,Coppin State,1B,0.591,0.63,0.909,1.539,8,27,22,10,13,2,1,1,6,0,4,0,2,0,Mid-Eastern,Home,0.326
Maryn Jordan,Howard,CF,0.5,0.585,0.636,1.221,18,53,44,18,22,4,1,0,15,2,7,3,3,2,Mid-Eastern,Home,0.149
Chandler Martin,Delaware State,C,0.5,0.55,0.833,1.383,9,20,18,1,9,3,0,1,6,1,1,2,0,1,Mid-Eastern,Home,0.238
Nola Mountain,UMES,2B,0.491,0.541,0.491,1.032,17,63,55,20,27,0,0,0,7,0,6,4,9,2,Mid-Eastern,Home,0.127
Jaycee Holt,UMES,CF,0.46,0.509,0.5,1.009,16,56,50,13,23,0,1,0,2,0,5,3,17,1,Mid-Eastern,Home,0.253
Kaylah Leslie,South Carolina State,CF,0.444,0.483,0.444,0.927,10,29,27,4,12,0,0,0,1,1,1,2,1,1,Mid-Eastern,Home,0.101
Giselle Ulloa,Coppin State,RF,0.429,0.444,0.524,0.968,8,27,21,8,9,2,0,0,10,0,3,2,2,0,Mid-Eastern,Home,0.233
Bianca Worthy,Howard,LF,0.423,0.474,0.538,1.012,17,60,52,18,22,4,1,0,6,0,5,6,3,0,Mid-Eastern,Home,0.059
Manaia Fonoti,Coppin State,SS,0.407,0.429,0.815,1.243,8,29,27,11,11,3,4,0,8,0,1,2,0,0,Mid-Eastern,Home,0.136
Celeste Gonzales,Coppin State,CF,0.4,0.483,0.48,0.963,8,30,25,11,10,2,0,0,0,0,4,0,3,1,Mid-Eastern,Home,0.147
Kenna Higa,Howard,1B,0.392,0.529,0.51,1.038,18,70,51,18,20,6,0,0,17,1,16,5,2,0,Mid-Eastern,Home,0.095
Merci Hart,Howard,C,0.378,0.44,0.511,0.951,18,50,45,12,17,4,1,0,12,0,5,6,1,0,Mid-Eastern,Home,0.143
Ameenah Ballenger,UMES,P,0.37,0.373,0.463,0.836,17,59,54,4,20,5,0,0,19,0,2,3,3,1,Mid-Eastern,Home,0.087
Rylie Gilbreath,Norfolk State,C,0.365,0.42,0.595,1.014,26,82,74,5,27,5,0,4,13,0,7,9,1,0,Mid-Eastern,Home,0.026
Lealani Ricks,Howard,2B,0.364,0.5,0.394,0.894,17,45,33,12,12,1,0,0,6,0,9,4,3,1,Mid-Eastern,Home,0.114
Victoria Fletcher,Morgan State,3B,0.364,0.455,0.636,1.091,22,67,55,10,20,9,0,2,14,0,10,2,0,0,Mid-Eastern,Home,0.008
Kelsie Ekstrom,UMES,C,0.36,0.441,0.42,0.861,17,61,50,7,18,3,0,0,8,1,7,9,6,2,Mid-Eastern,Home,0.14
Morea Hodge,UMES,LF,0.357,0.471,0.357,0.828,17,52,42,11,15,0,0,0,6,0,9,4,8,3,Mid-Eastern,Home,0.203
Ryan Merriwether,UMES,1B,0.354,0.396,0.479,0.875,17,55,48,3,17,4,1,0,8,0,4,6,4,0,Mid-Eastern,Home,0.149
Cameron Hall,South Carolina State,1B,0.35,0.48,0.45,0.93,8,25,20,1,7,2,0,0,2,1,4,2,3,2,Mid-Eastern,Home,0.23
Kendall Smith,North Carolina Central,LF,0.346,0.37,0.5,0.87,9,28,26,3,9,1,0,1,3,0,1,5,1,2,Mid-Eastern,Home,0.103
Sidney Fletcher,Howard,3B,0.333,0.429,0.595,1.024,15,49,42,14,14,2,0,3,11,1,6,7,3,1,Mid-Eastern,Home,0.177
Alyssa Vasquez,Howard,C,0.333,0.415,0.407,0.823,18,65,54,11,18,4,0,0,15,0,9,2,3,2,Mid-Eastern,Home,0.007
Uxua Modrego Lopez,Delaware State,SS,0.333,0.415,0.417,0.831,12,41,36,6,12,1,1,0,3,1,4,8,5,0,Mid-Eastern,Home,-0.016
Ky'Anah Lake,Morgan State,SS,0.327,0.353,0.571,0.924,20,52,49,11,16,5,2,1,9,0,2,12,4,2,Mid-Eastern,Home,0.094
Madison Boyd,South Carolina State,RF,0.323,0.344,0.323,0.666,10,33,31,4,10,0,0,0,1,0,1,2,5,0,Mid-Eastern,Home,0.165
Ellie Bostedt,Morgan State,P,0.321,0.356,0.393,0.749,21,59,56,6,18,2,1,0,10,1,2,5,0,0,Mid-Eastern,Home,0.099
Emma Crowe,Delaware State,1B,0.316,0.35,0.342,0.692,12,40,38,4,12,1,0,0,8,0,2,8,2,0,Mid-Eastern,Home,0.003
DeAsia Lowther,South Carolina State,1B,0.308,0.321,0.5,0.821,10,28,26,2,8,2,0,1,6,0,1,4,1,0,Mid-Eastern,Home,-0.073
Gianna Ettore,Morgan State,1B,0.304,0.385,0.518,0.902,22,65,56,9,17,9,0,1,11,0,8,12,0,0,Mid-Eastern,Home,0.142
Hailey Ramberg,Delaware State,C,0.3,0.364,0.4,0.764,8,22,20,0,6,2,0,0,4,0,2,6,0,0,Mid-Eastern,Home,0.003
Mckenzie Abiley,UMES,SS,0.3,0.333,0.34,0.673,17,57,50,9,15,2,0,0,12,1,3,3,6,0,Mid-Eastern,Home,0.092
Julianna Mejia,Coppin State,3B,0.3,0.44,0.3,0.74,8,25,20,4,6,0,0,0,3,0,5,4,2,0,Mid-Eastern,Home,0.071
Jaylah Barr,North Carolina Central,SS,0.297,0.422,0.378,0.801,14,46,37,3,11,3,0,0,9,0,8,5,0,0,Mid-Eastern,Home,-0.048
Xzylia Maravilla,Coppin State,C,0.294,0.318,0.412,0.73,8,23,17,4,5,2,0,0,6,0,2,3,0,0,Mid-Eastern,Home,0.115
Mia Ewell,Morgan State,CF,0.291,0.437,0.473,0.909,23,71,55,14,16,6,2,0,12,7,8,3,9,1,Mid-Eastern,Home,-0.066
Annalise Santana,Delaware State,SS,0.286,0.342,0.429,0.771,12,39,35,5,10,3,1,0,4,0,3,9,1,0,Mid-Eastern,Home,0.027
Loren Hudson,Norfolk State,1B,0.27,0.291,0.338,0.629,24,79,74,4,20,5,0,0,3,0,3,4,0,0,Mid-Eastern,Home,0.02
Makiya Graves,North Carolina Central,1B,0.27,0.325,0.297,0.622,13,40,37,4,10,1,0,0,2,1,2,2,0,0,Mid-Eastern,Home,-0.007
Hailey Batista,North Carolina Central,C,0.263,0.326,0.5,0.826,14,44,38,4,10,3,0,2,8,1,3,7,0,0,Mid-Eastern,Home,-0.016
Amber Rivas,Morgan State,RF,0.26,0.357,0.37,0.727,26,86,73,18,19,2,3,0,11,0,11,4,6,1,Mid-Eastern,Home,-0.048
Aniyah Haley,Coppin State,RF,0.259,0.267,0.407,0.674,8,30,27,4,7,1,0,1,5,0,1,1,3,0,Mid-Eastern,Home,-0.028
Melissa Paz,Morgan State,3B,0.255,0.379,0.327,0.706,23,66,55,3,14,4,0,0,3,5,6,4,0,0,Mid-Eastern,Home,0.088
Maddy Morris,Norfolk State,P,0.242,0.39,0.273,0.663,19,42,33,3,8,1,0,0,5,0,8,5,0,0,Mid-Eastern,Home,0.099
Laila Hasan,Delaware State,CF,0.229,0.25,0.314,0.564,12,36,35,5,8,3,0,0,1,0,1,5,0,0,Mid-Eastern,Home,-0.057
Aniyah Michalak,Norfolk State,RF,0.226,0.349,0.34,0.689,23,64,53,10,12,3,0,1,2,4,6,15,4,1,Mid-Eastern,Home,-0.016
Alison Keener,Morgan State,C,0.22,0.361,0.24,0.601,22,63,50,2,11,1,0,0,9,1,10,9,0,0,Mid-Eastern,Home,0.03
Dallas Speicher-Ramirez,Delaware State,RF,0.214,0.313,0.25,0.563,11,32,28,3,6,1,0,0,1,0,4,7,0,0,Mid-Eastern,Home,0.003
Kylie Nelson,South Carolina State,3B,0.214,0.313,0.25,0.563,11,32,28,2,6,1,0,0,2,1,3,1,0,0,Mid-Eastern,Home,0.055
Brooklyn Tapusoa,Coppin State,LF,0.211,0.292,0.316,0.607,8,25,19,7,4,0,1,0,8,0,3,3,3,0,Mid-Eastern,Home,-0.108
Lauren Sheehan,Norfolk State,LF,0.192,0.333,0.308,0.641,21,65,52,5,10,3,0,1,6,0,11,15,3,0,Mid-Eastern,Home,-0.041
Emory Shorts,Norfolk State,SS,0.173,0.246,0.192,0.438,20,58,52,1,9,1,0,0,2,1,4,9,1,0,Mid-Eastern,Home,-0.06
Kayla Lester,Delaware State,LF,0.171,0.286,0.171,0.457,12,43,35,7,6,0,0,0,3,1,5,4,2,0,Mid-Eastern,Home,-0.117
Emree Sky Obispo,Norfolk State,2B,0.17,0.25,0.17,0.42,19,55,47,0,8,0,0,0,1,2,3,8,2,1,Mid-Eastern,Home,-0.039
Mikaela Francois,Delaware State,3B,0.167,0.242,0.167,0.409,11,33,30,2,5,0,0,0,1,0,3,8,1,0,Mid-Eastern,Home,-0.108
Nevaeh Terrell,UMES,CF,0.167,0.219,0.2,0.419,14,33,30,4,5,1,0,0,2,1,1,9,4,1,Mid-Eastern,Home,-0.009
Samaria Jackson,North Carolina Central,3B,0.143,0.186,0.214,0.401,21,61,56,5,8,2,1,0,6,0,3,9,0,0,Mid-Eastern,Home,-0.09
Taylor Ames-Alexander,South Carolina State,2B,0.143,0.172,0.214,0.387,9,30,28,4,4,0,1,0,4,0,1,3,2,1,Mid-Eastern,Home,-0.15
Kauree Munyan,South Carolina State,C,0.133,0.235,0.2,0.435,9,18,15,2,2,1,0,0,3,0,2,5,0,0,Mid-Eastern,Home,0.022
Felicity Munoz,Delaware State,2B,0.091,0.091,0.091,0.182,11,25,22,1,2,0,0,0,0,0,0,1,1,0,Mid-Eastern,Home,-0.153
Jade Hendricks,South Carolina State,LF,0.087,0.16,0.087,0.247,9,25,23,4,2,0,0,0,0,1,1,9,1,0,Mid-Eastern,Home,-0.135
Paige Perkins,UMES,3B,0.036,0.2,0.036,0.236,13,35,28,2,1,0,0,0,1,0,6,15,0,0,Mid-Eastern,Home,-0.125
Cameran Rios,Illinois-Chicago,3B,0.452,0.469,0.516,0.985,12,34,31,6,14,0,1,0,3,0,1,1,3,0,Missouri Valley,Home,0.228
Jackie Lis,Southern Illinois,SS,0.444,0.545,1,1.545,19,66,54,21,24,4,1,8,16,0,12,4,1,1,Missouri Valley,Home,0.1
Kayla Ulrich,Missouri State,1B,0.422,0.534,0.667,1.201,17,59,45,6,19,2,0,3,11,1,11,2,0,1,Missouri Valley,Home,0.078
Madison Parks,Northern Iowa,CF,0.413,0.591,0.652,1.243,18,67,46,21,19,3,1,2,15,1,19,10,3,2,Missouri Valley,Home,0.184
Delainey Bryant,Illinois State,2B,0.412,0.508,0.745,1.253,16,61,51,13,21,3,1,4,14,0,10,1,3,0,Missouri Valley,Home,0.107
Abby Knight,Illinois State,1B,0.412,0.455,0.49,0.945,16,55,51,10,21,1,0,1,8,0,4,2,2,0,Missouri Valley,Home,0.181
Alexis Pupillo,Northern Iowa,LF,0.412,0.53,0.882,1.413,18,66,51,16,21,3,0,7,26,2,12,5,5,2,Missouri Valley,Home,0.162
Nicole Hughes,Belmont,SS,0.403,0.494,0.627,1.121,21,79,67,10,27,4,1,3,12,3,9,8,2,1,Missouri Valley,Home,0.153
Carey Koenig,Drake,3B,0.396,0.455,0.646,1.1,16,55,48,15,19,3,0,3,6,0,6,8,3,0,Missouri Valley,Home,0.24
Olivia Krehbiel,Missouri State,3B,0.385,0.484,0.673,1.157,17,62,52,15,20,4,1,3,15,0,10,8,3,0,Missouri Valley,Home,0.087
Isabella Henning,Indiana State,1B,0.385,0.485,0.654,1.139,11,33,26,7,10,4,0,1,5,1,5,3,0,0,Missouri Valley,Home,0.028
Adisyn Hopkins,Illinois State,DP,0.38,0.396,0.46,0.856,16,54,50,6,19,1,0,1,10,0,2,1,1,0,Missouri Valley,Home,0.021
Taylor Hogan,Northern Iowa,2B,0.375,0.436,0.479,0.916,18,55,48,10,18,5,0,0,13,0,6,3,1,2,Missouri Valley,Home,0.184
Zoe Frossard,Evansville,LF,0.368,0.471,0.421,0.892,20,69,57,13,21,3,0,0,6,2,9,7,6,0,Missouri Valley,Home,0.087
Abi Chipps,Indiana State,2B,0.368,0.415,0.447,0.862,14,44,38,5,14,1,1,0,2,0,3,2,2,0,Missouri Valley,Home,0.055
Kylee Sanders,Northern Iowa,SS,0.364,0.533,0.636,1.17,18,60,44,15,16,3,0,3,6,4,12,7,4,0,Missouri Valley,Home,0.161
Sydney Kennedy,Bradley,P,0.357,0.4,0.446,0.846,20,61,56,1,20,5,0,0,13,1,3,8,0,0,Missouri Valley,Home,0.053
Daryn Lamprecht,Northern Iowa,1B,0.35,0.449,0.675,1.124,18,49,40,10,14,4,0,3,12,0,8,8,1,0,Missouri Valley,Home,0.083
Frankie Rita,Drake,C,0.35,0.4,0.375,0.775,14,45,40,7,14,1,0,0,5,2,2,4,1,0,Missouri Valley,Home,0.15
Bella Wilkerson,Illinois State,C,0.349,0.404,0.512,0.916,16,50,43,3,15,4,0,1,11,0,4,3,0,0,Missouri Valley,Home,0.099
Ella Boyer,Illinois State,SS,0.341,0.388,0.455,0.842,16,50,44,10,15,2,0,1,7,1,3,3,1,0,Missouri Valley,Home,0.208
Emma Austin,Southern Illinois,CF,0.34,0.375,0.377,0.752,19,57,53,11,18,0,1,0,6,0,3,8,8,1,Missouri Valley,Home,0.048
Taylor Jackson,Murray State,C,0.333,0.368,0.397,0.764,20,68,63,0,21,4,0,0,4,0,4,9,0,0,Missouri Valley,Home,0.083
Bailey Sample,Bradley,1B,0.327,0.464,0.509,0.973,20,69,55,13,18,4,0,2,11,6,8,4,1,0,Missouri Valley,Home,0.119
Kaili Chval,Illinois State,CF,0.326,0.415,0.348,0.763,16,58,46,8,15,1,0,0,2,2,5,8,3,0,Missouri Valley,Home,0.135
Emily Crompton,Valparaiso,DP,0.326,0.37,0.326,0.695,17,46,43,0,14,0,0,0,4,0,3,17,0,0,Missouri Valley,Home,0.076
Emma Dighton,Drake,DP,0.326,0.475,0.413,0.888,16,59,46,8,15,1,0,1,9,0,13,8,0,0,Missouri Valley,Home,-0.026
Larisa Villa,Illinois-Chicago,1B,0.325,0.341,0.375,0.716,13,44,40,3,13,2,0,0,5,0,2,2,0,0,Missouri Valley,Home,0.086
Alexis Johnson,Valparaiso,2B,0.314,0.357,0.412,0.769,16,59,51,7,16,2,0,1,5,0,4,4,3,1,Missouri Valley,Home,0.094
Julia Larson,Illinois State,RF,0.313,0.371,0.313,0.684,13,37,32,7,10,0,0,0,1,0,3,1,2,0,Missouri Valley,Home,0.119
Brenna Blume,Belmont,C,0.311,0.389,0.41,0.799,21,72,61,2,19,6,0,0,9,1,8,7,2,0,Missouri Valley,Home,0.111
Abi Ledbetter,Belmont,1B,0.309,0.418,0.364,0.782,21,67,55,5,17,3,0,0,6,3,8,5,3,0,Missouri Valley,Home,0.035
Bailey Caylor,Southern Illinois,RF,0.308,0.341,0.359,0.7,15,42,39,3,12,0,1,0,3,0,2,6,2,0,Missouri Valley,Home,0.004
Annie Mueller,Missouri State,RF,0.3,0.357,0.72,1.077,17,57,50,9,15,0,0,7,22,0,5,7,0,0,Missouri Valley,Home,0.037
Anna Walker,Illinois-Chicago,RF,0.3,0.417,0.3,0.717,9,24,20,5,6,0,0,0,3,0,4,2,0,0,Missouri Valley,Home,0.137
Lauren DeRolf,Bradley,RF,0.3,0.417,0.3,0.717,20,73,60,17,18,0,0,0,1,0,12,11,5,0,Missouri Valley,Home,0.012
Marah Wood,Evansville,1B,0.296,0.371,0.593,0.964,20,62,54,10,16,4,0,4,11,2,5,6,7,0,Missouri Valley,Home,0.148
Kenzie Cornwell,Indiana State,RF,0.294,0.333,0.353,0.686,13,36,34,4,10,2,0,0,1,0,2,3,0,0,Missouri Valley,Home,-0.024
Jayden Standish,Illinois State,3B,0.286,0.368,0.49,0.858,16,57,49,7,14,4,0,2,11,0,7,6,1,0,Missouri Valley,Home,0.048
Jenna Nink,Evansville,DH,0.286,0.397,0.449,0.846,20,58,49,5,14,2,0,2,18,0,9,12,0,0,Missouri Valley,Home,0.106
Grace Gressly,Belmont,C,0.283,0.37,0.4,0.77,21,74,60,2,17,5,1,0,8,1,9,4,0,0,Missouri Valley,Home,-0.067
MaKayla Rice,Drake,LF,0.283,0.367,0.415,0.782,16,61,53,13,15,0,2,1,4,1,6,14,5,1,Missouri Valley,Home,-0.079
Adison Hicks,Murray State,2B,0.283,0.407,0.348,0.755,20,62,46,9,13,0,0,1,8,1,10,8,10,1,Missouri Valley,Home,0.037
Kayla Skapyak,Valparaiso,CF,0.282,0.317,0.282,0.599,16,44,39,2,11,0,0,0,1,0,2,4,2,2,Missouri Valley,Home,0.071
Erin Lee,Southern Illinois,2B,0.281,0.395,0.281,0.676,16,38,32,3,9,0,0,0,5,2,4,8,1,0,Missouri Valley,Home,0.025
Alexa Davis,Evansville,CF,0.28,0.321,0.54,0.861,17,54,50,14,14,4,0,3,5,1,2,5,2,0,Missouri Valley,Home,0.155
Bailey Broemmer,Murray State,RF,0.278,0.381,0.417,0.798,17,42,36,6,10,2,0,1,4,2,4,11,1,1,Missouri Valley,Home,0.022
Brooke Voss,Evansville,SS,0.278,0.355,0.481,0.836,20,62,54,11,15,5,0,2,6,1,6,14,0,0,Missouri Valley,Home,0.056
Emma Barnes,Belmont,RF,0.277,0.397,0.369,0.767,21,78,65,11,18,3,0,1,7,0,13,7,2,0,Missouri Valley,Home,-0.101
Sidney Jones,Southern Illinois,1B,0.273,0.344,0.418,0.762,19,61,55,13,15,2,0,2,10,3,3,7,1,0,Missouri Valley,Home,-0.06
Natalie Bush,Valparaiso,3B,0.273,0.333,0.455,0.788,16,36,33,4,9,3,0,1,3,0,3,4,0,0,Missouri Valley,Home,0.123
Abby Robakowski,Indiana State,3B,0.27,0.341,0.324,0.666,14,41,37,0,10,2,0,0,3,0,4,13,0,0,Missouri Valley,Home,0.002
Emma Crowley,Illinois-Chicago,C,0.263,0.333,0.395,0.728,13,43,38,4,10,2,0,1,5,0,4,3,1,0,Missouri Valley,Home,0.12
Kennedy Shade,Indiana State,SS,0.263,0.333,0.605,0.939,14,42,38,6,10,1,0,4,14,0,4,10,1,0,Missouri Valley,Home,-0.032
Jess Willsey,Evansville,2B,0.263,0.308,0.386,0.694,20,65,57,7,15,4,0,1,7,0,5,9,0,0,Missouri Valley,Home,-0.034
Baie Ensio,Belmont,CF,0.262,0.367,0.286,0.653,15,50,42,4,11,1,0,0,4,1,6,10,0,1,Missouri Valley,Home,-0.057
Elizabeth Warwick,Southern Illinois,LF,0.26,0.391,0.5,0.891,19,65,50,12,13,6,0,2,11,1,11,8,1,0,Missouri Valley,Home,-0.064
Kate Lappe,Northern Iowa,3B,0.26,0.391,0.42,0.811,18,64,50,8,13,2,0,2,13,0,12,14,0,0,Missouri Valley,Home,-0.041
Lily Fischer,Murray State,3B,0.259,0.431,0.315,0.745,20,72,54,8,14,0,0,1,2,4,13,1,2,0,Missouri Valley,Home,-0.016
Rylie Hamilton,Southern Illinois,3B,0.259,0.349,0.333,0.683,19,63,54,11,14,1,0,1,8,2,6,9,1,0,Missouri Valley,Home,0.024
Addie Lightner,Drake,1B,0.255,0.269,0.451,0.72,16,53,51,5,13,1,0,3,9,0,1,7,0,0,Missouri Valley,Home,0.009
Addison McElrath,Northern Iowa,DP,0.255,0.328,0.549,0.877,18,58,51,4,13,3,0,4,13,1,5,7,0,0,Missouri Valley,Home,0.001
Kayleigh White,Murray State,1B,0.255,0.317,0.382,0.698,20,62,55,3,14,3,2,0,8,1,4,8,0,0,Missouri Valley,Home,-0.031
Savanna Jemilo,Northern Iowa,C,0.25,0.375,0.375,0.75,15,40,32,3,8,1,0,1,8,0,7,8,0,0,Missouri Valley,Home,0.088
Emily Cockrill,Belmont,2B,0.246,0.294,0.311,0.606,21,69,61,5,15,4,0,0,11,3,2,3,3,1,Missouri Valley,Home,-0.018
Kelsie Lewis,Missouri State,2B,0.243,0.37,0.324,0.694,17,47,37,6,9,1,1,0,4,1,7,9,0,0,Missouri Valley,Home,0.103
Haylee Lehman,Drake,CF,0.242,0.306,0.242,0.548,15,36,33,3,8,0,0,0,0,1,2,6,2,0,Missouri Valley,Home,0.084
Regi Hecker,Valparaiso,RF,0.241,0.293,0.278,0.571,17,58,54,1,13,2,0,0,5,1,3,15,0,0,Missouri Valley,Home,-0.113
Destiny Lewis,Drake,2B,0.239,0.3,0.478,0.778,16,50,46,5,11,2,0,3,12,0,4,14,0,0,Missouri Valley,Home,-0.114
Kayden Krug,Valparaiso,LF,0.235,0.316,0.294,0.61,15,38,34,4,8,2,0,0,1,1,3,8,0,0,Missouri Valley,Home,0.016
Hannah Hood,Evansville,3B,0.224,0.339,0.286,0.625,20,59,49,5,11,3,0,0,5,1,8,8,2,1,Missouri Valley,Home,-0.07
Kierston McCoy,Bradley,3B,0.222,0.311,0.389,0.7,20,63,54,8,12,0,0,3,7,2,5,3,1,0,Missouri Valley,Home,-0.042
Carlee Jo Clark,Illinois-Chicago,DP,0.214,0.25,0.238,0.488,13,46,42,4,9,1,0,0,2,0,2,6,0,0,Missouri Valley,Home,-0.045
Taylor Howe,Evansville,C,0.209,0.306,0.302,0.608,19,50,43,2,9,4,0,0,3,0,6,10,0,0,Missouri Valley,Home,-0.048
Rylinn Groff,Southern Illinois,C,0.207,0.378,0.207,0.585,14,38,29,3,6,0,0,0,2,6,2,2,3,0,Missouri Valley,Home,0.051
Lexi Szostak,Valparaiso,1B,0.205,0.3,0.25,0.55,16,52,44,1,9,0,1,0,2,1,5,6,0,0,Missouri Valley,Home,0.044
Maddie Hobby,Murray State,CF,0.205,0.255,0.205,0.46,20,49,44,4,9,0,0,0,0,0,3,13,3,1,Missouri Valley,Home,-0.007
Jojo Santiago,Illinois-Chicago,2B,0.2,0.273,0.3,0.573,13,25,20,1,4,2,0,0,4,0,2,4,0,0,Missouri Valley,Home,0.087
Grace Fleming,Illinois-Chicago,CF,0.2,0.263,0.286,0.549,13,40,35,7,7,0,0,1,5,0,3,7,1,0,Missouri Valley,Home,0.089
Kenzie Derryberry,Missouri State,SS,0.194,0.25,0.194,0.444,16,40,36,3,7,0,0,0,2,1,2,6,1,0,Missouri Valley,Home,0.012
Abby Martin,Drake,SS,0.189,0.218,0.358,0.577,16,56,53,7,10,3,0,2,10,0,2,9,2,0,Missouri Valley,Home,-0.125
Addie Welsh,Bradley,SS,0.184,0.262,0.289,0.551,20,46,38,6,7,2,1,0,6,1,3,10,1,0,Missouri Valley,Home,-0.071
Addison Masching,Illinois State,LF,0.172,0.226,0.241,0.467,11,33,29,5,5,2,0,0,5,0,2,3,0,0,Missouri Valley,Home,-0.185
Ellie McCoy,Missouri State,CF,0.171,0.333,0.171,0.504,17,54,41,8,7,0,0,0,3,5,5,3,1,0,Missouri Valley,Home,-0.067
Abbott Badgley,Bradley,DP,0.17,0.298,0.277,0.575,18,58,47,3,8,5,0,0,9,3,6,10,0,0,Missouri Valley,Home,-0.099
Ashley Breeding,Bradley,2B,0.17,0.264,0.255,0.519,20,54,47,8,8,0,2,0,2,1,5,8,0,1,Missouri Valley,Home,-0.033
Tori Meyer,Bradley,CF,0.161,0.284,0.214,0.498,20,69,56,3,9,3,0,0,4,3,7,10,1,0,Missouri Valley,Home,-0.128
Kam Utendorf,Valparaiso,SS,0.147,0.256,0.176,0.433,11,39,34,2,5,1,0,0,1,0,5,6,2,1,Missouri Valley,Home,-0.196
Erin Lackey,Murray State,LF,0.12,0.214,0.14,0.354,20,59,50,2,6,1,0,0,3,0,6,8,1,0,Missouri Valley,Home,-0.147
Kimberli Rodas,Valparaiso,3B,0.113,0.175,0.132,0.308,17,58,53,1,6,1,0,0,3,0,4,16,0,0,Missouri Valley,Home,-0.162
Danielle Henning,Indiana State,LF,0.108,0.132,0.108,0.24,14,39,37,4,4,0,0,0,0,0,1,5,0,0,Missouri Valley,Home,-0.123
Lyna Vasquez,Valparaiso,C,0.038,0.138,0.038,0.176,14,29,26,3,1,0,0,0,0,0,3,16,0,0,Missouri Valley,Home,-0.062
Emma Barnes,Belmont,RF,0.378,0.566,0.432,0.998,17,53,37,6,14,2,0,0,2,3,13,2,1,0,Missouri Valley,Away,
MaKayla Rice,Drake,LF,0.362,0.383,0.448,0.832,17,63,58,6,21,1,2,0,4,0,2,10,1,0,Missouri Valley,Away,
Adisyn Hopkins,Illinois State,DP,0.359,0.409,0.385,0.794,15,45,39,6,14,1,0,0,5,2,2,4,0,0,Missouri Valley,Away,
Isabella Henning,Indiana State,1B,0.357,0.517,0.548,1.065,17,58,42,11,15,5,0,1,8,2,13,2,2,0,Missouri Valley,Away,
Addison Masching,Illinois State,LF,0.357,0.4,0.548,0.948,18,45,42,7,15,2,0,2,6,1,2,7,1,0,Missouri Valley,Away,
Regi Hecker,Valparaiso,RF,0.354,0.392,0.542,0.934,17,51,48,4,17,0,0,3,10,0,3,10,1,0,Missouri Valley,Away,
Destiny Lewis,Drake,2B,0.353,0.436,0.618,1.054,13,39,34,5,12,1,1,2,6,1,4,5,1,1,Missouri Valley,Away,
Emma Dighton,Drake,DP,0.352,0.462,0.556,1.017,18,65,54,7,19,3,1,2,7,1,10,6,0,0,Missouri Valley,Away,
Grace Gressly,Belmont,C,0.35,0.487,0.45,0.937,21,78,60,3,21,3,0,1,11,2,15,7,2,0,Missouri Valley,Away,
Jackie Lis,Southern Illinois,SS,0.344,0.476,0.766,1.241,22,82,64,20,22,4,1,7,15,0,17,10,2,0,Missouri Valley,Away,
Kayla Ulrich,Missouri State,1B,0.344,0.461,0.492,0.952,23,76,61,8,21,3,0,2,12,1,13,12,0,0,Missouri Valley,Away,
Kam Utendorf,Valparaiso,SS,0.343,0.425,0.343,0.768,15,41,35,6,12,0,0,0,1,0,5,2,0,1,Missouri Valley,Away,
Sidney Jones,Southern Illinois,1B,0.333,0.403,0.455,0.857,22,78,66,10,22,4,2,0,14,3,6,9,1,0,Missouri Valley,Away,
Elizabeth Warwick,Southern Illinois,LF,0.324,0.424,0.549,0.973,22,85,71,19,23,10,0,2,15,3,10,14,1,0,Missouri Valley,Away,
Baie Ensio,Belmont,CF,0.319,0.355,0.431,0.786,21,76,72,15,23,2,3,0,7,0,4,8,4,1,Missouri Valley,Away,
Kenzie Cornwell,Indiana State,RF,0.318,0.429,0.318,0.747,17,56,44,3,14,0,0,0,7,2,8,1,0,0,Missouri Valley,Away,
Abby Martin,Drake,SS,0.314,0.426,0.451,0.877,18,61,51,15,16,2,1,1,9,1,9,8,1,0,Missouri Valley,Away,
Abi Chipps,Indiana State,2B,0.313,0.37,0.313,0.683,19,74,67,13,21,0,0,0,0,0,6,1,4,3,Missouri Valley,Away,
Delainey Bryant,Illinois State,2B,0.305,0.364,0.441,0.804,18,66,59,8,18,2,0,2,9,1,5,12,1,0,Missouri Valley,Away,
Bailey Caylor,Southern Illinois,RF,0.304,0.391,0.393,0.783,21,67,56,14,17,3,1,0,7,0,8,7,1,2,Missouri Valley,Away,
Sydney Kennedy,Bradley,P,0.304,0.381,0.411,0.792,18,63,56,5,17,3,0,1,9,1,6,9,0,0,Missouri Valley,Away,
Kate Lappe,Northern Iowa,3B,0.301,0.376,0.534,0.911,23,85,73,14,22,3,1,4,13,0,10,25,1,0,Missouri Valley,Away,
Olivia Krehbiel,Missouri State,3B,0.298,0.392,0.536,0.927,26,98,84,17,25,6,1,4,14,0,13,14,2,1,Missouri Valley,Away,
Jess Willsey,Evansville,2B,0.297,0.297,0.473,0.77,23,74,74,6,22,4,0,3,12,0,0,11,2,0,Missouri Valley,Away,
Kennedy Shade,Indiana State,SS,0.295,0.348,0.344,0.693,19,66,61,6,18,3,0,0,8,2,3,5,3,0,Missouri Valley,Away,
Hannah Hood,Evansville,3B,0.294,0.448,0.373,0.82,23,69,51,10,15,4,0,0,6,4,11,6,4,0,Missouri Valley,Away,
Emma Austin,Southern Illinois,CF,0.292,0.378,0.308,0.686,22,75,65,12,19,1,0,0,5,0,9,17,8,1,Missouri Valley,Away,
Tori Meyer,Bradley,CF,0.289,0.322,0.422,0.744,23,89,83,11,24,6,1,1,10,0,4,6,1,0,Missouri Valley,Away,
Lauren DeRolf,Bradley,RF,0.288,0.358,0.315,0.673,23,85,73,13,21,0,1,0,1,0,8,14,6,2,Missouri Valley,Away,
Kayleigh White,Murray State,1B,0.286,0.318,0.413,0.731,20,68,63,5,18,2,0,2,12,1,2,12,0,0,Missouri Valley,Away,
Zoe Frossard,Evansville,LF,0.281,0.405,0.375,0.78,23,79,64,10,18,4,1,0,5,0,14,21,3,1,Missouri Valley,Away,
Lily Fischer,Murray State,3B,0.275,0.367,0.362,0.729,22,80,69,5,19,1,1,1,7,1,9,2,2,0,Missouri Valley,Away,
Kimberli Rodas,Valparaiso,3B,0.275,0.408,0.35,0.758,17,49,40,2,11,0,0,1,4,1,8,2,0,0,Missouri Valley,Away,
Abi Ledbetter,Belmont,1B,0.274,0.357,0.306,0.664,21,70,62,10,17,2,0,0,6,0,8,6,1,0,Missouri Valley,Away,
Abbott Badgley,Bradley,DP,0.269,0.387,0.5,0.887,19,64,52,5,14,3,0,3,14,4,6,11,0,0,Missouri Valley,Away,
Abby Robakowski,Indiana State,3B,0.268,0.348,0.463,0.811,14,46,41,4,11,2,0,2,5,0,5,7,1,0,Missouri Valley,Away,
Daryn Lamprecht,Northern Iowa,1B,0.267,0.333,0.483,0.817,23,66,60,7,16,4,0,3,8,0,6,13,0,0,Missouri Valley,Away,
Erin Lackey,Murray State,LF,0.267,0.373,0.4,0.773,22,75,60,9,16,3,1,1,6,5,7,6,2,2,Missouri Valley,Away,
Emily Cockrill,Belmont,2B,0.264,0.289,0.417,0.706,21,76,72,8,19,3,1,2,17,1,2,7,3,1,Missouri Valley,Away,
Kierston McCoy,Bradley,3B,0.264,0.291,0.375,0.666,23,79,72,10,19,2,0,2,8,1,3,4,1,0,Missouri Valley,Away,
Annie Mueller,Missouri State,RF,0.263,0.329,0.724,1.053,26,87,76,13,20,2,0,11,24,0,8,24,0,0,Missouri Valley,Away,
Carlee Jo Clark,Illinois-Chicago,DP,0.259,0.31,0.37,0.681,25,87,81,8,21,1,1,2,8,1,5,19,2,0,Missouri Valley,Away,
Taylor Howe,Evansville,C,0.257,0.333,0.286,0.619,15,39,35,3,9,1,0,0,4,0,4,4,1,0,Missouri Valley,Away,
Bailey Broemmer,Murray State,RF,0.256,0.326,0.462,0.787,18,43,39,7,10,2,0,2,8,2,2,7,4,0,Missouri Valley,Away,
Erin Lee,Southern Illinois,2B,0.256,0.36,0.372,0.732,18,50,43,2,11,2,0,1,7,1,6,10,0,0,Missouri Valley,Away,
Addie Welsh,Bradley,SS,0.255,0.328,0.382,0.71,21,61,55,8,14,4,0,1,1,2,4,7,5,0,Missouri Valley,Away,
Addison McElrath,Northern Iowa,DP,0.254,0.284,0.46,0.744,22,67,63,3,16,5,1,2,11,0,3,20,0,0,Missouri Valley,Away,
Taylor Jackson,Murray State,C,0.25,0.329,0.324,0.652,22,76,68,4,17,2,0,1,7,1,7,12,1,0,Missouri Valley,Away,
Emily Crompton,Valparaiso,DP,0.25,0.276,0.25,0.526,12,29,28,0,7,0,0,0,2,0,1,6,0,0,Missouri Valley,Away,
Bella Wilkerson,Illinois State,C,0.25,0.306,0.25,0.556,17,50,44,1,11,0,0,0,3,1,3,6,0,0,Missouri Valley,Away,
Alexis Pupillo,Northern Iowa,LF,0.25,0.42,0.656,1.077,23,88,64,14,16,2,0,8,15,5,16,9,6,1,Missouri Valley,Away,
Nicole Hughes,Belmont,SS,0.25,0.354,0.397,0.751,21,82,68,13,17,4,0,2,12,1,11,10,3,0,Missouri Valley,Away,
Addie Lightner,Drake,1B,0.246,0.254,0.298,0.552,18,61,57,3,14,0,0,1,10,0,1,6,0,0,Missouri Valley,Away,
Adison Hicks,Murray State,2B,0.246,0.324,0.344,0.668,22,72,61,14,15,1,1,1,5,0,7,9,9,0,Missouri Valley,Away,
Larisa Villa,Illinois-Chicago,1B,0.239,0.247,0.324,0.571,25,75,71,5,17,1,1,1,6,0,1,8,1,1,Missouri Valley,Away,
Jayden Standish,Illinois State,3B,0.238,0.36,0.429,0.789,14,50,42,4,10,3,1,1,2,1,7,11,0,0,Missouri Valley,Away,
Ellie McCoy,Missouri State,CF,0.238,0.36,0.238,0.598,24,78,63,16,15,0,0,0,2,9,3,11,6,1,Missouri Valley,Away,
Rylie Hamilton,Southern Illinois,3B,0.235,0.342,0.397,0.739,22,80,68,13,16,2,0,3,12,2,9,12,2,0,Missouri Valley,Away,
Danielle Henning,Indiana State,LF,0.231,0.25,0.308,0.558,19,68,65,7,15,2,0,1,9,0,2,5,1,0,Missouri Valley,Away,
Abby Knight,Illinois State,1B,0.231,0.293,0.365,0.658,17,58,52,5,12,1,0,2,7,0,5,5,2,0,Missouri Valley,Away,
Madison Parks,Northern Iowa,CF,0.229,0.386,0.286,0.672,23,88,70,10,16,4,0,0,5,0,18,21,7,2,Missouri Valley,Away,
Cameran Rios,Illinois-Chicago,3B,0.224,0.278,0.224,0.502,25,75,67,6,15,0,0,0,1,0,5,6,1,0,Missouri Valley,Away,
Brooke Voss,Evansville,SS,0.222,0.286,0.381,0.667,22,70,63,7,14,1,0,3,9,3,3,10,2,3,Missouri Valley,Away,
Alexis Johnson,Valparaiso,2B,0.22,0.264,0.32,0.584,17,53,50,6,11,2,0,1,4,1,2,3,5,1,Missouri Valley,Away,
Kayden Krug,Valparaiso,LF,0.219,0.306,0.25,0.556,16,36,32,2,7,1,0,0,0,0,4,9,0,1,Missouri Valley,Away,
Maddie Hobby,Murray State,CF,0.212,0.317,0.212,0.528,22,61,52,7,11,0,0,0,0,0,8,6,6,1,Missouri Valley,Away,
Kayla Skapyak,Valparaiso,CF,0.211,0.286,0.237,0.523,17,43,38,5,8,1,0,0,1,0,4,5,0,0,Missouri Valley,Away,
Bailey Sample,Bradley,1B,0.208,0.282,0.299,0.581,23,85,77,14,16,4,0,1,10,0,8,6,3,1,Missouri Valley,Away,
Kylee Sanders,Northern Iowa,SS,0.203,0.3,0.261,0.561,23,81,69,7,14,1,0,1,6,3,7,12,4,0,Missouri Valley,Away,
Ashley Breeding,Bradley,2B,0.203,0.264,0.266,0.53,23,72,64,6,13,1,0,1,8,1,5,17,0,0,Missouri Valley,Away,
Brenna Blume,Belmont,C,0.2,0.25,0.415,0.665,21,72,65,8,13,2,0,4,29,0,5,15,0,0,Missouri Valley,Away,
Frankie Rita,Drake,C,0.2,0.333,0.2,0.533,14,38,30,3,6,0,0,0,1,0,6,1,0,0,Missouri Valley,Away,
Julia Larson,Illinois State,RF,0.194,0.242,0.226,0.468,15,33,31,5,6,1,0,0,2,1,1,9,1,0,Missouri Valley,Away,
Kaili Chval,Illinois State,CF,0.191,0.345,0.234,0.579,18,62,47,5,9,2,0,0,4,3,8,17,0,1,Missouri Valley,Away,
Taylor Hogan,Northern Iowa,2B,0.191,0.286,0.221,0.506,23,79,68,2,13,2,0,0,8,0,9,6,4,2,Missouri Valley,Away,
Kenzie Derryberry,Missouri State,SS,0.182,0.229,0.333,0.562,26,76,66,7,12,4,0,2,6,1,3,16,0,1,Missouri Valley,Away,
Jenna Nink,Evansville,DH,0.18,0.227,0.213,0.44,23,67,61,1,11,2,0,0,1,1,3,19,0,0,Missouri Valley,Away,
Anna Walker,Illinois-Chicago,RF,0.163,0.2,0.186,0.386,18,48,43,2,7,1,0,0,5,0,2,10,2,0,Missouri Valley,Away,
Savanna Jemilo,Northern Iowa,C,0.162,0.326,0.216,0.542,18,46,37,3,6,0,1,0,1,0,9,17,0,0,Missouri Valley,Away,
Lexi Szostak,Valparaiso,1B,0.161,0.212,0.194,0.406,14,34,31,0,5,1,0,0,3,0,2,9,0,0,Missouri Valley,Away,
Haylee Lehman,Drake,CF,0.158,0.273,0.158,0.431,16,45,38,3,6,0,0,0,2,0,6,8,1,0,Missouri Valley,Away,
Carey Koenig,Drake,3B,0.156,0.229,0.266,0.494,18,71,64,7,10,1,0,2,4,0,6,9,0,0,Missouri Valley,Away,
Rylinn Groff,Southern Illinois,C,0.156,0.268,0.188,0.456,17,44,32,5,5,1,0,0,5,2,4,4,0,0,Missouri Valley,Away,
Natalie Bush,Valparaiso,3B,0.15,0.19,0.35,0.54,11,21,20,2,3,1,0,1,1,0,1,8,0,0,Missouri Valley,Away,
Marah Wood,Evansville,1B,0.148,0.175,0.23,0.404,21,63,61,10,9,0,1,1,6,0,2,17,2,0,Missouri Valley,Away,
Emma Crowley,Illinois-Chicago,C,0.143,0.172,0.232,0.405,22,60,56,4,8,2,0,1,3,0,2,4,2,0,Missouri Valley,Away,
Kelsie Lewis,Missouri State,2B,0.14,0.219,0.246,0.464,25,69,57,6,8,1,1,1,7,0,6,19,3,1,Missouri Valley,Away,
Ella Boyer,Illinois State,SS,0.133,0.152,0.2,0.352,18,48,45,5,6,0,0,1,6,0,1,13,0,0,Missouri Valley,Away,
Alexa Davis,Evansville,CF,0.125,0.18,0.196,0.377,19,61,56,6,7,2,1,0,4,1,3,9,1,0,Missouri Valley,Away,
Jojo Santiago,Illinois-Chicago,2B,0.113,0.158,0.113,0.271,24,59,53,0,6,0,0,0,2,0,3,8,3,0,Missouri Valley,Away,
Grace Fleming,Illinois-Chicago,CF,0.111,0.152,0.127,0.278,23,70,63,4,7,1,0,0,4,0,3,7,0,0,Missouri Valley,Away,
Lyna Vasquez,Valparaiso,C,0.1,0.182,0.133,0.315,17,35,30,1,3,1,0,0,0,0,3,15,0,0,Missouri Valley,Away,
Abby Bumcrot,Boise State,2B,0.514,0.575,0.543,1.118,15,43,35,4,18,1,0,0,5,0,5,1,1,0,Mountain West,Home,0.307
Gabby Herrera,Nevada,RF,0.5,0.52,1.159,1.679,15,50,44,13,22,5,0,8,22,1,3,8,1,0,Mountain West,Home,0.152
Molly Gates,Colorado State,LF,0.475,0.536,0.627,1.163,20,69,59,19,28,6,0,1,19,1,8,2,5,1,Mountain West,Home,0.192
Peyton Allen,Colorado State,2B,0.452,0.541,1,1.541,20,75,62,32,28,6,2,8,36,4,8,2,3,0,Mountain West,Home,0.173
Chelie Senini,Nevada,CF,0.444,0.483,0.556,1.038,16,59,54,18,24,1,1,1,7,0,4,4,15,0,Mountain West,Home,0.098
Aaliyah Jenkins,Nevada,C,0.436,0.477,1,1.477,15,44,39,15,17,7,0,5,11,0,4,4,4,1,Mountain West,Home,0.067
Grace Matej,Utah State,C,0.432,0.432,0.568,1,13,44,44,10,19,0,0,2,6,0,0,3,0,0,Mountain West,Home,0.041
Ashley York,Colorado State,CF,0.429,0.494,0.671,1.165,20,79,70,29,30,8,0,3,18,0,9,4,5,0,Mountain West,Home,0.067
Skyler Shaw,UNLV,RF,0.426,0.481,0.596,1.077,18,60,47,14,20,2,3,0,7,1,5,7,5,1,Mountain West,Home,0.153
Maya Matsubara,Colorado State,SS,0.424,0.553,0.831,1.383,20,76,59,27,25,7,4,3,17,3,14,5,8,0,Mountain West,Home,0.126
Ariel Fifita,Utah State,SS,0.415,0.478,0.756,1.234,13,47,41,10,17,2,0,4,8,2,3,2,2,1,Mountain West,Home,0.108
Ariana Martinez,UNLV,1B,0.413,0.526,0.773,1.3,24,95,75,24,31,7,1,6,28,2,17,4,0,0,Mountain West,Home,0.046
Rachael Hathoot,New Mexico,SS,0.412,0.464,0.51,0.974,15,60,51,13,21,0,1,1,5,2,3,4,3,0,Mountain West,Home,0.049
Sophie Medellin,Fresno State,1B,0.412,0.5,0.608,1.108,32,118,97,29,40,10,0,3,19,6,12,8,1,2,Mountain West,Home,0.101
Brooke Bohlender,Colorado State,C,0.41,0.413,0.623,1.036,20,63,61,13,25,6,2,1,12,1,0,7,0,0,Mountain West,Home,0.172
Kya Pratt,Utah State,RF,0.393,0.414,0.714,1.128,13,31,28,2,11,3,0,2,7,0,1,3,2,0,Mountain West,Home,0.248
Natalie Elias,Fresno State,RF,0.383,0.4,0.411,0.811,30,111,107,18,41,3,0,0,9,0,3,6,3,2,Mountain West,Home,0.079
Giselle Gonzalez,Utah State,1B,0.382,0.421,0.559,0.98,13,38,34,3,13,0,0,2,12,1,2,9,0,0,Mountain West,Home,0.044
Bridgette Gilliano,Nevada,2B,0.38,0.4,0.52,0.92,16,56,50,11,19,2,1,1,12,0,3,3,5,0,Mountain West,Home,0.061
Sydney Groves,Boise State,1B,0.378,0.491,0.933,1.424,15,55,45,12,17,1,0,8,23,1,9,6,0,0,Mountain West,Home,0.109
Keyannah Chavez,New Mexico,LF,0.375,0.5,0.85,1.35,15,52,40,14,15,0,2,5,11,2,9,3,0,0,Mountain West,Home,0.048
Sofia Morales,UNLV,LF,0.37,0.405,0.438,0.843,24,82,73,13,27,1,2,0,9,0,5,7,1,1,Mountain West,Home,0.003
Sophia Knight,Boise State,CF,0.37,0.452,0.519,0.97,16,62,54,18,20,3,1,1,7,0,8,7,4,0,Mountain West,Home,-0.041
Maddie Schmidt,UNLV,SS,0.361,0.43,0.482,0.912,24,96,83,19,30,4,3,0,13,0,10,16,5,0,Mountain West,Home,0.016
Claudia Medina,Utah State,2B,0.36,0.429,0.56,0.989,13,28,25,7,9,2,0,1,5,1,2,3,0,1,Mountain West,Home,0.256
Jesse Farrell,UNLV,C,0.36,0.417,0.76,1.177,24,85,75,19,27,7,1,7,31,0,8,9,1,0,Mountain West,Home,0.027
Jordyn Hutchins,Boise State,LF,0.359,0.519,0.615,1.135,15,53,39,15,14,1,0,3,8,1,12,4,0,0,Mountain West,Home,0.059
McKenzie Barbara,San Diego State,1B,0.357,0.455,0.661,1.115,20,66,56,10,20,3,1,4,18,0,10,9,1,0,Mountain West,Home,-0.06
Alycia Flores,Boise State,DH,0.354,0.392,0.625,1.017,16,51,48,13,17,1,0,4,13,1,2,4,0,0,Mountain West,Home,0.033
Keahilele Mattson,Fresno State,LF,0.354,0.448,0.535,0.984,32,117,99,19,35,8,2,2,17,3,14,11,0,1,Mountain West,Home,0.086
Reina Zermeno,San Jose State,2B,0.333,0.394,0.5,0.894,20,71,60,12,20,1,3,1,15,0,8,1,0,0,Mountain West,Home,-0.122
Kennedy Bunker,Fresno State,C,0.33,0.374,0.407,0.78,32,100,91,5,30,4,0,1,13,4,3,8,0,0,Mountain West,Home,-0.055
Danielle Serna,Colorado State,3B,0.327,0.493,0.635,1.128,20,73,52,11,17,5,1,3,13,10,9,5,0,0,Mountain West,Home,0.072
Chloe Yeatts,New Mexico,C,0.326,0.354,0.696,1.05,15,49,46,7,15,2,0,5,9,0,2,11,0,0,Mountain West,Home,0.117
Katherine Brunner,New Mexico,DP,0.324,0.368,0.441,0.81,13,39,34,2,11,1,0,1,7,0,3,3,0,0,Mountain West,Home,0.17
Aubrie Thomas,San Jose State,CF,0.32,0.435,0.42,0.855,19,69,50,14,16,3,1,0,6,1,10,6,4,1,Mountain West,Home,0.028
Marisa Bowman,UNLV,2B,0.311,0.353,0.422,0.775,20,54,45,12,14,5,0,0,10,0,4,6,1,0,Mountain West,Home,0.127
Alyssa Trejo,UNLV,1B,0.309,0.42,0.509,0.929,22,72,55,7,17,3,1,2,16,2,10,7,0,0,Mountain West,Home,-0.053
Hollie Farmer,Boise State,3B,0.308,0.4,0.462,0.862,16,45,39,11,12,3,0,1,5,2,4,7,1,1,Mountain West,Home,0.001
Shay McDowell,San Jose State,1B,0.306,0.323,0.339,0.662,20,66,62,9,19,0,1,0,14,0,2,7,1,0,Mountain West,Home,0.16
Ali Ashner,Utah State,LF,0.303,0.324,0.576,0.899,13,35,33,7,10,3,0,2,5,0,1,7,0,0,Mountain West,Home,-0.043
Janyssa Martin,UNLV,CF,0.302,0.489,0.46,0.949,24,89,63,17,19,1,0,3,8,5,19,6,1,0,Mountain West,Home,0.042
Ashley Archuleta,New Mexico,2B,0.3,0.364,0.425,0.789,14,44,40,3,12,2,0,1,7,2,2,7,0,0,Mountain West,Home,0.12
Elizabeth Baylor,New Mexico,RF,0.3,0.333,0.4,0.733,13,33,30,3,9,1,1,0,5,0,2,5,1,0,Mountain West,Home,0.08
Mykenzie Hanna,Boise State,RF,0.298,0.365,0.702,1.068,15,53,47,11,14,1,0,6,14,1,4,5,0,0,Mountain West,Home,0.087
Haley Painter,Nevada,3B,0.295,0.466,0.75,1.216,16,58,44,12,13,2,0,6,13,8,6,11,0,0,Mountain West,Home,-0.057
Katie Goldberg,San Diego State,3B,0.294,0.379,0.353,0.732,20,59,51,6,15,3,0,0,4,0,7,7,1,0,Mountain West,Home,-0.016
Jailey Wilson,Colorado State,1B,0.293,0.396,0.415,0.81,15,48,41,8,12,0,1,1,10,1,6,9,1,0,Mountain West,Home,-0.04
Ashley Rico,San Jose State,RF,0.288,0.339,0.404,0.743,17,56,52,6,15,3,0,1,4,0,4,6,0,0,Mountain West,Home,-0.054
Juliana Wilson,Fresno State,RF,0.286,0.444,0.494,0.938,32,102,77,6,22,2,4,2,15,4,18,10,0,1,Mountain West,Home,-0.03
Maile Olsen,Nevada,SS,0.286,0.311,0.667,0.978,16,45,42,9,12,2,1,4,13,0,2,14,1,1,Mountain West,Home,0.005
Kelsie Kelso,UNLV,3B,0.283,0.368,0.433,0.801,22,69,60,12,17,3,0,2,10,2,6,7,0,0,Mountain West,Home,0.063
Jaden Colunga,Utah State,DP,0.281,0.343,0.625,0.968,13,35,32,5,9,0,1,3,10,0,3,4,0,0,Mountain West,Home,-0.042
Emma Martinez,Fresno State,2B,0.277,0.362,0.386,0.747,32,103,83,9,23,3,3,0,15,5,6,12,6,1,Mountain West,Home,0.027
DeNae Vasquez-Dickson,New Mexico,CF,0.277,0.333,0.468,0.801,15,55,47,7,13,3,0,2,6,2,2,8,0,1,Mountain West,Home,0.077
Micaela Macario,San Diego State,SS,0.275,0.393,0.294,0.688,19,62,51,15,14,1,0,0,1,1,9,6,10,1,Mountain West,Home,0.005
Cali Decker,San Diego State,C,0.265,0.377,0.449,0.826,20,62,49,6,13,1,1,2,11,3,7,9,1,0,Mountain West,Home,-0.041
Macey Keester,San Diego State,CF,0.261,0.261,0.304,0.565,18,46,46,3,12,2,0,0,4,0,0,3,6,2,Mountain West,Home,0.005
Makena Brocki,San Diego State,2B,0.259,0.293,0.315,0.608,20,58,54,4,14,3,0,0,6,0,3,7,2,0,Mountain West,Home,-0.034
Lauren Almeida,Fresno State,SS,0.258,0.307,0.366,0.673,32,104,93,3,24,3,2,1,14,2,5,6,0,0,Mountain West,Home,-0.044
Alex Bunton,Utah State,3B,0.258,0.41,0.323,0.733,13,41,31,4,8,2,0,0,3,1,7,3,0,0,Mountain West,Home,-0.007
Kealani Nitta,Fresno State,DH,0.253,0.284,0.313,0.597,31,92,83,12,21,3,1,0,5,0,4,8,2,1,Mountain West,Home,-0.088
Korie Thomas,San Jose State,3B,0.25,0.326,0.3,0.626,18,48,40,3,10,2,0,0,6,0,5,4,0,0,Mountain West,Home,0.055
Brooklynn Pettis,Boise State,C,0.25,0.436,0.5,0.936,13,39,28,8,7,1,0,2,8,0,10,10,2,0,Mountain West,Home,0.01
Charli Hawkins,Nevada,C,0.231,0.302,0.256,0.559,15,43,39,2,9,1,0,0,9,0,4,7,0,0,Mountain West,Home,-0.024
Emma Bramson,New Mexico,1B,0.222,0.234,0.244,0.478,15,48,45,5,10,1,0,0,4,1,0,4,1,0,Mountain West,Home,0.048
Ahmiya Noriega,San Jose State,SS,0.212,0.293,0.365,0.658,19,58,52,10,11,2,3,0,6,0,6,7,0,0,Mountain West,Home,-0.174
Angie Yellen,San Diego State,RF,0.2,0.293,0.314,0.607,17,42,35,4,7,1,0,1,4,1,4,10,0,0,Mountain West,Home,-0.133
Leah McAnally,Boise State,C,0.194,0.231,0.417,0.647,14,40,36,4,7,2,0,2,12,1,1,4,0,0,Mountain West,Home,-0.105
Alyssa Garcia,San Diego State,DP,0.19,0.3,0.286,0.586,17,50,42,2,8,1,0,1,10,1,6,9,0,0,Mountain West,Home,-0.175
Tatum Silva,Utah State,CF,0.184,0.244,0.263,0.507,13,43,38,7,7,0,0,1,1,1,2,13,2,0,Mountain West,Home,-0.209
Taryn Jenkins,Nevada,1B,0.173,0.189,0.288,0.477,16,53,52,9,9,1,1,1,5,0,1,11,4,0,Mountain West,Home,-0.215
Sydney Carithers,New Mexico,3B,0.152,0.243,0.152,0.395,15,39,33,1,5,0,0,0,1,1,3,6,0,0,Mountain West,Home,-0.022
Bella Espinoza,San Diego State,LF,0.133,0.204,0.133,0.337,20,52,45,6,6,0,0,0,0,0,4,6,1,2,Mountain West,Home,-0.183
AJ Murphy,San Diego State,1B,0.107,0.103,0.214,0.318,14,32,28,2,3,0,0,1,3,0,0,5,0,0,Mountain West,Home,-0.235
Reina Zermeno,San Jose State,2B,0.455,0.538,0.886,1.425,17,52,44,12,20,4,0,5,16,2,6,3,2,0,Mountain West,Away,
McKenzie Barbara,San Diego State,1B,0.417,0.551,0.85,1.401,19,78,60,17,25,5,0,7,20,0,18,7,1,0,Mountain West,Away,
Sophia Knight,Boise State,CF,0.411,0.442,0.429,0.87,30,121,112,21,46,2,0,0,9,0,7,16,10,1,Mountain West,Away,
Tatum Silva,Utah State,CF,0.393,0.424,0.446,0.87,19,60,56,8,22,3,0,0,5,1,2,9,2,1,Mountain West,Away,
Grace Matej,Utah State,C,0.391,0.403,0.594,0.997,20,72,69,15,27,3,1,3,15,0,2,13,0,0,Mountain West,Away,
Taryn Jenkins,Nevada,1B,0.388,0.447,0.821,1.268,20,76,67,20,26,8,0,7,29,2,6,8,3,2,Mountain West,Away,
Ahmiya Noriega,San Jose State,SS,0.386,0.383,0.591,0.974,17,48,44,8,17,4,1,1,10,0,1,7,3,0,Mountain West,Away,
Kennedy Bunker,Fresno State,C,0.385,0.467,0.59,1.056,13,46,39,4,15,2,0,2,8,3,3,8,0,0,Mountain West,Away,
Aaliyah Jenkins,Nevada,C,0.369,0.438,0.615,1.054,20,73,65,16,24,2,1,4,13,1,7,13,7,1,Mountain West,Away,
Sofia Morales,UNLV,LF,0.367,0.429,0.408,0.837,17,61,49,8,18,2,0,0,6,1,5,2,2,0,Mountain West,Away,
Ariana Martinez,UNLV,1B,0.367,0.446,0.571,1.018,15,56,49,8,18,5,1,1,13,0,7,3,0,0,Mountain West,Away,
Alyssa Garcia,San Diego State,DP,0.365,0.45,0.481,0.931,18,60,52,4,19,3,0,1,9,5,3,12,0,0,Mountain West,Away,
Rachael Hathoot,New Mexico,SS,0.363,0.395,0.438,0.833,26,89,80,16,29,3,0,1,6,2,3,5,2,0,Mountain West,Away,
Alyssa Trejo,UNLV,1B,0.362,0.483,0.596,1.079,16,58,47,5,17,2,0,3,16,2,9,9,0,0,Mountain West,Away,
Ashley York,Colorado State,CF,0.362,0.434,0.511,0.945,15,54,47,11,17,2,1,1,2,0,6,3,2,0,Mountain West,Away,
Haley Painter,Nevada,3B,0.352,0.446,0.704,1.15,20,83,71,17,25,5,1,6,13,6,6,13,1,0,Mountain West,Away,
Gabby Herrera,Nevada,RF,0.348,0.421,0.712,1.133,20,76,66,16,23,3,0,7,23,1,8,13,2,0,Mountain West,Away,
Chelie Senini,Nevada,CF,0.346,0.407,0.372,0.779,20,86,78,17,27,2,0,0,2,0,8,8,7,2,Mountain West,Away,
Ali Ashner,Utah State,LF,0.346,0.485,0.365,0.85,23,67,52,9,18,1,0,0,5,0,14,9,0,0,Mountain West,Away,
Maddie Schmidt,UNLV,SS,0.345,0.397,0.379,0.776,17,64,58,13,20,2,0,0,3,0,5,5,5,0,Mountain West,Away,
Ashley Rico,San Jose State,RF,0.342,0.432,0.5,0.932,14,44,38,3,13,1,1,1,6,0,6,6,0,0,Mountain West,Away,
AJ Murphy,San Diego State,1B,0.342,0.366,0.605,0.971,15,42,38,6,13,4,0,2,14,0,2,3,1,0,Mountain West,Away,
Kealani Nitta,Fresno State,DH,0.341,0.341,0.415,0.756,11,41,41,4,14,1,1,0,1,0,0,1,1,0,Mountain West,Away,
Giselle Gonzalez,Utah State,1B,0.338,0.373,0.632,1.006,23,75,68,8,23,5,0,5,17,0,5,8,0,0,Mountain West,Away,
Angie Yellen,San Diego State,RF,0.333,0.447,0.385,0.831,18,47,39,10,13,2,0,0,7,1,7,3,2,2,Mountain West,Away,
Jailey Wilson,Colorado State,1B,0.333,0.368,0.667,1.035,13,38,36,5,12,1,1,3,10,0,2,7,1,1,Mountain West,Away,
Jesse Farrell,UNLV,C,0.333,0.459,0.583,1.042,17,61,48,10,16,3,0,3,8,2,10,9,1,1,Mountain West,Away,
Keyannah Chavez,New Mexico,LF,0.327,0.397,0.491,0.888,21,65,55,7,18,2,2,1,7,1,6,5,0,1,Mountain West,Away,
Jaden Colunga,Utah State,DP,0.323,0.362,0.477,0.839,22,70,65,5,21,3,2,1,11,2,2,9,0,0,Mountain West,Away,
Alycia Flores,Boise State,DH,0.321,0.369,0.526,0.895,28,84,78,13,25,8,1,2,18,2,4,8,1,1,Mountain West,Away,
Bridgette Gilliano,Nevada,2B,0.319,0.382,0.493,0.874,20,76,69,15,22,3,0,3,15,1,6,6,6,0,Mountain West,Away,
Juliana Wilson,Fresno State,RF,0.316,0.435,0.632,1.066,13,46,38,8,12,1,1,3,8,0,8,7,0,0,Mountain West,Away,
Bella Espinoza,San Diego State,LF,0.316,0.381,0.316,0.697,16,43,38,6,12,0,0,0,2,0,4,7,4,0,Mountain West,Away,
Sophie Medellin,Fresno State,1B,0.311,0.392,0.556,0.948,13,52,45,8,14,3,1,2,10,5,1,9,1,0,Mountain West,Away,
Katie Goldberg,San Diego State,3B,0.31,0.408,0.431,0.839,19,72,58,10,18,4,0,1,15,1,10,6,0,0,Mountain West,Away,
Hollie Farmer,Boise State,3B,0.307,0.371,0.489,0.86,30,99,88,19,27,5,1,3,17,3,6,17,0,0,Mountain West,Away,
Ariel Fifita,Utah State,SS,0.307,0.404,0.4,0.804,23,90,75,14,23,2,1,1,7,5,8,5,2,2,Mountain West,Away,
Cali Decker,San Diego State,C,0.306,0.377,0.419,0.796,18,72,62,6,19,5,1,0,7,0,7,7,0,0,Mountain West,Away,
Natalie Elias,Fresno State,RF,0.304,0.319,0.304,0.623,13,50,46,7,14,0,0,0,2,0,1,3,3,0,Mountain West,Away,
Lauren Almeida,Fresno State,SS,0.302,0.304,0.372,0.676,13,47,43,1,13,3,0,0,5,0,1,2,0,0,Mountain West,Away,
Jordyn Hutchins,Boise State,LF,0.3,0.367,0.5,0.867,27,90,80,12,24,8,1,2,17,1,8,11,0,0,Mountain West,Away,
Leah McAnally,Boise State,C,0.299,0.405,0.507,0.913,27,80,67,8,20,5,0,3,13,1,11,9,0,0,Mountain West,Away,
Maya Matsubara,Colorado State,SS,0.298,0.37,0.426,0.796,15,54,47,10,14,3,0,1,9,0,6,7,0,0,Mountain West,Away,
Makena Brocki,San Diego State,2B,0.293,0.348,0.397,0.745,19,69,58,7,17,6,0,0,9,0,6,6,1,1,Mountain West,Away,
Aubrie Thomas,San Jose State,CF,0.292,0.333,0.542,0.875,16,51,48,11,14,1,1,3,13,1,2,11,2,0,Mountain West,Away,
Molly Gates,Colorado State,LF,0.283,0.34,0.413,0.753,15,50,46,6,13,1,1,1,7,2,2,7,0,0,Mountain West,Away,
Maile Olsen,Nevada,SS,0.281,0.313,0.516,0.829,20,68,64,9,18,3,0,4,14,1,2,5,1,0,Mountain West,Away,
Peyton Allen,Colorado State,2B,0.279,0.392,0.581,0.974,15,51,43,8,12,5,1,2,13,0,8,2,0,0,Mountain West,Away,
Skyler Shaw,UNLV,RF,0.273,0.304,0.273,0.577,15,46,44,7,12,0,0,0,1,0,2,12,4,1,Mountain West,Away,
Micaela Macario,San Diego State,SS,0.27,0.356,0.333,0.689,19,74,63,15,17,2,1,0,5,1,8,9,7,0,Mountain West,Away,
Sydney Groves,Boise State,1B,0.269,0.414,0.577,0.991,29,99,78,12,21,3,0,7,20,1,19,18,0,0,Mountain West,Away,
Keahilele Mattson,Fresno State,LF,0.268,0.412,0.293,0.704,13,51,41,6,11,1,0,0,2,2,8,1,0,0,Mountain West,Away,
Alex Bunton,Utah State,3B,0.265,0.346,0.5,0.846,23,82,68,10,18,4,0,4,11,2,7,17,0,0,Mountain West,Away,
Janyssa Martin,UNLV,CF,0.26,0.377,0.44,0.817,17,64,50,10,13,1,1,2,11,4,6,4,0,0,Mountain West,Away,
Macey Keester,San Diego State,CF,0.256,0.319,0.279,0.598,17,48,43,8,11,1,0,0,4,1,3,4,3,1,Mountain West,Away,
Charli Hawkins,Nevada,C,0.255,0.295,0.491,0.786,20,61,55,5,14,7,0,2,10,0,4,4,0,0,Mountain West,Away,
Danielle Serna,Colorado State,3B,0.255,0.3,0.468,0.768,15,51,47,8,12,4,0,2,6,1,2,8,0,0,Mountain West,Away,
Emma Martinez,Fresno State,2B,0.25,0.298,0.409,0.707,13,47,44,8,11,2,1,1,8,1,2,4,0,1,Mountain West,Away,
Brooklynn Pettis,Boise State,C,0.24,0.356,0.38,0.736,23,59,50,5,12,1,0,2,8,1,8,10,0,0,Mountain West,Away,
Brooke Bohlender,Colorado State,C,0.238,0.25,0.262,0.512,14,44,42,2,10,1,0,0,2,0,1,6,0,0,Mountain West,Away,
Kelsie Kelso,UNLV,3B,0.22,0.288,0.28,0.568,17,61,50,5,11,0,0,1,11,0,6,10,0,0,Mountain West,Away,
Elizabeth Baylor,New Mexico,RF,0.22,0.25,0.3,0.55,22,52,50,6,11,1,0,1,2,0,2,8,0,0,Mountain West,Away,
Mykenzie Hanna,Boise State,RF,0.211,0.324,0.478,0.802,30,107,90,18,19,3,0,7,18,4,11,22,0,0,Mountain West,Away,
Chloe Yeatts,New Mexico,C,0.209,0.247,0.433,0.679,25,74,67,4,14,3,0,4,17,3,1,14,0,0,Mountain West,Away,
Abby Bumcrot,Boise State,2B,0.207,0.273,0.241,0.514,27,72,58,11,12,2,0,0,8,3,3,10,1,1,Mountain West,Away,
DeNae Vasquez-Dickson,New Mexico,CF,0.2,0.238,0.283,0.521,24,72,60,9,12,2,0,1,6,0,3,9,4,1,Mountain West,Away,
Korie Thomas,San Jose State,3B,0.195,0.277,0.22,0.496,17,48,41,5,8,1,0,0,1,0,5,8,0,0,Mountain West,Away,
Marisa Bowman,UNLV,2B,0.184,0.273,0.342,0.615,15,45,38,7,7,3,0,1,4,1,4,7,0,0,Mountain West,Away,
Ashley Archuleta,New Mexico,2B,0.18,0.227,0.295,0.522,23,66,61,9,11,4,0,1,7,0,4,12,2,0,Mountain West,Away,
Sydney Carithers,New Mexico,3B,0.174,0.296,0.174,0.47,24,56,46,4,8,0,0,0,3,3,5,8,2,1,Mountain West,Away,
Emma Bramson,New Mexico,1B,0.174,0.219,0.203,0.422,26,74,69,5,12,0,1,0,2,1,3,4,3,0,Mountain West,Away,
Katherine Brunner,New Mexico,DP,0.154,0.182,0.25,0.432,24,55,52,1,8,2,0,1,5,1,1,12,0,0,Mountain West,Away,
Shay McDowell,San Jose State,1B,0.146,0.186,0.22,0.406,16,43,41,3,6,0,0,1,3,0,2,10,0,0,Mountain West,Away,
Kya Pratt,Utah State,RF,0.145,0.197,0.161,0.358,23,67,62,5,9,1,0,0,9,1,3,6,1,0,Mountain West,Away,
Claudia Medina,Utah State,2B,0.104,0.173,0.104,0.277,21,55,48,5,5,0,0,0,1,1,3,6,0,2,Mountain West,Away,
Ashley Orischak,Saint Francis,2B,0.543,0.61,1.029,1.638,15,41,35,14,19,6,1,3,11,5,1,4,4,0,Northeast,Home,0.202
Olivia Ulam,Saint Francis,1B,0.46,0.5,0.74,1.24,16,56,50,15,23,5,0,3,24,0,5,5,3,0,Northeast,Home,0.114
Dallas Andrews,Long Island,RF,0.429,0.456,0.492,0.948,18,68,63,15,27,2,1,0,10,0,4,5,3,0,Northeast,Home,0.139
Kaylie Walters,Saint Francis,SS,0.389,0.6,0.389,0.989,16,55,36,17,14,0,0,0,3,0,19,11,12,0,Northeast,Home,0.143
Harper Sullivan,Stonehill,1B,0.381,0.422,0.524,0.946,17,45,42,6,16,3,0,1,8,0,3,4,0,0,Northeast,Home,0.071
Cierra Bender,Sacred Heart,2B,0.38,0.405,0.521,0.927,23,82,71,8,27,8,1,0,16,1,2,8,1,1,Northeast,Home,0.17
Alyssa Dybacz,Le Moyne,RF,0.377,0.435,0.607,1.041,18,69,61,15,23,3,4,1,5,0,7,5,1,1,Northeast,Home,0.027
Sam Kowalski,Sacred Heart,P,0.364,0.377,0.455,0.831,21,69,66,9,24,3,0,1,14,0,2,3,0,0,Northeast,Home,0.094
Lexi Her--dez,Saint Francis,3B,0.356,0.362,0.756,1.117,14,47,45,8,16,3,0,5,15,0,1,5,1,0,Northeast,Home,0.106
KC Machado,Central Connecticut,2B,0.356,0.418,0.695,1.113,21,67,59,9,21,8,0,4,13,1,6,14,0,0,Northeast,Home,0.12
Frankie Larobardiere,Le Moyne,3B,0.354,0.456,0.583,1.039,18,58,48,5,17,5,0,2,11,1,8,8,0,0,Northeast,Home,0.121
Paige Stringer,Central Connecticut,3B,0.353,0.387,0.721,1.107,22,75,68,15,24,1,0,8,21,2,3,17,0,0,Northeast,Home,0.015
Courtney Lanpher,Merrimack,SS,0.347,0.377,0.51,0.888,14,54,49,13,17,3,1,1,6,1,2,12,6,0,Northeast,Home,0.065
Rachel Marsden,Saint Francis,P,0.343,0.41,0.829,1.239,13,39,35,7,12,2,0,5,12,1,3,13,1,0,Northeast,Home,-0.002
Carly Koltko,Sacred Heart,1B,0.343,0.408,0.597,1.005,23,76,67,9,23,5,0,4,17,1,7,4,0,0,Northeast,Home,0.01
Shannon Conte,Stonehill,DP,0.342,0.468,0.605,1.073,15,47,38,7,13,4,0,2,8,0,9,6,0,0,Northeast,Home,0.085
Ellen Hubbard,Merrimack,RF,0.341,0.44,0.415,0.855,13,50,41,3,14,3,0,0,5,0,8,5,0,0,Northeast,Home,0.012
Gabby Padilla,Long Island,3B,0.333,0.429,0.458,0.887,18,61,48,5,16,6,0,0,8,1,7,3,0,0,Northeast,Home,0.023
Jenna Mowad,Sacred Heart,3B,0.333,0.446,0.481,0.928,23,66,54,12,18,2,0,2,8,1,10,8,6,0,Northeast,Home,0.093
Ashley Wruble,Saint Francis,LF,0.319,0.439,0.489,0.928,16,58,47,14,15,2,0,2,7,2,8,6,4,1,Northeast,Home,0.027
Savannah Nash,Saint Francis,CF,0.319,0.373,0.532,0.904,15,52,47,11,15,1,0,3,15,2,2,9,4,0,Northeast,Home,-0.032
Lily Hinkle,Long Island,LF,0.313,0.382,0.417,0.798,17,61,48,9,15,5,0,0,8,1,5,6,1,0,Northeast,Home,0.015
Mckenzie Bergdoll,Le Moyne,1B,0.309,0.361,0.473,0.833,18,61,55,4,17,3,0,2,11,0,5,8,0,0,Northeast,Home,0.075
Ava Cino,Central Connecticut,SS,0.306,0.348,0.532,0.881,22,67,62,6,19,5,0,3,14,0,4,7,1,0,Northeast,Home,-0.069
Audrey Benderski,Le Moyne,DP,0.3,0.364,0.54,0.904,18,56,50,6,15,4,1,2,7,0,5,17,0,0,Northeast,Home,0.097
Charlene Davis,Sacred Heart,C,0.295,0.34,0.364,0.704,22,51,44,5,13,3,0,0,5,0,3,3,0,0,Northeast,Home,0.039
May Dawes,Stonehill,RF,0.292,0.452,0.333,0.785,13,31,24,3,7,1,0,0,3,0,7,0,0,0,Northeast,Home,0.072
Mari Narvaiz,Long Island,2B,0.273,0.298,0.545,0.843,16,48,44,6,12,4,1,2,8,0,2,7,0,0,Northeast,Home,0.167
Erika Barela,Fairleigh Dickinson,RF,0.273,0.351,0.455,0.806,16,38,33,5,9,0,0,2,4,0,4,6,0,2,Northeast,Home,0.018
Madison Cerpa,Merrimack,CF,0.267,0.377,0.489,0.866,14,53,45,6,12,4,0,2,10,1,7,9,3,0,Northeast,Home,0.014
Meg Gorman,Central Connecticut,CF,0.262,0.351,0.4,0.751,22,75,65,18,17,3,0,2,3,2,7,11,1,2,Northeast,Home,-0.047
Ayden Stone,Fairleigh Dickinson,1B,0.256,0.275,0.538,0.813,16,41,39,6,10,2,0,3,5,0,1,8,1,0,Northeast,Home,-0.161
Emily Carroll,Sacred Heart,LF,0.25,0.308,0.306,0.613,23,79,72,14,18,4,0,0,2,2,4,8,0,0,Northeast,Home,0.015
Dominique Rinaldi,Le Moyne,SS,0.246,0.267,0.263,0.53,18,64,57,7,14,1,0,0,7,1,1,5,0,0,Northeast,Home,-0.029
Megan Berg,Fairleigh Dickinson,2B,0.243,0.317,0.351,0.668,15,42,37,5,9,1,0,1,4,0,4,13,1,1,Northeast,Home,0.012
Hayden Salter,Fairleigh Dickinson,RF,0.24,0.321,0.28,0.601,14,29,25,1,6,1,0,0,2,0,3,7,1,0,Northeast,Home,0.115
Justine Carranza,Wagner,2B,0.233,0.314,0.233,0.548,12,37,30,0,7,0,0,0,2,1,3,4,0,0,Northeast,Home,-0.071
Victoria LoPinto,Sacred Heart,CF,0.232,0.337,0.507,0.845,23,83,69,14,16,3,2,4,13,0,12,13,0,4,Northeast,Home,-0.026
Sydney Nesci,Le Moyne,CF,0.231,0.245,0.25,0.495,17,53,52,6,12,1,0,0,4,0,1,10,0,0,Northeast,Home,-0.037
Andreya Flores,Fairleigh Dickinson,C,0.222,0.353,0.333,0.686,13,34,27,1,6,0,0,1,3,3,3,7,0,0,Northeast,Home,0.116
Chloe Kelly,Stonehill,SS,0.22,0.289,0.341,0.63,16,49,41,10,9,2,0,1,3,2,2,7,4,0,Northeast,Home,-0.073
Nicole Henke,Sacred Heart,SS,0.215,0.243,0.308,0.551,23,70,65,8,14,3,0,1,10,0,3,10,0,0,Northeast,Home,0.045
Sydney Chargualaf,Wagner,C,0.214,0.267,0.25,0.517,10,30,28,0,6,1,0,0,1,0,2,8,0,0,Northeast,Home,-0.156
Alexia Castro,Long Island,SS,0.204,0.218,0.278,0.496,18,55,54,4,11,1,0,1,6,0,1,5,0,0,Northeast,Home,-0.096
Haleigh Reed,Stonehill,3B,0.2,0.304,0.225,0.529,15,46,40,2,8,1,0,0,3,1,5,6,0,0,Northeast,Home,-0.041
Reagan Vunak,Central Connecticut,C,0.196,0.351,0.37,0.72,19,58,46,12,9,2,0,2,4,0,11,10,0,0,Northeast,Home,-0.044
Angela Costa,Fairleigh Dickinson,3B,0.185,0.214,0.185,0.399,13,28,27,3,5,0,0,0,4,0,1,9,0,0,Northeast,Home,0.003
Sydney Samuel,Merrimack,3B,0.182,0.289,0.182,0.471,12,38,33,2,6,0,0,0,0,2,3,8,1,0,Northeast,Home,-0.091
Gabby Kaduson,Merrimack,C,0.172,0.368,0.276,0.644,12,38,29,0,5,1,1,0,3,2,7,9,0,0,Northeast,Home,-0.052
Samantha Tran,Wagner,CF,0.167,0.286,0.25,0.536,12,42,36,3,6,1,1,0,0,2,4,7,1,1,Northeast,Home,-0.101
Jordyn Dulken,Wagner,RF,0.167,0.242,0.167,0.409,12,33,30,1,5,0,0,0,1,0,3,4,1,0,Northeast,Home,-0.122
Sydnie Trujillo,Wagner,3B,0.152,0.243,0.152,0.395,12,37,33,3,5,0,0,0,3,0,4,13,1,0,Northeast,Home,-0.145
Natalie Bottiglieri,Stonehill,CF,0.15,0.227,0.2,0.427,14,44,40,6,6,2,0,0,2,0,4,8,0,1,Northeast,Home,-0.166
Payton Janicki,Wagner,SS,0.139,0.205,0.167,0.372,12,39,36,4,5,1,0,0,2,0,3,11,0,0,Northeast,Home,-0.137
Piper Hofmann,Stonehill,LF,0.133,0.161,0.267,0.428,14,34,30,5,4,1,0,1,4,1,0,12,1,1,Northeast,Home,-0.16
Lea Rachal,Wagner,LF,0.125,0.267,0.125,0.392,9,30,24,4,3,0,0,0,3,0,5,5,1,1,Northeast,Home,-0.192
Isabella Therrien,Stonehill,C,0.108,0.154,0.243,0.397,16,39,37,3,4,0,1,1,3,0,2,5,1,0,Northeast,Home,-0.112
Ashlyn Desaulniers,Central Connecticut,LF,0.098,0.13,0.118,0.247,18,54,51,2,5,1,0,0,3,1,1,13,1,0,Northeast,Home,-0.128
Ayden Stone,Fairleigh Dickinson,1B,0.417,0.444,0.617,1.061,20,63,60,5,25,4,1,2,13,1,2,6,0,0,Northeast,Away,
Ava Cino,Central Connecticut,SS,0.375,0.406,0.531,0.937,20,69,64,8,24,4,0,2,13,0,4,5,0,0,Northeast,Away,
Sydney Chargualaf,Wagner,C,0.37,0.383,0.63,1.013,18,47,46,4,17,3,0,3,9,0,1,4,0,0,Northeast,Away,
Savannah Nash,Saint Francis,CF,0.351,0.415,0.595,1.009,23,83,74,22,26,4,1,4,18,0,8,10,7,3,Northeast,Away,
Alyssa Dybacz,Le Moyne,RF,0.35,0.368,0.513,0.88,24,87,80,15,28,4,0,3,16,1,3,11,1,1,Northeast,Away,
Olivia Ulam,Saint Francis,1B,0.346,0.395,0.577,0.972,23,86,78,20,27,10,1,2,20,0,7,14,4,0,Northeast,Away,
Rachel Marsden,Saint Francis,P,0.345,0.381,0.569,0.95,20,64,58,15,20,2,1,3,13,0,4,8,2,0,Northeast,Away,
Ashley Orischak,Saint Francis,2B,0.341,0.556,0.61,1.165,23,63,41,14,14,1,2,2,10,15,6,5,7,1,Northeast,Away,
Paige Stringer,Central Connecticut,3B,0.338,0.416,0.559,0.974,22,77,68,14,23,3,0,4,16,0,9,18,1,0,Northeast,Away,
Carly Koltko,Sacred Heart,1B,0.333,0.394,0.55,0.944,20,66,60,5,20,4,0,3,9,2,4,4,1,0,Northeast,Away,
Ellen Hubbard,Merrimack,RF,0.329,0.402,0.378,0.78,26,92,82,13,27,4,0,0,6,1,9,10,1,1,Northeast,Away,
Lea Rachal,Wagner,LF,0.317,0.358,0.444,0.803,19,68,63,11,20,2,3,0,3,2,2,8,6,1,Northeast,Away,
Natalie Bottiglieri,Stonehill,CF,0.316,0.373,0.329,0.702,26,89,76,11,24,1,0,0,9,0,7,9,7,1,Northeast,Away,
Gabby Padilla,Long Island,3B,0.31,0.365,0.414,0.779,17,64,58,9,18,3,0,1,7,2,3,10,1,0,Northeast,Away,
Harper Sullivan,Stonehill,1B,0.31,0.355,0.345,0.7,24,63,58,2,18,2,0,0,5,1,3,6,0,0,Northeast,Away,
Meg Gorman,Central Connecticut,CF,0.309,0.392,0.471,0.863,21,80,68,17,21,8,0,1,14,6,4,4,3,2,Northeast,Away,
Justine Carranza,Wagner,2B,0.304,0.45,0.348,0.798,18,60,46,5,14,2,0,0,6,3,10,10,0,0,Northeast,Away,
Alexia Castro,Long Island,SS,0.3,0.435,0.4,0.835,17,64,50,7,15,5,0,0,7,0,12,4,1,1,Northeast,Away,
Lily Hinkle,Long Island,LF,0.298,0.393,0.383,0.776,16,60,47,6,14,4,0,0,5,0,8,2,4,1,Northeast,Away,
Sydnie Trujillo,Wagner,3B,0.297,0.352,0.391,0.743,22,71,64,8,19,4,1,0,10,1,5,9,3,0,Northeast,Away,
Chloe Kelly,Stonehill,SS,0.293,0.369,0.31,0.68,25,69,58,7,17,1,0,0,5,3,4,17,1,0,Northeast,Away,
Piper Hofmann,Stonehill,LF,0.293,0.341,0.341,0.682,19,50,41,9,12,2,0,0,3,0,3,9,4,0,Northeast,Away,
Ashley Wruble,Saint Francis,LF,0.292,0.384,0.389,0.773,23,86,72,14,21,5,1,0,12,1,11,7,5,1,Northeast,Away,
Dallas Andrews,Long Island,RF,0.29,0.328,0.323,0.651,17,68,62,4,18,2,0,0,6,0,4,3,3,1,Northeast,Away,
Jordyn Dulken,Wagner,RF,0.289,0.418,0.311,0.729,18,55,45,9,13,1,0,0,5,1,9,4,2,2,Northeast,Away,
Courtney Lanpher,Merrimack,SS,0.282,0.347,0.435,0.783,28,96,85,16,24,6,2,1,9,6,3,11,8,2,Northeast,Away,
Payton Janicki,Wagner,SS,0.276,0.329,0.408,0.737,23,83,76,12,21,4,0,2,14,0,6,8,11,0,Northeast,Away,
Dominique Rinaldi,Le Moyne,SS,0.275,0.342,0.304,0.646,24,82,69,5,19,2,0,0,7,1,6,10,1,0,Northeast,Away,
Sydney Samuel,Merrimack,3B,0.273,0.344,0.364,0.708,19,61,55,6,15,2,0,1,8,2,4,15,1,0,Northeast,Away,
Sam Kowalski,Sacred Heart,P,0.27,0.281,0.286,0.567,20,64,63,3,17,1,0,0,5,0,1,10,0,0,Northeast,Away,
Samantha Tran,Wagner,CF,0.268,0.302,0.317,0.619,23,86,82,7,22,2,1,0,3,1,3,13,5,1,Northeast,Away,
Sydney Nesci,Le Moyne,CF,0.268,0.288,0.479,0.767,24,75,71,13,19,6,0,3,13,0,2,19,0,0,Northeast,Away,
Victoria LoPinto,Sacred Heart,CF,0.258,0.343,0.5,0.843,20,72,62,12,16,2,2,3,8,0,8,17,1,0,Northeast,Away,
Shannon Conte,Stonehill,DP,0.257,0.353,0.378,0.731,26,85,74,6,19,4,1,1,12,4,7,15,0,0,Northeast,Away,
Charlene Davis,Sacred Heart,C,0.256,0.373,0.326,0.698,18,54,43,2,11,3,0,0,1,6,2,3,1,0,Northeast,Away,
Erika Barela,Fairleigh Dickinson,RF,0.255,0.373,0.418,0.791,22,68,55,5,14,6,0,1,6,3,8,6,2,0,Northeast,Away,
Madison Cerpa,Merrimack,CF,0.253,0.322,0.544,0.867,27,90,79,13,20,5,0,6,21,3,6,10,3,0,Northeast,Away,
Lexi Her--dez,Saint Francis,3B,0.25,0.297,0.456,0.753,22,74,68,10,17,5,0,3,15,0,5,10,1,0,Northeast,Away,
Kaylie Walters,Saint Francis,SS,0.246,0.366,0.246,0.612,23,85,69,15,17,0,0,0,2,0,13,19,10,2,Northeast,Away,
Haleigh Reed,Stonehill,3B,0.241,0.286,0.241,0.526,27,84,79,1,19,0,0,0,2,1,4,9,0,0,Northeast,Away,
Jenna Mowad,Sacred Heart,3B,0.24,0.367,0.3,0.667,20,60,50,5,12,0,0,1,4,1,9,19,2,1,Northeast,Away,
Reagan Vunak,Central Connecticut,C,0.24,0.345,0.36,0.705,18,60,50,9,12,3,0,1,8,0,8,11,0,0,Northeast,Away,
KC Machado,Central Connecticut,2B,0.236,0.3,0.545,0.845,18,60,55,8,13,2,0,5,15,0,5,19,0,0,Northeast,Away,
Emily Carroll,Sacred Heart,LF,0.235,0.257,0.324,0.581,20,70,68,6,16,3,0,1,10,1,1,11,3,0,Northeast,Away,
Mckenzie Bergdoll,Le Moyne,1B,0.234,0.28,0.351,0.631,24,83,77,7,18,3,0,2,5,1,4,10,0,0,Northeast,Away,
Frankie Larobardiere,Le Moyne,3B,0.233,0.403,0.367,0.769,24,78,60,3,14,2,0,2,11,1,16,17,0,0,Northeast,Away,
Megan Berg,Fairleigh Dickinson,2B,0.231,0.306,0.308,0.613,24,75,65,9,15,3,1,0,8,0,7,7,1,0,Northeast,Away,
Ashlyn Desaulniers,Central Connecticut,LF,0.226,0.269,0.355,0.623,20,67,62,7,14,2,0,2,6,1,3,10,1,0,Northeast,Away,
Gabby Kaduson,Merrimack,C,0.224,0.286,0.293,0.579,22,66,58,2,13,1,0,1,2,2,3,15,2,0,Northeast,Away,
Isabella Therrien,Stonehill,C,0.22,0.292,0.322,0.614,23,65,59,7,13,3,0,1,4,0,6,9,1,3,Northeast,Away,
May Dawes,Stonehill,RF,0.22,0.281,0.237,0.519,23,69,59,3,13,1,0,0,5,0,5,11,0,0,Northeast,Away,
Cierra Bender,Sacred Heart,2B,0.21,0.286,0.306,0.592,20,70,62,11,13,3,0,1,4,3,4,12,1,1,Northeast,Away,
Audrey Benderski,Le Moyne,DP,0.203,0.36,0.322,0.682,24,77,59,4,12,1,0,2,8,0,15,10,0,0,Northeast,Away,
Angela Costa,Fairleigh Dickinson,3B,0.182,0.27,0.291,0.561,23,64,55,6,10,0,0,2,8,0,7,15,0,0,Northeast,Away,
Nicole Henke,Sacred Heart,SS,0.17,0.214,0.208,0.422,20,56,53,3,9,2,0,0,1,0,3,16,0,0,Northeast,Away,
Hayden Salter,Fairleigh Dickinson,RF,0.125,0.222,0.2,0.422,18,46,40,2,5,0,0,1,2,1,4,16,0,0,Northeast,Away,
Andreya Flores,Fairleigh Dickinson,C,0.106,0.25,0.17,0.42,19,57,47,3,5,0,0,1,4,1,8,8,0,0,Northeast,Away,
Mari Narvaiz,Long Island,2B,0.106,0.17,0.149,0.319,17,53,47,4,5,2,0,0,1,0,4,13,2,0,Northeast,Away,
Anna Henderson,SIUE,C,0.446,0.441,0.464,0.905,21,59,56,4,25,1,0,0,7,0,1,5,0,1,Ohio Valley,Home,0.217
Abigail Rickermann,Southeast Missouri,2B,0.444,0.483,0.519,1.001,18,58,54,11,24,4,0,0,6,0,4,2,7,0,Ohio Valley,Home,0.095
Rachel Kaufman,Eastern Illinois,1B,0.44,0.5,0.68,1.18,15,56,50,13,22,3,0,3,14,2,4,1,1,0,Ohio Valley,Home,0.158
Sydney Dennis,Southeast Missouri,SS,0.432,0.45,0.486,0.936,17,41,37,10,16,2,0,0,5,0,2,3,2,2,Ohio Valley,Home,0.252
Lexi Fair,Southern Indiana,1B,0.419,0.537,0.484,1.02,12,41,31,2,13,2,0,0,8,4,5,1,0,0,Ohio Valley,Home,0.055
Carmen Betts,Tennessee Tech,3B,0.405,0.491,0.738,1.229,15,53,42,9,17,4,2,2,12,2,7,5,0,0,Ohio Valley,Home,0.036
Paige Rocha,SIUE,SS,0.4,0.424,0.563,0.986,22,85,80,18,32,9,2,0,12,0,4,9,4,3,Ohio Valley,Home,-0.053
Emma Henderson,SIUE,1B,0.386,0.426,0.591,1.016,16,47,44,7,17,4,1,1,11,1,2,7,1,0,Ohio Valley,Home,0.136
Paige Halliwill,Southeast Missouri,CF,0.377,0.453,0.698,1.151,18,64,53,18,20,5,3,2,13,0,9,4,8,1,Ohio Valley,Home,0.044
Briana Gonzalez,Eastern Illinois,SS,0.371,0.452,0.6,1.052,15,44,35,6,13,2,0,2,10,2,4,5,1,0,Ohio Valley,Home,0.097
Laila Armstrong,Tennessee State,RF,0.368,0.403,0.426,0.829,19,72,68,10,25,2,1,0,8,1,3,10,4,0,Ohio Valley,Home,0.146
Mackenzie Bedrick,Southern Indiana,CF,0.361,0.439,0.361,0.8,12,41,36,7,13,0,0,0,1,0,5,1,6,1,Ohio Valley,Home,0.186
Kaci Fuller,UT Martin,LF,0.359,0.419,0.484,0.903,21,75,64,20,23,3,1,1,14,0,8,7,9,0,Ohio Valley,Home,-0.104
Alli Robinson,UT Martin,2B,0.356,0.444,0.556,1,18,57,45,8,16,3,0,2,10,2,6,7,2,0,Ohio Valley,Home,0.152
Nahtali Simpson,Tennessee State,SS,0.351,0.424,0.596,1.021,19,66,57,15,20,3,1,3,12,1,7,15,0,0,Ohio Valley,Home,0.038
Malia Robertson,Western Illinois,CF,0.351,0.385,0.378,0.763,11,39,37,7,13,1,0,0,1,0,2,8,7,0,Ohio Valley,Home,0.09
Darlene Montoya,Morehead State,CF,0.351,0.457,0.622,1.078,14,46,37,9,13,1,0,3,9,4,4,4,2,0,Ohio Valley,Home,0.215
Katie Dreiling,UT Martin,1B,0.35,0.394,0.5,0.894,21,66,60,9,21,3,0,2,11,0,5,5,0,0,Ohio Valley,Home,0.012
Jordan Key,Tennessee Tech,LF,0.344,0.364,0.375,0.739,12,34,32,0,11,1,0,0,3,0,1,0,0,0,Ohio Valley,Home,0.149
Aryn Henke,Eastern Illinois,C,0.344,0.447,0.375,0.822,14,40,32,8,11,1,0,0,6,1,5,6,3,2,Ohio Valley,Home,0.162
Rylee Boone,Western Illinois,RF,0.343,0.41,0.371,0.782,12,39,35,5,12,1,0,0,1,0,4,8,3,1,Ohio Valley,Home,0.062
Dallis Darnell,Lindenwood,2B,0.342,0.39,0.447,0.838,14,41,38,9,13,4,0,0,7,0,3,5,4,1,Ohio Valley,Home,0.189
Caroline Stapleton,Southern Indiana,RF,0.341,0.372,0.366,0.738,12,43,41,8,14,1,0,0,4,1,1,6,2,0,Ohio Valley,Home,0.048
Lauryn Yslava,SIUE,RF,0.338,0.373,0.493,0.866,22,77,71,10,24,7,2,0,12,2,2,4,6,0,Ohio Valley,Home,0.036
Marissa Peek,Southeast Missouri,C,0.333,0.333,0.738,1.071,17,46,42,7,14,5,0,4,17,0,1,8,0,0,Ohio Valley,Home,0.047
Anna Blanton,UT Martin,RF,0.333,0.333,0.333,0.667,17,42,42,11,14,0,0,0,6,0,0,9,4,0,Ohio Valley,Home,0.065
Kat Sackett,Southeast Missouri,C,0.326,0.362,0.535,0.897,15,47,43,6,14,3,0,2,10,1,2,7,0,0,Ohio Valley,Home,0.026
Valerie Combs,Western Illinois,C,0.324,0.381,0.568,0.949,13,43,37,13,12,7,1,0,6,0,4,4,0,1,Ohio Valley,Home,0.136
Sydney Kirby,Tennessee Tech,1B,0.324,0.35,0.514,0.864,12,40,37,4,12,4,0,1,11,0,2,7,0,0,Ohio Valley,Home,0.013
Gabriela Drager,Western Illinois,2B,0.321,0.355,0.321,0.676,11,32,28,3,9,0,0,0,4,1,1,2,1,0,Ohio Valley,Home,0.061
Sophia Sanchez,Western Illinois,SS,0.318,0.36,0.364,0.724,9,26,22,1,7,1,0,0,4,1,1,3,1,0,Ohio Valley,Home,0.083
Jenna Herron,SIUE,LF,0.315,0.354,0.384,0.738,22,83,73,12,23,5,0,0,10,0,5,7,4,0,Ohio Valley,Home,-0.008
Sammie Kihega,Southern Indiana,C,0.31,0.459,0.448,0.908,12,38,29,3,9,1,0,1,10,1,7,2,1,0,Ohio Valley,Home,-0.054
Aubrie Shore,Southeast Missouri,1B,0.31,0.349,0.483,0.832,19,63,58,10,18,7,0,1,8,1,3,9,0,0,Ohio Valley,Home,-0.029
Bella Alvarez,Western Illinois,1B,0.308,0.4,0.462,0.862,13,46,39,6,12,6,0,0,9,0,6,8,1,0,Ohio Valley,Home,0.005
Anayah Baker-Rowell,Tennessee State,3B,0.306,0.338,0.468,0.806,19,66,62,7,19,6,2,0,9,0,3,5,0,0,Ohio Valley,Home,0.088
Kendall Grover,Eastern Illinois,3B,0.302,0.362,0.453,0.815,15,58,53,13,16,2,0,2,11,2,3,6,2,2,Ohio Valley,Home,-0.091
Hailey Gotshall,Southern Indiana,2B,0.3,0.31,0.4,0.71,12,42,40,3,12,1,0,1,4,1,0,4,0,0,Ohio Valley,Home,0
Taikibrea Campbell,Morehead State,RF,0.3,0.344,0.433,0.777,11,33,30,3,9,4,0,0,7,1,1,8,0,0,Ohio Valley,Home,0.146
Ella Bishop,Tennessee Tech,SS,0.293,0.341,0.317,0.658,14,44,41,7,12,1,0,0,0,0,3,3,1,1,Ohio Valley,Home,0.086
Trinity Spear,Morehead State,CF,0.29,0.333,0.387,0.72,10,33,31,3,9,1,1,0,4,0,2,13,3,0,Ohio Valley,Home,0.129
Kendra Lewis,Morehead State,1B,0.289,0.4,0.316,0.716,14,46,38,6,11,1,0,0,3,0,7,10,2,0,Ohio Valley,Home,0.065
Jadin Justman,Eastern Illinois,DP,0.286,0.392,0.452,0.845,15,51,42,7,12,1,0,2,6,1,7,2,0,0,Ohio Valley,Home,-0.066
Sofia Carroll,Tennessee Tech,RF,0.282,0.364,0.41,0.774,15,45,39,5,11,3,1,0,6,1,4,1,0,0,Ohio Valley,Home,-0.004
Ilencia Lightbody,Morehead State,C,0.281,0.361,0.563,0.924,12,37,32,6,9,3,0,2,7,0,4,7,1,0,Ohio Valley,Home,0.054
Irelynn West,Lindenwood,LF,0.28,0.333,0.46,0.793,17,54,50,5,14,2,2,1,4,1,3,5,1,1,Ohio Valley,Home,0.002
Kaytlyn Cripps,Morehead State,C,0.273,0.286,0.333,0.619,12,35,33,2,9,2,0,0,1,0,1,3,0,0,Ohio Valley,Home,0.145
Madisen Noll,Lindenwood,SS,0.273,0.313,0.477,0.79,17,51,44,10,12,1,1,2,6,0,3,6,1,1,Ohio Valley,Home,0.093
Kennedy Brown,UT Martin,3B,0.268,0.328,0.286,0.614,20,61,56,8,15,1,0,0,4,0,5,14,7,0,Ohio Valley,Home,0.083
Sam Cervantes,Morehead State,SS,0.268,0.333,0.439,0.772,14,45,41,6,11,1,0,2,7,0,4,7,2,1,Ohio Valley,Home,0.097
Tatum Gerwitz,Southeast Missouri,RF,0.267,0.267,0.3,0.567,14,32,30,3,8,1,0,0,2,0,0,4,3,1,Ohio Valley,Home,0.034
Mackenzie Fitzgerald,Tennessee Tech,2B,0.263,0.276,0.263,0.539,15,58,57,11,15,0,0,0,5,1,0,4,10,0,Ohio Valley,Home,0.143
Ryla Traylor,Tennessee State,DP,0.259,0.295,0.397,0.692,19,61,58,10,15,2,3,0,8,0,3,10,0,0,Ohio Valley,Home,0.029
Megan Leonard,Western Illinois,LF,0.257,0.25,0.343,0.593,13,37,35,3,9,3,0,0,7,0,0,1,1,1,Ohio Valley,Home,0.022
Peyton Jordan,Morehead State,2B,0.256,0.267,0.326,0.592,14,47,43,5,11,1,1,0,3,0,1,1,3,0,Ohio Valley,Home,-0.037
Karson Davey,Eastern Illinois,CF,0.256,0.326,0.282,0.608,15,49,39,7,10,1,0,0,6,0,4,4,4,0,Ohio Valley,Home,-0.086
Alexis Woods,Tennessee State,2B,0.256,0.347,0.279,0.626,18,52,43,8,11,1,0,0,5,0,6,8,3,1,Ohio Valley,Home,0.036
Brittany Affolter,Southeast Missouri,LF,0.255,0.3,0.255,0.555,18,50,47,6,12,0,0,0,5,0,3,7,1,2,Ohio Valley,Home,-0.064
Onnika Spencer,Tennessee State,C,0.255,0.304,0.392,0.696,17,57,51,7,13,4,0,1,10,0,4,10,0,0,Ohio Valley,Home,-0.099
Kynzie Wrigley,Southeast Missouri,3B,0.243,0.333,0.405,0.739,17,42,37,4,9,1,1,1,6,1,4,8,0,0,Ohio Valley,Home,0.023
Grace Lueke,SIUE,3B,0.238,0.36,0.333,0.693,22,76,63,9,15,3,0,1,8,1,11,10,1,0,Ohio Valley,Home,-0.18
Danielle Shuey,SIUE,CF,0.238,0.304,0.262,0.566,19,48,42,9,10,1,0,0,2,1,3,4,1,1,Ohio Valley,Home,0.054
Chloe Honchar,Lindenwood,3B,0.233,0.327,0.302,0.629,16,50,43,5,10,1,1,0,2,3,3,8,3,1,Ohio Valley,Home,-0.05
Jasmine Blackburn,Tennessee State,CF,0.231,0.268,0.308,0.576,19,56,52,9,12,0,2,0,6,0,3,8,2,0,Ohio Valley,Home,-0.04
Peyton Fointno,Tennessee State,1B,0.229,0.345,0.292,0.636,19,61,48,11,11,3,0,0,7,0,9,10,0,0,Ohio Valley,Home,0.135
McKenzie Oslanzi,Eastern Illinois,P,0.226,0.366,0.258,0.624,14,41,31,3,7,1,0,0,5,1,7,8,0,0,Ohio Valley,Home,-0.085
Abby Shoulders,Tennessee Tech,CF,0.224,0.222,0.224,0.447,15,55,49,6,11,0,0,0,6,0,1,3,7,0,Ohio Valley,Home,-0.104
Tori Hatton,Lindenwood,1B,0.217,0.315,0.239,0.554,17,56,46,1,10,1,0,0,7,1,6,4,0,0,Ohio Valley,Home,-0.01
Maddi Long,UT Martin,C,0.214,0.277,0.333,0.61,19,47,42,4,9,2,0,1,5,0,4,5,0,0,Ohio Valley,Home,-0.051
Sela Pickford,Morehead State,3B,0.214,0.25,0.262,0.512,14,47,42,7,9,2,0,0,2,0,2,6,5,0,Ohio Valley,Home,0.014
Morgan Gersch,Lindenwood,C,0.207,0.343,0.241,0.584,15,37,29,3,6,1,0,0,0,1,5,4,3,0,Ohio Valley,Home,0.007
Mya Bethany,Lindenwood,CF,0.2,0.321,0.267,0.587,17,57,45,9,9,1,1,0,3,1,7,9,6,0,Ohio Valley,Home,-0.113
Avry Blume,UT Martin,CF,0.173,0.259,0.269,0.528,21,59,52,14,9,0,1,1,4,1,5,12,7,0,Ohio Valley,Home,-0.137
Marama Makea,Eastern Illinois,2B,0.172,0.226,0.172,0.398,13,33,29,6,5,0,0,0,2,1,1,8,2,0,Ohio Valley,Home,-0.105
Kaylynn Salyars,SIUE,2B,0.16,0.222,0.18,0.402,22,57,50,6,8,1,0,0,5,1,3,9,2,1,Ohio Valley,Home,0.024
Kennedy Nalley,Southern Indiana,LF,0,0.12,0,0.12,11,26,22,3,0,0,0,0,0,0,3,2,0,0,Ohio Valley,Home,-0.282
Kaci Fuller,UT Martin,LF,0.463,0.513,0.597,1.11,19,76,67,12,31,3,3,0,15,1,7,6,9,1,Ohio Valley,Away,
Paige Rocha,SIUE,SS,0.453,0.506,0.68,1.186,21,83,75,22,34,11,0,2,8,1,7,12,2,1,Ohio Valley,Away,
Grace Lueke,SIUE,3B,0.418,0.494,0.537,1.031,21,77,67,10,28,5,0,1,16,0,10,5,1,0,Ohio Valley,Away,
Kendall Grover,Eastern Illinois,3B,0.393,0.454,0.774,1.227,24,97,84,22,33,12,1,6,29,3,8,2,10,1,Ohio Valley,Away,
Mackenzie Fitzgerald,Tennessee Tech,2B,0.372,0.402,0.449,0.851,20,82,78,27,29,4,1,0,3,0,4,7,21,0,Ohio Valley,Away,
Carmen Betts,Tennessee Tech,3B,0.369,0.436,0.508,0.944,20,78,65,11,24,4,1,1,21,0,10,4,0,0,Ohio Valley,Away,
Sammie Kihega,Southern Indiana,C,0.364,0.446,0.691,1.137,18,65,55,10,20,9,0,3,13,1,8,8,0,0,Ohio Valley,Away,
Lexi Fair,Southern Indiana,1B,0.364,0.444,0.6,1.044,18,65,55,7,20,8,1,1,12,3,5,3,0,0,Ohio Valley,Away,
Onnika Spencer,Tennessee State,C,0.354,0.404,0.625,1.029,16,52,48,7,17,4,0,3,12,0,4,10,1,0,Ohio Valley,Away,
Jadin Justman,Eastern Illinois,DP,0.352,0.461,0.592,1.052,24,90,71,12,25,5,0,4,16,2,14,4,0,0,Ohio Valley,Away,
Abigail Rickermann,Southeast Missouri,2B,0.349,0.44,0.372,0.812,17,51,43,11,15,1,0,0,2,2,5,2,4,0,Ohio Valley,Away,
Karson Davey,Eastern Illinois,CF,0.342,0.359,0.411,0.77,23,83,73,13,25,5,0,0,8,0,3,2,8,2,Ohio Valley,Away,
Aubrie Shore,Southeast Missouri,1B,0.339,0.406,0.441,0.846,21,69,59,6,20,6,0,0,9,0,8,9,1,1,Ohio Valley,Away,
Katie Dreiling,UT Martin,1B,0.338,0.389,0.462,0.85,19,72,65,4,22,5,0,1,12,0,6,12,0,0,Ohio Valley,Away,
Paige Halliwill,Southeast Missouri,CF,0.333,0.386,0.429,0.814,21,72,63,13,21,0,0,2,7,2,4,6,5,0,Ohio Valley,Away,
Abby Shoulders,Tennessee Tech,CF,0.328,0.431,0.426,0.857,20,78,61,16,20,3,0,1,14,2,9,3,15,3,Ohio Valley,Away,
Jenna Herron,SIUE,LF,0.323,0.384,0.431,0.814,21,78,65,13,21,7,0,0,9,0,7,6,3,0,Ohio Valley,Away,
Brittany Affolter,Southeast Missouri,LF,0.319,0.373,0.34,0.713,19,52,47,7,15,1,0,0,9,1,3,10,3,0,Ohio Valley,Away,
Mya Bethany,Lindenwood,CF,0.313,0.396,0.35,0.746,25,91,80,8,25,3,0,0,9,0,11,9,4,2,Ohio Valley,Away,
Nahtali Simpson,Tennessee State,SS,0.313,0.45,0.458,0.908,19,60,48,10,15,4,0,1,7,2,10,11,2,1,Ohio Valley,Away,
McKenzie Oslanzi,Eastern Illinois,P,0.311,0.386,0.525,0.91,22,70,61,6,19,4,0,3,19,2,6,14,0,0,Ohio Valley,Away,
Sydney Kirby,Tennessee Tech,1B,0.311,0.377,0.508,0.885,18,69,61,6,19,6,0,2,17,1,6,7,2,1,Ohio Valley,Away,
Avry Blume,UT Martin,CF,0.31,0.354,0.414,0.768,18,66,58,10,18,6,0,0,9,0,5,4,3,1,Ohio Valley,Away,
Bella Alvarez,Western Illinois,1B,0.303,0.369,0.408,0.777,27,84,76,6,23,5,0,1,13,3,5,14,0,0,Ohio Valley,Away,
Lauryn Yslava,SIUE,RF,0.302,0.378,0.492,0.87,21,74,63,12,19,3,0,3,12,4,5,5,4,0,Ohio Valley,Away,
Kat Sackett,Southeast Missouri,C,0.3,0.364,0.48,0.844,20,55,50,10,15,6,0,1,11,0,5,6,3,0,Ohio Valley,Away,
Hailey Gotshall,Southern Indiana,2B,0.3,0.328,0.45,0.778,18,66,60,4,18,7,1,0,6,0,3,13,0,0,Ohio Valley,Away,
Peyton Jordan,Morehead State,2B,0.293,0.293,0.448,0.741,20,59,58,6,17,4,1,1,7,0,0,9,3,0,Ohio Valley,Away,
Caroline Stapleton,Southern Indiana,RF,0.293,0.339,0.362,0.701,18,63,58,11,17,2,1,0,0,0,4,13,1,0,Ohio Valley,Away,
Marissa Peek,Southeast Missouri,C,0.286,0.367,0.595,0.963,18,49,42,9,12,4,0,3,11,0,6,7,0,0,Ohio Valley,Away,
Sofia Carroll,Tennessee Tech,RF,0.286,0.362,0.381,0.743,14,48,42,4,12,4,0,0,7,0,5,2,2,0,Ohio Valley,Away,
Chloe Honchar,Lindenwood,3B,0.283,0.394,0.333,0.728,22,73,60,8,17,1,1,0,6,7,4,6,3,2,Ohio Valley,Away,
Rachel Kaufman,Eastern Illinois,1B,0.282,0.366,0.423,0.789,24,93,78,12,22,5,0,2,15,0,12,10,3,0,Ohio Valley,Away,
Kennedy Nalley,Southern Indiana,LF,0.282,0.349,0.41,0.759,15,44,39,4,11,2,0,1,4,0,4,4,1,2,Ohio Valley,Away,
Rylee Boone,Western Illinois,RF,0.281,0.293,0.281,0.574,20,58,57,6,16,0,0,0,0,0,1,9,4,1,Ohio Valley,Away,
Irelynn West,Lindenwood,LF,0.278,0.342,0.333,0.675,24,80,72,13,20,4,0,0,13,0,7,11,6,2,Ohio Valley,Away,
Marama Makea,Eastern Illinois,2B,0.277,0.393,0.34,0.733,21,60,47,12,13,3,0,0,2,3,6,9,3,1,Ohio Valley,Away,
Briana Gonzalez,Eastern Illinois,SS,0.274,0.337,0.507,0.844,24,83,73,13,20,2,0,5,18,1,7,9,3,0,Ohio Valley,Away,
Jasmine Blackburn,Tennessee State,CF,0.271,0.309,0.313,0.622,19,57,48,7,13,0,1,0,7,1,3,9,1,0,Ohio Valley,Away,
Anna Blanton,UT Martin,RF,0.268,0.286,0.317,0.603,14,42,41,5,11,0,1,0,3,0,1,6,4,0,Ohio Valley,Away,
Maddi Long,UT Martin,C,0.265,0.288,0.306,0.595,16,52,49,2,13,2,0,0,10,0,2,7,0,0,Ohio Valley,Away,
Malia Robertson,Western Illinois,CF,0.261,0.261,0.375,0.636,27,88,88,11,23,5,1,1,11,0,0,9,10,1,Ohio Valley,Away,
Gabriela Drager,Western Illinois,2B,0.26,0.296,0.32,0.616,21,55,50,4,13,3,0,0,5,2,1,8,2,0,Ohio Valley,Away,
Emma Henderson,SIUE,1B,0.25,0.3,0.432,0.732,17,50,44,5,11,2,0,2,6,0,4,8,0,0,Ohio Valley,Away,
Megan Leonard,Western Illinois,LF,0.235,0.25,0.275,0.525,23,53,51,4,12,2,0,0,6,0,1,2,3,0,Ohio Valley,Away,
Sophia Sanchez,Western Illinois,SS,0.235,0.278,0.279,0.557,25,72,68,10,16,3,0,0,3,0,4,9,3,1,Ohio Valley,Away,
Tatum Gerwitz,Southeast Missouri,RF,0.233,0.303,0.267,0.57,17,35,30,3,7,1,0,0,5,0,3,5,4,0,Ohio Valley,Away,
Ryla Traylor,Tennessee State,DP,0.23,0.288,0.246,0.534,19,66,61,8,14,1,0,0,7,2,3,12,1,0,Ohio Valley,Away,
Anna Henderson,SIUE,C,0.229,0.257,0.286,0.542,21,76,70,3,16,1,0,1,10,0,3,5,0,0,Ohio Valley,Away,
Ilencia Lightbody,Morehead State,C,0.227,0.346,0.364,0.71,20,55,44,8,10,3,0,1,5,1,7,17,6,1,Ohio Valley,Away,
Tori Hatton,Lindenwood,1B,0.227,0.284,0.293,0.577,25,82,75,5,17,2,0,1,7,0,6,11,0,0,Ohio Valley,Away,
Kendra Lewis,Morehead State,1B,0.224,0.333,0.286,0.619,21,57,49,3,11,3,0,0,2,0,8,24,0,1,Ohio Valley,Away,
Laila Armstrong,Tennessee State,RF,0.222,0.279,0.286,0.565,19,69,63,12,14,0,2,0,6,1,4,7,1,1,Ohio Valley,Away,
Kynzie Wrigley,Southeast Missouri,3B,0.22,0.231,0.26,0.491,19,53,50,6,11,2,0,0,5,0,1,7,1,1,Ohio Valley,Away,
Alexis Woods,Tennessee State,2B,0.22,0.316,0.22,0.536,19,59,50,11,11,0,0,0,0,0,7,9,5,0,Ohio Valley,Away,
Anayah Baker-Rowell,Tennessee State,3B,0.218,0.302,0.291,0.592,19,66,55,7,12,2,1,0,6,0,7,11,0,0,Ohio Valley,Away,
Ella Bishop,Tennessee Tech,SS,0.207,0.258,0.207,0.465,18,63,58,7,12,0,0,0,4,0,4,8,1,0,Ohio Valley,Away,
Alli Robinson,UT Martin,2B,0.204,0.412,0.286,0.697,19,68,49,7,10,4,0,0,4,4,14,6,0,0,Ohio Valley,Away,
Morgan Gersch,Lindenwood,C,0.2,0.263,0.229,0.492,19,39,35,3,7,1,0,0,1,0,3,8,0,0,Ohio Valley,Away,
Sela Pickford,Morehead State,3B,0.2,0.234,0.3,0.534,21,66,60,5,12,4,1,0,6,0,3,9,3,0,Ohio Valley,Away,
Jordan Key,Tennessee Tech,LF,0.195,0.214,0.22,0.434,15,42,41,3,8,1,0,0,0,0,1,4,1,0,Ohio Valley,Away,
Valerie Combs,Western Illinois,C,0.188,0.23,0.29,0.52,25,75,69,5,13,2,1,1,9,2,2,12,6,0,Ohio Valley,Away,
Kennedy Brown,UT Martin,3B,0.185,0.241,0.259,0.501,18,59,54,6,10,0,2,0,4,0,4,17,2,0,Ohio Valley,Away,
Danielle Shuey,SIUE,CF,0.184,0.22,0.184,0.404,17,44,38,6,7,0,0,0,2,0,2,7,2,0,Ohio Valley,Away,
Aryn Henke,Eastern Illinois,C,0.182,0.368,0.227,0.596,22,61,44,12,8,2,0,0,9,0,13,10,0,1,Ohio Valley,Away,
Sydney Dennis,Southeast Missouri,SS,0.18,0.255,0.22,0.475,20,56,50,9,9,2,0,0,3,0,5,6,1,1,Ohio Valley,Away,
Madisen Noll,Lindenwood,SS,0.18,0.242,0.197,0.439,23,70,61,4,11,1,0,0,5,1,4,14,1,1,Ohio Valley,Away,
Mackenzie Bedrick,Southern Indiana,CF,0.175,0.224,0.175,0.398,18,69,63,5,11,0,0,0,0,1,3,9,2,2,Ohio Valley,Away,
Sam Cervantes,Morehead State,SS,0.171,0.234,0.171,0.405,18,48,41,2,7,0,0,0,3,0,4,11,1,0,Ohio Valley,Away,
Trinity Spear,Morehead State,CF,0.161,0.213,0.25,0.463,21,61,56,4,9,0,1,1,1,0,4,26,2,2,Ohio Valley,Away,
Taikibrea Campbell,Morehead State,RF,0.154,0.214,0.179,0.394,16,42,39,0,6,1,0,0,2,1,2,18,1,0,Ohio Valley,Away,
Dallis Darnell,Lindenwood,2B,0.153,0.197,0.181,0.378,25,78,72,10,11,2,0,0,1,0,4,7,2,0,Ohio Valley,Away,
Darlene Montoya,Morehead State,CF,0.136,0.164,0.186,0.35,20,61,59,5,8,3,0,0,0,0,2,17,4,0,Ohio Valley,Away,
Kaylynn Salyars,SIUE,2B,0.136,0.208,0.182,0.39,20,51,44,4,6,2,0,0,2,0,4,7,1,0,Ohio Valley,Away,
Kaytlyn Cripps,Morehead State,C,0.128,0.128,0.234,0.362,16,47,47,5,6,2,0,1,6,0,0,6,1,0,Ohio Valley,Away,
Peyton Fointno,Tennessee State,1B,0.094,0.186,0.113,0.3,19,62,53,5,5,1,0,0,6,2,4,7,0,0,Ohio Valley,Away,
Maya Brady,UCLA,SS,0.515,0.585,0.955,1.54,23,82,66,26,34,8,0,7,31,3,11,4,2,1,Pacific-12,Home,0.111
Abby Dayton,Utah,CF,0.51,0.612,0.804,1.416,20,67,51,16,26,5,5,0,9,0,15,0,6,0,Pacific-12,Home,0.183
Tatum Anzaldo,California,3B,0.479,0.525,0.761,1.286,22,82,71,22,34,8,0,4,16,0,8,4,9,4,Pacific-12,Home,0.134
Kailee Luschar,Oregon,LF,0.452,0.5,0.5,1,18,69,62,20,28,1,1,0,7,1,5,3,10,3,Pacific-12,Home,0.164
Regan Shockey,Arizona,CF,0.442,0.463,0.442,0.905,31,109,104,25,46,0,0,0,14,0,4,11,6,1,Pacific-12,Home,0.087
Kaylah Nelsen,Utah,1B,0.429,0.441,0.54,0.981,20,69,63,4,27,4,0,1,13,0,3,1,0,0,Pacific-12,Home,0.064
Haley Denning,Utah,LF,0.419,0.438,0.516,0.954,20,67,62,14,26,2,2,0,6,0,2,3,5,4,Pacific-12,Home,0.074
Dakota Kennedy,Arizona,LF,0.406,0.504,0.656,1.161,31,119,96,28,39,6,0,6,13,1,19,11,4,2,Pacific-12,Home,0.038
Tanya Windle,Arizona State,RF,0.394,0.42,0.521,0.941,31,100,94,18,37,7,1,1,18,2,3,6,7,0,Pacific-12,Home,0.053
Emily Schepp,Arizona,C,0.394,0.436,0.676,1.112,27,79,71,15,28,6,1,4,20,2,4,6,1,1,Pacific-12,Home,0.181
Jadelyn Allchin,UCLA,LF,0.391,0.455,0.594,1.048,23,79,64,19,25,1,3,2,20,6,4,5,5,0,Pacific-12,Home,0.108
Ariel Carlson,Oregon,RF,0.379,0.418,0.776,1.194,18,67,58,17,22,5,0,6,17,0,6,17,8,1,Pacific-12,Home,0.039
Carlie Scupin,Arizona,1B,0.378,0.464,0.678,1.142,31,112,90,14,34,3,0,8,35,7,11,18,0,0,Pacific-12,Home,0.067
Mika Lee,California,CF,0.366,0.386,0.61,0.996,18,44,41,11,15,5,1,1,7,0,2,8,0,0,Pacific-12,Home,0.048
Alyssa Daniell,Oregon,1B,0.364,0.367,0.709,1.076,18,62,55,14,20,5,1,4,18,0,2,6,1,0,Pacific-12,Home,0.133
Emily Jones,Stanford,CF,0.364,0.394,0.477,0.871,32,97,88,12,32,5,1,1,12,0,5,7,7,0,Pacific-12,Home,0.057
Rylee Holtorf,Washington,SS,0.362,0.415,0.766,1.181,15,53,47,11,17,3,2,4,11,1,4,5,3,1,Pacific-12,Home,0.035
Kelsey Hall,Arizona State,CF,0.351,0.448,0.532,0.98,34,116,94,24,33,7,2,2,13,5,14,23,4,1,Pacific-12,Home,0.018
Kayla Lissy,Arizona State,3B,0.347,0.423,0.6,1.023,34,111,95,23,33,7,4,3,17,3,11,20,11,0,Pacific-12,Home,0.142
Olivia DiNardo,Arizona,DP,0.341,0.42,0.741,1.161,30,100,85,15,29,4,0,10,25,0,13,17,0,0,Pacific-12,Home,0.141
Sharlize Palacios,UCLA,C,0.339,0.443,0.768,1.211,23,70,56,11,19,1,1,7,30,1,11,7,0,0,Pacific-12,Home,-0.052
Emma Kauf,Oregon,C,0.333,0.346,0.529,0.876,17,52,51,7,17,4,0,2,8,0,1,3,0,1,Pacific-12,Home,0.045
Kinsey Fiedler,Washington,3B,0.333,0.404,0.548,0.952,15,47,42,10,14,3,0,2,7,1,4,12,3,1,Pacific-12,Home,0.047
Lagi Quiroga,California,C,0.333,0.394,0.746,1.14,22,74,63,13,21,2,0,8,11,0,7,10,3,1,Pacific-12,Home,0.055
Alesia Denby,Arizona State,SS,0.33,0.447,0.813,1.261,34,114,91,25,30,7,2,11,28,7,14,19,3,1,Pacific-12,Home,0.159
Aliya Belarde,Utah,2B,0.328,0.366,0.453,0.819,20,71,64,15,21,3,1,1,6,0,5,5,3,1,Pacific-12,Home,0.013
Sophie Jacquez,Utah,DH,0.325,0.383,0.45,0.833,17,47,40,2,13,3,1,0,18,0,5,1,0,1,Pacific-12,Home,0.069
Kaiah Altmeyer,Arizona,RF,0.318,0.418,0.568,0.986,22,55,44,15,14,2,0,3,17,0,9,5,4,0,Pacific-12,Home,-0.009
Tianna Bell,California,1B,0.318,0.387,0.636,1.023,22,75,66,8,21,3,0,6,17,2,6,19,1,0,Pacific-12,Home,0.026
Taryn Kern,Stanford,2B,0.314,0.487,0.535,1.022,32,115,86,18,27,5,1,4,16,8,21,23,2,0,Pacific-12,Home,0.04
Janelle Meono,UCLA,CF,0.313,0.5,0.313,0.813,19,45,32,19,10,0,0,0,0,1,11,2,1,0,Pacific-12,Home,0.108
Acacia Anders,California,SS,0.313,0.382,0.627,1.008,22,76,67,11,21,5,2,4,16,2,6,11,1,0,Pacific-12,Home,-0.014
Olivia Johnson,Washington,C,0.313,0.405,0.438,0.843,15,42,32,4,10,1,0,1,6,0,5,6,0,0,Pacific-12,Home,-0.003
Paige Doerr,Oregon State,LF,0.313,0.371,0.406,0.778,12,36,32,2,10,0,0,1,3,1,2,6,1,1,Pacific-12,Home,0.143
Grace Messmer,Oregon State,3B,0.306,0.39,0.472,0.862,13,43,36,2,11,4,1,0,6,0,5,7,1,0,Pacific-12,Home,0.056
KK Humphreys,Oregon,2B,0.306,0.352,0.551,0.903,18,55,49,10,15,0,0,4,14,0,4,9,5,0,Pacific-12,Home,0.006
Elon Butler,California,2B,0.302,0.375,0.619,0.994,22,74,63,13,19,5,0,5,10,0,8,16,0,1,Pacific-12,Home,-0.045
Jordan Woolery,UCLA,1B,0.302,0.38,0.54,0.92,23,71,63,7,19,4,1,3,14,2,6,9,0,0,Pacific-12,Home,0.024
Audrey LeClair,Arizona State,1B,0.297,0.4,0.469,0.869,29,75,64,19,19,4,2,1,4,1,10,10,11,2,Pacific-12,Home,0.027
Blaise Biringer,Arizona,3B,0.291,0.413,0.453,0.867,31,105,86,26,25,9,1,1,13,3,15,13,2,0,Pacific-12,Home,0.084
River Mahler,Stanford,SS,0.288,0.376,0.388,0.764,32,94,80,14,23,2,3,0,13,0,12,26,0,0,Pacific-12,Home,0
Jillian Celis,Washington,2B,0.283,0.333,0.413,0.746,15,51,46,5,13,3,0,1,4,0,4,10,1,0,Pacific-12,Home,-0.009
Caelan Koch,Stanford,DP,0.282,0.33,0.424,0.753,32,92,85,6,24,7,1,1,9,1,5,16,1,0,Pacific-12,Home,0.016
Thessa Malau'ulu,UCLA,3B,0.279,0.38,0.326,0.706,19,51,43,13,12,2,0,0,5,2,5,4,0,0,Pacific-12,Home,-0.01
Savannah Pola,UCLA,DP,0.277,0.358,0.298,0.656,19,53,47,4,13,1,0,0,10,1,5,5,0,0,Pacific-12,Home,-0.026
Shonty Passi,Utah,SS,0.277,0.37,0.383,0.753,20,55,47,10,13,2,0,1,7,1,6,6,1,0,Pacific-12,Home,0.021
Kaylee Pond,California,LF,0.276,0.403,0.483,0.886,22,73,58,6,16,6,0,2,7,3,10,6,2,0,Pacific-12,Home,-0.03
Tehya Bird,Oregon,3B,0.276,0.364,0.483,0.846,12,34,29,2,8,3,0,1,4,1,3,6,1,0,Pacific-12,Home,0.069
Kyra Chan,Stanford,LF,0.276,0.354,0.31,0.664,22,67,58,10,16,2,0,0,4,0,7,10,0,0,Pacific-12,Home,-0.091
Jordyn Vanhook,Arizona State,DP,0.273,0.31,0.473,0.783,26,59,55,4,15,5,0,2,15,0,3,14,0,0,Pacific-12,Home,0.062
Jade Berry,Stanford,3B,0.27,0.393,0.459,0.853,32,89,74,15,20,6,1,2,17,0,15,16,1,0,Pacific-12,Home,0.028
Sydney Stewart,Washington,C,0.265,0.419,0.471,0.889,15,44,34,6,9,1,0,2,5,1,8,7,0,0,Pacific-12,Home,-0.2
Alana Johnson,Washington,RF,0.262,0.367,0.69,1.058,15,49,42,8,11,3,0,5,12,0,7,9,1,0,Pacific-12,Home,-0.078
Vallery Wong,Oregon,C,0.26,0.339,0.54,0.879,18,57,50,10,13,2,0,4,14,3,3,6,0,0,Pacific-12,Home,-0.049
Megan Grant,UCLA,RF,0.258,0.36,0.452,0.812,23,75,62,9,16,1,1,3,14,1,10,12,0,0,Pacific-12,Home,0.003
Avery Hobson,Washington,LF,0.257,0.366,0.286,0.652,15,44,35,6,9,1,0,0,0,0,6,7,3,2,Pacific-12,Home,0.012
Paige Sinicki,Oregon,SS,0.257,0.395,0.343,0.738,18,46,35,10,9,3,0,0,4,2,6,5,7,0,Pacific-12,Home,-0.006
Eliana Gottlieb,Oregon State,RF,0.256,0.286,0.282,0.568,13,42,39,3,10,1,0,0,2,0,2,10,0,1,Pacific-12,Home,-0.072
Ava Gall,Stanford,1B,0.245,0.333,0.426,0.759,32,108,94,10,23,2,0,5,19,1,12,17,0,0,Pacific-12,Home,-0.058
Allie Skaggs,Arizona,2B,0.241,0.382,0.41,0.792,31,103,83,15,20,3,1,3,12,0,19,19,2,1,Pacific-12,Home,-0.118
Kyndal Todd,California,RF,0.241,0.333,0.241,0.575,16,36,29,2,7,0,0,0,0,1,3,7,0,0,Pacific-12,Home,0.001
Libby Walsh,Arizona State,2B,0.235,0.342,0.426,0.768,33,81,68,15,16,2,1,3,19,7,4,20,4,0,Pacific-12,Home,0.096
Brooklyn Carter,Washington,CF,0.231,0.231,0.231,0.462,10,26,26,4,6,0,0,0,1,0,0,7,7,0,Pacific-12,Home,-0.045
Brooke Nelson,Washington,1B,0.222,0.341,0.444,0.785,15,45,36,2,8,3,1,1,7,0,7,2,1,0,Pacific-12,Home,-0.299
Tayler Biehl,Arizona,SS,0.219,0.32,0.391,0.711,29,78,64,15,14,1,2,2,12,4,6,12,0,1,Pacific-12,Home,-0.039
Aly Kaneshiro,Stanford,C,0.215,0.305,0.366,0.67,32,105,93,12,20,5,0,3,12,4,8,9,1,0,Pacific-12,Home,-0.14
Madison Simon,Oregon State,CF,0.214,0.436,0.429,0.864,13,39,28,6,6,1,1,1,3,2,9,11,0,0,Pacific-12,Home,-0.03
Sara Kinch,Arizona State,C,0.211,0.309,0.394,0.703,32,81,71,11,15,4,0,3,13,3,7,17,0,0,Pacific-12,Home,-0.059
Abby Doerr,Oregon State,C,0.194,0.237,0.306,0.542,13,38,36,2,7,1,0,1,4,0,2,7,0,0,Pacific-12,Home,-0.114
Kiki Escobar,Oregon State,2B,0.185,0.207,0.185,0.392,13,29,27,1,5,0,0,0,2,0,1,5,0,0,Pacific-12,Home,0.027
Lici Campbell,Oregon State,1B,0.158,0.238,0.342,0.58,13,42,38,6,6,1,0,2,3,0,4,8,0,0,Pacific-12,Home,-0.088
Savanah Whatley,Oregon State,SS,0.136,0.174,0.136,0.31,12,23,22,3,3,0,0,0,0,0,1,7,0,0,Pacific-12,Home,-0.064
Julia Jimenez,Utah,3B,0.085,0.283,0.149,0.432,20,62,47,4,4,0,0,1,10,1,12,2,0,0,Pacific-12,Home,-0.213
Seneca Curo,UCLA,2B,0.081,0.227,0.135,0.362,20,46,37,7,3,0,1,0,1,0,7,9,0,1,Pacific-12,Home,-0.141
Brooke Nelson,Washington,1B,0.521,0.582,1.25,1.832,15,56,48,15,25,2,0,11,23,0,7,7,0,0,Pacific-12,Away,
Sydney Stewart,Washington,C,0.465,0.531,0.814,1.345,14,49,43,9,20,7,1,2,8,0,6,4,2,1,Pacific-12,Away,
Maya Brady,UCLA,SS,0.404,0.5,0.788,1.288,17,66,52,19,21,2,0,6,20,4,8,10,5,0,Pacific-12,Away,
Sharlize Palacios,UCLA,C,0.391,0.533,0.891,1.425,17,60,46,10,18,2,0,7,16,1,13,10,0,0,Pacific-12,Away,
Dakota Kennedy,Arizona,LF,0.368,0.532,0.632,1.164,20,78,57,16,21,3,0,4,15,0,20,6,2,0,Pacific-12,Away,
Kyra Chan,Stanford,LF,0.367,0.433,0.567,1,20,67,60,6,22,3,3,1,13,0,7,4,0,0,Pacific-12,Away,
Kaylah Nelsen,Utah,1B,0.365,0.421,0.462,0.883,16,57,52,7,19,5,0,0,11,0,5,2,2,0,Pacific-12,Away,
Allie Skaggs,Arizona,2B,0.359,0.423,0.859,1.282,20,72,64,15,23,0,1,10,27,0,7,11,0,1,Pacific-12,Away,
Aly Kaneshiro,Stanford,C,0.355,0.41,0.592,1.002,23,83,76,16,27,6,0,4,17,1,6,4,0,0,Pacific-12,Away,
Regan Shockey,Arizona,CF,0.355,0.38,0.382,0.761,20,79,76,14,27,2,0,0,10,0,3,12,1,0,Pacific-12,Away,
Elon Butler,California,2B,0.347,0.421,0.837,1.258,17,58,49,12,17,3,0,7,16,2,5,11,1,0,Pacific-12,Away,
Haley Denning,Utah,LF,0.345,0.367,0.379,0.746,16,60,58,12,20,2,0,0,5,1,1,5,2,2,Pacific-12,Away,
Tatum Anzaldo,California,3B,0.345,0.406,0.362,0.768,16,64,58,10,20,1,0,0,1,0,6,8,5,1,Pacific-12,Away,
Tanya Windle,Arizona State,RF,0.341,0.372,0.415,0.787,15,44,41,5,14,3,0,0,7,1,1,4,2,1,Pacific-12,Away,
Ariel Carlson,Oregon,RF,0.34,0.435,0.755,1.19,16,62,53,11,18,4,0,6,18,1,8,9,4,1,Pacific-12,Away,
Alana Johnson,Washington,RF,0.34,0.389,0.64,1.029,15,55,50,11,17,0,0,5,12,0,4,4,0,1,Pacific-12,Away,
Kelsey Hall,Arizona State,CF,0.333,0.404,0.622,1.026,15,52,45,12,15,1,0,4,6,1,5,8,3,0,Pacific-12,Away,
Eliana Gottlieb,Oregon State,RF,0.328,0.377,0.469,0.846,20,72,64,8,21,1,1,2,4,1,4,7,1,0,Pacific-12,Away,
Acacia Anders,California,SS,0.327,0.422,0.509,0.931,17,64,55,10,18,4,0,2,7,3,6,8,0,0,Pacific-12,Away,
Rylee Holtorf,Washington,SS,0.327,0.417,0.692,1.109,15,60,52,14,17,4,0,5,8,0,8,8,1,0,Pacific-12,Away,
Abby Dayton,Utah,CF,0.327,0.431,0.347,0.778,16,59,49,9,16,1,0,0,8,1,8,8,2,0,Pacific-12,Away,
Kaiah Altmeyer,Arizona,RF,0.327,0.389,0.51,0.899,18,54,49,9,16,1,1,2,5,0,5,2,1,0,Pacific-12,Away,
Mika Lee,California,CF,0.318,0.333,0.636,0.97,14,45,44,7,14,2,0,4,7,1,0,4,3,1,Pacific-12,Away,
Megan Grant,UCLA,RF,0.317,0.379,0.533,0.912,17,66,60,9,19,4,0,3,13,0,6,13,0,0,Pacific-12,Away,
Olivia Johnson,Washington,C,0.316,0.4,0.579,0.979,13,45,38,8,12,1,0,3,9,0,6,10,0,0,Pacific-12,Away,
Aliya Belarde,Utah,2B,0.315,0.393,0.407,0.801,16,62,54,12,17,0,1,1,6,0,7,3,4,0,Pacific-12,Away,
Carlie Scupin,Arizona,1B,0.311,0.394,0.574,0.968,20,71,61,8,19,4,0,4,18,2,7,13,0,0,Pacific-12,Away,
Vallery Wong,Oregon,C,0.309,0.339,0.436,0.775,16,59,55,7,17,7,0,0,5,1,2,8,0,0,Pacific-12,Away,
Abby Doerr,Oregon State,C,0.308,0.357,0.346,0.703,19,57,52,0,16,2,0,0,3,1,3,7,0,0,Pacific-12,Away,
Emily Jones,Stanford,CF,0.307,0.346,0.373,0.719,23,83,75,16,23,2,0,1,9,1,4,8,5,0,Pacific-12,Away,
Kaylee Pond,California,LF,0.306,0.393,0.49,0.883,17,58,49,5,15,3,0,2,4,0,7,5,1,0,Pacific-12,Away,
Savannah Pola,UCLA,DP,0.303,0.361,0.424,0.785,15,36,33,8,10,4,0,0,6,2,1,4,0,0,Pacific-12,Away,
Ava Gall,Stanford,1B,0.303,0.376,0.474,0.85,22,85,76,10,23,1,0,4,14,0,9,6,0,0,Pacific-12,Away,
KK Humphreys,Oregon,2B,0.3,0.417,0.475,0.892,16,48,40,11,12,1,0,2,7,1,7,5,2,2,Pacific-12,Away,
Julia Jimenez,Utah,3B,0.298,0.365,0.66,1.025,16,53,47,7,14,3,1,4,17,1,4,4,0,0,Pacific-12,Away,
Jillian Celis,Washington,2B,0.292,0.368,0.583,0.952,15,57,48,13,14,5,0,3,13,0,7,6,1,0,Pacific-12,Away,
Tianna Bell,California,1B,0.292,0.382,0.458,0.84,17,56,48,6,14,2,0,2,6,1,6,7,0,2,Pacific-12,Away,
Thessa Malau'ulu,UCLA,3B,0.289,0.32,0.311,0.631,17,52,45,7,13,1,0,0,5,0,3,5,1,1,Pacific-12,Away,
Emma Kauf,Oregon,C,0.288,0.362,0.442,0.804,16,58,52,9,15,2,0,2,8,2,4,7,3,2,Pacific-12,Away,
Kailee Luschar,Oregon,LF,0.288,0.323,0.339,0.662,16,63,59,12,17,1,1,0,2,0,3,4,6,1,Pacific-12,Away,
River Mahler,Stanford,SS,0.288,0.333,0.407,0.74,22,67,59,10,17,3,2,0,6,0,4,10,3,0,Pacific-12,Away,
Kinsey Fiedler,Washington,3B,0.286,0.434,0.548,0.982,15,54,42,9,12,2,0,3,6,1,10,8,1,2,Pacific-12,Away,
Jadelyn Allchin,UCLA,LF,0.283,0.302,0.417,0.718,17,64,60,11,17,2,0,2,4,0,2,8,4,0,Pacific-12,Away,
Jordan Woolery,UCLA,1B,0.278,0.381,0.519,0.899,17,63,54,6,15,1,0,4,9,2,7,8,0,0,Pacific-12,Away,
Lagi Quiroga,California,C,0.278,0.322,0.667,0.989,17,61,54,8,15,3,0,6,12,0,4,7,1,0,Pacific-12,Away,
Brooklyn Carter,Washington,CF,0.276,0.276,0.31,0.586,10,30,29,3,8,1,0,0,2,0,0,1,3,0,Pacific-12,Away,
Taryn Kern,Stanford,2B,0.274,0.495,0.613,1.107,23,91,62,22,17,4,4,3,14,7,21,17,1,0,Pacific-12,Away,
Audrey LeClair,Arizona State,1B,0.27,0.341,0.351,0.693,15,43,37,5,10,1,1,0,0,0,4,4,3,0,Pacific-12,Away,
Sara Kinch,Arizona State,C,0.27,0.308,0.514,0.821,14,40,37,3,10,3,0,2,8,1,1,10,0,0,Pacific-12,Away,
Caelan Koch,Stanford,DP,0.266,0.294,0.516,0.81,23,69,64,6,17,4,0,4,13,1,2,13,0,0,Pacific-12,Away,
Paige Sinicki,Oregon,SS,0.263,0.378,0.447,0.825,16,46,38,8,10,1,0,2,11,1,6,7,2,0,Pacific-12,Away,
Tayler Biehl,Arizona,SS,0.258,0.27,0.484,0.754,20,64,62,15,16,2,0,4,12,1,0,11,1,0,Pacific-12,Away,
Sophie Jacquez,Utah,DH,0.256,0.293,0.308,0.6,14,41,39,2,10,2,0,0,6,0,2,3,0,0,Pacific-12,Away,
Shonty Passi,Utah,SS,0.256,0.319,0.419,0.738,16,48,43,6,11,4,0,1,3,1,3,6,0,0,Pacific-12,Away,
Grace Messmer,Oregon State,3B,0.25,0.343,0.333,0.676,20,70,60,7,15,5,0,0,3,0,9,8,0,0,Pacific-12,Away,
Lici Campbell,Oregon State,1B,0.246,0.29,0.446,0.736,20,69,65,6,16,1,0,4,13,0,4,10,0,0,Pacific-12,Away,
Avery Hobson,Washington,LF,0.245,0.327,0.286,0.613,15,55,49,9,12,2,0,0,2,0,6,9,1,0,Pacific-12,Away,
Madison Simon,Oregon State,CF,0.244,0.385,0.439,0.824,18,52,41,9,10,2,0,2,6,0,10,6,1,0,Pacific-12,Away,
Jade Berry,Stanford,3B,0.242,0.356,0.435,0.792,23,73,62,12,15,3,0,3,12,2,9,13,0,0,Pacific-12,Away,
Kyndal Todd,California,RF,0.24,0.259,0.36,0.619,12,29,25,1,6,0,0,1,2,0,1,9,0,2,Pacific-12,Away,
Alyssa Daniell,Oregon,1B,0.231,0.31,0.423,0.733,16,58,52,7,12,4,0,2,11,2,4,8,2,0,Pacific-12,Away,
Seneca Curo,UCLA,2B,0.222,0.333,0.306,0.639,14,44,36,5,8,0,0,1,3,1,5,7,0,0,Pacific-12,Away,
Emily Schepp,Arizona,C,0.213,0.246,0.328,0.574,19,65,61,4,13,1,0,2,4,1,2,6,0,0,Pacific-12,Away,
Jordyn Vanhook,Arizona State,DP,0.211,0.318,0.316,0.634,15,45,38,3,8,1,0,1,5,2,4,13,0,0,Pacific-12,Away,
Blaise Biringer,Arizona,3B,0.207,0.277,0.259,0.536,20,68,58,7,12,1,1,0,5,1,5,8,0,1,Pacific-12,Away,
Tehya Bird,Oregon,3B,0.207,0.281,0.379,0.661,12,33,29,3,6,0,1,1,3,0,3,4,0,0,Pacific-12,Away,
Janelle Meono,UCLA,CF,0.205,0.262,0.231,0.493,17,48,39,7,8,1,0,0,0,0,3,6,1,0,Pacific-12,Away,
Kayla Lissy,Arizona State,3B,0.205,0.265,0.25,0.515,15,49,44,4,9,2,0,0,3,1,3,10,3,0,Pacific-12,Away,
Savanah Whatley,Oregon State,SS,0.2,0.25,0.222,0.472,20,51,45,2,9,1,0,0,3,0,3,8,0,0,Pacific-12,Away,
Olivia DiNardo,Arizona,DP,0.2,0.3,0.32,0.62,18,60,50,4,10,0,0,2,6,0,8,5,0,1,Pacific-12,Away,
Alesia Denby,Arizona State,SS,0.171,0.293,0.257,0.55,15,42,35,1,6,0,0,1,5,2,4,10,1,0,Pacific-12,Away,
Paige Doerr,Oregon State,LF,0.17,0.228,0.189,0.417,18,58,53,6,9,1,0,0,1,1,3,9,0,0,Pacific-12,Away,
Kiki Escobar,Oregon State,2B,0.158,0.213,0.211,0.424,20,61,57,2,9,1,1,0,6,1,3,15,1,0,Pacific-12,Away,
Libby Walsh,Arizona State,2B,0.139,0.205,0.139,0.344,15,41,36,1,5,0,0,0,2,1,2,10,1,0,Pacific-12,Away,
Zoie Smith,Bucknell,C,0.485,0.514,0.636,1.15,11,37,33,6,16,5,0,0,4,0,3,1,3,0,Patriot League,Home,0.22
Ashton White,Army,1B,0.432,0.49,0.545,1.035,15,49,44,4,19,2,0,1,9,0,5,4,0,0,Patriot League,Home,0.066
Caitlin Coker,Boston University,3B,0.406,0.473,0.609,1.082,20,74,64,14,26,5,1,2,9,1,8,2,5,1,Patriot League,Home,-0.006
Brooke Deppiesse,Boston University,2B,0.404,0.5,0.673,1.173,20,64,52,10,21,5,3,1,11,2,8,8,2,0,Patriot League,Home,-0.002
Peyton Sward,Lehigh,SS,0.379,0.419,0.517,0.937,12,32,29,9,11,2,1,0,3,0,2,7,2,0,Patriot League,Home,0.079
Holly Lovett,Lehigh,3B,0.371,0.389,0.429,0.817,12,36,35,3,13,2,0,0,9,1,0,3,0,0,Patriot League,Home,0.062
Brooke Popella,Bucknell,SS,0.364,0.417,0.424,0.841,11,37,33,1,12,2,0,0,3,0,3,3,1,0,Patriot League,Home,0.147
Lauren Keleher,Boston University,CF,0.355,0.468,0.597,1.064,20,77,62,14,22,6,3,1,12,5,9,3,1,0,Patriot League,Home,-0.077
Julia Mrochko,Lehigh,2B,0.355,0.412,0.484,0.896,11,34,31,8,11,1,0,1,7,1,2,4,0,0,Patriot League,Home,0.065
Lauren Nett,Boston University,RF,0.353,0.405,0.382,0.788,16,38,34,6,12,1,0,0,4,1,2,0,0,0,Patriot League,Home,0.098
Savannah Jones,Bucknell,RF,0.345,0.387,0.414,0.801,10,33,29,4,10,0,1,0,5,0,2,2,0,0,Patriot League,Home,-0.044
Josie Charles,Lehigh,LF,0.342,0.457,0.526,0.983,12,46,38,9,13,1,3,0,7,0,8,9,1,1,Patriot League,Home,0.128
Kayla Edwards,Army,LF,0.34,0.353,0.42,0.773,15,52,50,10,17,4,0,0,3,1,0,2,1,1,Patriot League,Home,-0.094
Megan Coyle,Lafayette,SS,0.325,0.378,0.7,1.078,14,45,40,7,13,3,0,4,14,0,4,8,0,0,Patriot League,Home,0.014
Rory Dudley,Lehigh,1B,0.323,0.462,0.548,1.01,12,39,31,10,10,1,0,2,6,0,8,2,0,0,Patriot League,Home,-0.005
Ali Sniegocki,Holy Cross,LF,0.318,0.354,0.545,0.9,14,48,44,7,14,4,0,2,7,0,3,3,1,0,Patriot League,Home,-0.026
Jessica Mott,Holy Cross,CF,0.317,0.391,0.415,0.806,14,46,41,5,13,1,0,1,4,0,5,7,3,1,Patriot League,Home,0.053
Olivia Catalina,Lafayette,RF,0.314,0.314,0.4,0.714,14,36,35,0,11,3,0,0,1,0,0,8,0,0,Patriot League,Home,0.158
Megan Yurchick,Holy Cross,1B,0.313,0.333,0.406,0.74,13,34,32,2,10,3,0,0,7,0,1,3,0,0,Patriot League,Home,0.053
Kayla Roncin,Boston University,SS,0.31,0.338,0.338,0.676,20,75,71,12,22,2,0,0,14,0,3,1,3,0,Patriot League,Home,-0.064
Lauren Little,Army,CF,0.304,0.385,0.348,0.732,11,26,23,1,7,1,0,0,3,0,3,4,0,0,Patriot League,Home,0.084
Claire McCann,Holy Cross,1B,0.3,0.364,0.325,0.689,14,44,40,3,12,1,0,0,6,0,4,2,0,0,Patriot League,Home,0.009
Rachel Carney,Colgate,SS,0.297,0.35,0.432,0.782,11,41,37,6,11,2,0,1,7,1,2,8,4,1,Patriot League,Home,0.062
Kate Pryor,Boston University,LF,0.286,0.311,0.381,0.692,17,46,42,6,12,2,1,0,8,0,2,3,2,0,Patriot League,Home,0.064
Gracie Smith,Lehigh,RF,0.282,0.317,0.333,0.65,12,42,39,5,11,2,0,0,3,1,1,5,1,0,Patriot League,Home,-0.104
Kiley Shelton,Colgate,RF,0.278,0.297,0.472,0.77,11,37,36,9,10,4,0,1,6,1,0,6,0,0,Patriot League,Home,-0.099
Quinn Livesay,Colgate,C,0.276,0.323,0.414,0.736,11,32,29,3,8,2,1,0,1,0,2,1,1,0,Patriot League,Home,-0.039
Brooke Cannon,Lehigh,CF,0.27,0.3,0.297,0.597,12,41,37,8,10,1,0,0,6,0,2,5,4,0,Patriot League,Home,0.078
Niamh Dougherty,Colgate,LF,0.259,0.355,0.444,0.799,11,32,27,3,7,2,0,1,4,0,4,3,0,0,Patriot League,Home,0
Adrienne Nardone,Colgate,DP,0.258,0.273,0.516,0.789,11,33,31,4,8,2,0,2,7,0,1,4,0,0,Patriot League,Home,-0.053
Callie Thibault,Holy Cross,2B,0.256,0.286,0.41,0.696,14,42,39,6,10,1,1,1,6,0,2,5,1,0,Patriot League,Home,0.043
Anna Brait,Holy Cross,SS,0.25,0.378,0.361,0.739,14,46,36,7,9,4,0,0,4,3,5,1,0,0,Patriot League,Home,0.017
Mary Grace O'Neill,Lafayette,CF,0.244,0.311,0.317,0.628,14,45,41,7,10,1,1,0,1,1,3,8,7,2,Patriot League,Home,0.006
MaKenzie Hilling,Bucknell,1B,0.242,0.306,0.303,0.609,11,37,33,5,8,2,0,0,2,0,3,7,0,0,Patriot League,Home,0.054
Emily Cimino,Lehigh,RF,0.229,0.357,0.343,0.7,12,42,35,8,8,1,0,1,11,0,7,4,0,0,Patriot League,Home,-0.113
Kara Fusco,Colgate,1B,0.226,0.294,0.387,0.681,11,34,31,2,7,2,0,1,8,0,3,7,0,0,Patriot League,Home,0.011
Nora Megenity,Colgate,CF,0.222,0.323,0.333,0.656,11,31,27,7,6,0,0,1,3,0,4,1,1,0,Patriot League,Home,0.01
Lizzy Avery,Boston University,DP,0.217,0.4,0.239,0.639,20,63,46,10,10,1,0,0,8,0,14,7,2,0,Patriot League,Home,-0.116
Morgan Jensen,Holy Cross,C,0.214,0.241,0.214,0.456,12,30,28,0,6,0,0,0,3,1,0,3,0,0,Patriot League,Home,-0.032
Haley Speicher,Bucknell,CF,0.214,0.29,0.214,0.505,9,31,28,5,6,0,0,0,1,0,3,2,1,0,Patriot League,Home,-0.066
Jillian Herbst,Colgate,2B,0.2,0.263,0.2,0.463,11,39,35,3,7,0,0,0,0,1,2,2,0,0,Patriot League,Home,-0.104
Kylie Doherty,Boston University,RF,0.2,0.296,0.378,0.674,19,54,45,9,9,2,0,2,16,0,7,10,0,0,Patriot League,Home,0.042
Emma Pietrzak,Holy Cross,3B,0.192,0.4,0.231,0.631,14,35,26,5,5,1,0,0,1,0,9,5,1,0,Patriot League,Home,-0.075
Audrey Sellers,Boston University,C,0.179,0.273,0.179,0.452,18,45,39,9,7,0,0,0,1,1,4,4,1,0,Patriot League,Home,-0.066
Ellie Caldwell,Army,2B,0.175,0.19,0.2,0.39,15,43,40,3,7,1,0,0,2,0,1,4,0,0,Patriot League,Home,-0.088
Maggie Klug,Lafayette,C,0.167,0.219,0.167,0.385,12,32,30,0,5,0,0,0,0,0,2,1,0,0,Patriot League,Home,0.02
Noelle Gardon,Bucknell,3B,0.16,0.241,0.16,0.401,11,30,25,1,4,0,0,0,3,1,2,8,1,0,Patriot League,Home,0.081
Parker Llantero,Army,RF,0.146,0.286,0.171,0.456,15,49,41,2,6,1,0,0,3,1,7,9,0,0,Patriot League,Home,-0.187
Regan Dillon,Lafayette,1B,0.135,0.132,0.189,0.321,13,38,37,1,5,2,0,0,3,0,0,8,0,0,Patriot League,Home,-0.103
Sam Bocis,Army,SS,0.12,0.185,0.12,0.305,14,29,25,1,3,0,0,0,2,0,2,10,1,0,Patriot League,Home,-0.148
Caitlyn Newburn,Army,DP,0.111,0.111,0.333,0.444,14,27,27,3,3,0,0,2,3,0,0,12,0,0,Patriot League,Home,-0.178
Paige Sandidge,Lafayette,LF,0.087,0.087,0.087,0.174,11,25,23,0,2,0,0,0,1,0,0,4,0,0,Patriot League,Home,-0.072
Ava Gambichler,Holy Cross,RF,0.071,0.188,0.071,0.259,11,33,28,2,2,0,0,0,0,0,4,7,0,0,Patriot League,Home,-0.134
Kayla Edwards,Army,LF,0.434,0.463,0.697,1.161,22,82,76,25,33,10,2,2,16,1,4,1,8,1,Patriot League,Away,
Lauren Keleher,Boston University,CF,0.432,0.479,0.625,1.104,24,96,88,20,38,5,0,4,18,3,5,5,1,0,Patriot League,Away,
Caitlin Coker,Boston University,3B,0.412,0.444,0.6,1.044,24,91,85,21,35,4,0,4,17,2,3,6,2,3,Patriot League,Away,
Brooke Deppiesse,Boston University,2B,0.406,0.488,0.58,1.067,24,84,69,20,28,7,1,1,7,1,10,4,2,3,Patriot League,Away,
Savannah Jones,Bucknell,RF,0.389,0.463,0.5,0.963,13,42,36,3,14,4,0,0,5,0,5,3,0,0,Patriot League,Away,
Kiley Shelton,Colgate,RF,0.377,0.482,0.667,1.149,23,83,69,18,26,3,1,5,22,5,9,6,1,0,Patriot League,Away,
Kayla Roncin,Boston University,SS,0.374,0.38,0.473,0.853,24,94,91,18,34,5,2,0,17,0,1,4,1,0,Patriot League,Away,
Ashton White,Army,1B,0.366,0.444,0.606,1.05,22,81,71,12,26,6,1,3,22,0,10,7,1,0,Patriot League,Away,
Ali Sniegocki,Holy Cross,LF,0.344,0.364,0.5,0.864,29,99,96,15,33,6,0,3,12,1,2,19,2,0,Patriot League,Away,
Emily Cimino,Lehigh,RF,0.342,0.448,0.575,1.024,23,87,73,17,25,9,1,2,21,2,12,15,1,1,Patriot League,Away,
Lizzy Avery,Boston University,DP,0.333,0.434,0.413,0.847,24,82,63,7,21,2,0,1,12,1,11,10,0,0,Patriot League,Away,
Parker Llantero,Army,RF,0.333,0.41,0.377,0.787,22,83,69,12,23,3,0,0,6,0,9,13,0,0,Patriot League,Away,
Rory Dudley,Lehigh,1B,0.328,0.411,0.469,0.88,22,74,64,10,21,4,1,1,11,2,7,8,4,1,Patriot League,Away,
Quinn Livesay,Colgate,C,0.315,0.449,0.537,0.986,23,69,54,10,17,6,0,2,11,6,8,1,2,0,Patriot League,Away,
Adrienne Nardone,Colgate,DP,0.311,0.316,0.405,0.722,23,79,74,7,23,5,1,0,16,0,2,13,0,0,Patriot League,Away,
Megan Coyle,Lafayette,SS,0.311,0.38,0.533,0.913,17,50,45,3,14,5,1,1,5,2,3,11,0,1,Patriot League,Away,
Holly Lovett,Lehigh,3B,0.309,0.387,0.509,0.896,23,66,55,10,17,2,0,3,11,3,4,16,0,0,Patriot League,Away,
Jillian Herbst,Colgate,2B,0.304,0.353,0.367,0.72,23,85,79,15,24,2,0,1,7,2,4,12,2,0,Patriot League,Away,
Peyton Sward,Lehigh,SS,0.3,0.354,0.333,0.687,23,67,60,14,18,0,1,0,3,0,5,16,2,0,Patriot League,Away,
Claire McCann,Holy Cross,1B,0.291,0.325,0.342,0.667,27,83,79,2,23,4,0,0,2,0,4,16,0,0,Patriot League,Away,
Julia Mrochko,Lehigh,2B,0.29,0.323,0.435,0.759,21,67,62,8,18,3,0,2,10,2,1,6,0,1,Patriot League,Away,
Caitlyn Newburn,Army,DP,0.289,0.347,0.4,0.747,20,49,45,3,13,5,0,0,5,1,3,7,0,1,Patriot League,Away,
Haley Speicher,Bucknell,CF,0.28,0.357,0.3,0.657,16,56,50,8,14,1,0,0,1,0,6,6,2,1,Patriot League,Away,
Sam Bocis,Army,SS,0.268,0.268,0.393,0.661,21,56,56,7,15,4,0,1,7,0,0,21,1,1,Patriot League,Away,
Emma Pietrzak,Holy Cross,3B,0.267,0.295,0.373,0.668,26,80,75,10,20,3,1,1,8,0,3,19,0,0,Patriot League,Away,
Zoie Smith,Bucknell,C,0.265,0.368,0.327,0.695,16,57,49,3,13,3,0,0,5,1,7,7,0,0,Patriot League,Away,
Jessica Mott,Holy Cross,CF,0.264,0.35,0.396,0.745,29,103,91,14,24,6,0,2,9,3,9,22,4,1,Patriot League,Away,
Ellie Caldwell,Army,2B,0.263,0.283,0.298,0.582,20,61,57,10,15,0,1,0,4,0,2,8,2,0,Patriot League,Away,
Megan Yurchick,Holy Cross,1B,0.26,0.325,0.315,0.64,27,82,73,1,19,4,0,0,4,0,7,18,0,1,Patriot League,Away,
Niamh Dougherty,Colgate,LF,0.259,0.338,0.466,0.804,22,65,58,7,15,3,0,3,8,4,3,8,1,0,Patriot League,Away,
Lauren Nett,Boston University,RF,0.255,0.291,0.255,0.546,21,61,51,11,13,0,0,0,6,0,3,6,3,0,Patriot League,Away,
Morgan Jensen,Holy Cross,C,0.246,0.281,0.295,0.576,25,67,61,1,15,3,0,0,8,0,3,12,0,0,Patriot League,Away,
Audrey Sellers,Boston University,C,0.245,0.356,0.408,0.764,23,59,49,9,12,2,0,2,8,2,7,6,1,1,Patriot League,Away,
Mary Grace O'Neill,Lafayette,CF,0.238,0.273,0.365,0.638,19,66,63,7,15,6,1,0,3,1,2,9,7,1,Patriot League,Away,
Regan Dillon,Lafayette,1B,0.238,0.36,0.262,0.622,18,51,42,2,10,1,0,0,1,3,5,7,0,0,Patriot League,Away,
Rachel Carney,Colgate,SS,0.235,0.395,0.368,0.763,23,86,68,17,16,0,3,1,7,2,16,14,13,1,Patriot League,Away,
Gracie Smith,Lehigh,RF,0.235,0.279,0.247,0.526,23,86,81,10,19,1,0,0,11,1,4,8,0,0,Patriot League,Away,
Anna Brait,Holy Cross,SS,0.233,0.316,0.36,0.677,29,98,86,6,20,5,0,2,12,3,8,8,0,0,Patriot League,Away,
Kate Pryor,Boston University,LF,0.222,0.26,0.267,0.527,17,50,45,8,10,2,0,0,6,0,3,5,1,0,Patriot League,Away,
Lauren Little,Army,CF,0.22,0.238,0.244,0.482,16,44,41,4,9,1,0,0,4,0,1,6,1,2,Patriot League,Away,
Brooke Popella,Bucknell,SS,0.217,0.288,0.261,0.549,15,52,46,2,10,2,0,0,6,0,5,12,0,0,Patriot League,Away,
Kara Fusco,Colgate,1B,0.215,0.271,0.308,0.579,23,71,65,6,14,3,0,1,9,0,5,8,0,0,Patriot League,Away,
Josie Charles,Lehigh,LF,0.214,0.267,0.214,0.481,20,77,70,15,15,0,0,0,5,0,5,14,6,0,Patriot League,Away,
Callie Thibault,Holy Cross,2B,0.213,0.277,0.293,0.57,28,85,75,4,16,4,1,0,5,3,4,13,0,0,Patriot League,Away,
Nora Megenity,Colgate,CF,0.212,0.305,0.269,0.574,22,61,52,10,11,3,0,0,5,0,7,8,1,0,Patriot League,Away,
Ava Gambichler,Holy Cross,RF,0.205,0.235,0.269,0.504,27,87,78,8,16,5,0,0,3,0,3,10,2,0,Patriot League,Away,
Brooke Cannon,Lehigh,CF,0.192,0.25,0.244,0.494,23,86,78,10,15,4,0,0,12,2,4,17,2,0,Patriot League,Away,
MaKenzie Hilling,Bucknell,1B,0.188,0.286,0.25,0.536,16,57,48,4,9,3,0,0,3,0,7,10,0,0,Patriot League,Away,
Paige Sandidge,Lafayette,LF,0.159,0.213,0.182,0.395,17,47,44,0,7,1,0,0,2,0,3,12,0,0,Patriot League,Away,
Kylie Doherty,Boston University,RF,0.158,0.262,0.439,0.7,22,65,57,15,9,2,1,4,14,0,8,14,3,0,Patriot League,Away,
Olivia Catalina,Lafayette,RF,0.156,0.22,0.178,0.398,19,51,45,2,7,1,0,0,3,0,4,10,3,1,Patriot League,Away,
Maggie Klug,Lafayette,C,0.147,0.194,0.176,0.371,14,36,34,0,5,1,0,0,2,0,2,4,0,0,Patriot League,Away,
Noelle Gardon,Bucknell,3B,0.079,0.167,0.079,0.246,16,45,38,3,3,0,0,0,2,0,4,15,1,0,Patriot League,Away,
Kiki Milloy,Tennessee,CF,0.478,0.581,0.986,1.567,23,86,69,35,33,6,1,9,20,6,11,9,13,2,Southeastern,Home,0.196
Korbe Otis,Florida,LF,0.444,0.584,0.667,1.251,32,114,81,35,36,6,0,4,30,3,27,6,6,0,Southeastern,Home,0.065
McKenna Gibson,Tennessee,3B,0.444,0.534,0.694,1.229,26,88,72,12,32,6,0,4,24,2,13,3,0,0,Southeastern,Home,0.197
Jazmine Hill,Texas A&M,CF,0.431,0.573,0.806,1.378,29,96,72,32,31,7,1,6,23,2,22,8,2,1,Southeastern,Home,0.189
Rylea Smith,Kentucky,LF,0.424,0.457,0.727,1.184,20,70,66,11,28,6,4,2,13,0,4,6,4,0,Southeastern,Home,0.076
Jocelyn Erickson,Florida,C,0.415,0.558,0.622,1.179,32,113,82,22,34,8,0,3,34,5,24,7,8,0,Southeastern,Home,0.033
Skylar Wallace,Florida,SS,0.402,0.578,0.744,1.321,32,116,82,45,33,9,2,5,27,9,25,8,23,3,Southeastern,Home,0.008
Kendra Falby,Florida,CF,0.402,0.453,0.551,1.004,32,119,107,35,43,10,3,0,10,1,9,12,9,0,Southeastern,Home,0.096
Jayda Kearney,Georgia,RF,0.4,0.452,0.843,1.296,37,127,115,26,46,7,1,14,37,0,11,24,0,0,Southeastern,Home,0.094
Jenna Laird,Missouri,SS,0.396,0.45,0.472,0.922,17,60,53,13,21,4,0,0,7,1,5,8,5,0,Southeastern,Home,0.121
Amari Harper,Texas A&M,1B,0.396,0.467,0.547,1.014,22,61,53,17,21,3,1,1,5,2,5,7,1,1,Southeastern,Home,0.146
Dallis Goodnight,Georgia,CF,0.39,0.466,0.442,0.907,29,90,77,24,30,4,0,0,7,1,10,10,8,3,Southeastern,Home,0.064
Ella Wesolowski,Mississippi State,C,0.389,0.443,0.556,0.999,28,79,72,16,28,6,0,2,19,1,6,2,1,0,Southeastern,Home,0.172
Jessie Blaine,Mississippi State,DP,0.386,0.533,0.702,1.235,27,75,57,14,22,6,0,4,18,3,15,14,0,0,Southeastern,Home,0.091
Katie Kistler,Florida,RF,0.385,0.518,0.754,1.271,29,88,65,21,25,6,3,4,33,6,13,10,2,0,Southeastern,Home,0.182
Erin Coffel,Kentucky,SS,0.378,0.622,0.844,1.466,20,74,45,14,17,6,0,5,13,6,23,2,2,1,Southeastern,Home,0.152
Ariel Kowalewski,Florida,3B,0.371,0.431,0.661,1.092,26,72,62,15,23,4,1,4,18,2,6,8,1,0,Southeastern,Home,0.155
Margaret Tobias,Kentucky,2B,0.37,0.393,0.407,0.8,15,28,27,6,10,1,0,0,2,0,1,5,0,0,Southeastern,Home,0.097
Sierra Sacco,Mississippi State,CF,0.361,0.53,0.458,0.988,28,102,72,32,26,3,2,0,9,1,26,14,15,0,Southeastern,Home,0.022
Jaydyn Goodwin,Georgia,LF,0.356,0.4,0.63,1.03,31,81,73,18,26,9,1,3,21,1,5,7,1,0,Southeastern,Home,0.106
Aynslie Furbush,Ole Miss,DP,0.352,0.447,0.634,1.081,25,86,71,9,25,2,0,6,29,7,6,13,0,0,Southeastern,Home,0.092
Sydney Kuma,Georgia,2B,0.348,0.483,0.62,1.102,36,116,92,29,32,6,2,5,17,3,21,11,7,2,Southeastern,Home,0.131
Koko Wooley,Texas A&M,SS,0.346,0.407,0.423,0.83,25,87,78,19,27,1,1,1,4,0,8,7,10,2,Southeastern,Home,-0.114
Grace Lorsung,Kentucky,3B,0.339,0.456,0.732,1.188,20,68,56,11,19,5,1,5,13,3,9,9,0,0,Southeastern,Home,0.08
Kylee Edwards,Mississippi State,SS,0.339,0.446,0.627,1.073,28,75,59,18,20,5,0,4,17,3,10,4,3,1,Southeastern,Home,0.154
Taylor Pannell,Tennessee,RF,0.338,0.347,0.608,0.955,25,76,74,11,25,3,1,5,23,0,1,10,0,0,Southeastern,Home,0.08
Ellie Armistead,Georgia,SS,0.337,0.368,0.584,0.953,36,96,89,18,30,8,1,4,15,0,5,10,1,0,Southeastern,Home,0.209
Reagan Johnson,Arkansas,CF,0.337,0.387,0.376,0.764,30,112,101,19,34,2,1,0,7,0,9,11,4,1,Southeastern,Home,-0.076
Rylie West,Tennessee,LF,0.333,0.377,0.611,0.988,19,63,54,15,18,3,0,4,14,1,4,8,4,0,Southeastern,Home,-0.011
Rylen Wiggins,Texas A&M,2B,0.333,0.372,0.694,1.066,29,78,72,19,24,8,0,6,19,0,5,10,3,1,Southeastern,Home,0.139
Anna Wohlers,Auburn,3B,0.333,0.447,0.5,0.947,30,94,78,16,26,4,0,3,16,4,12,16,2,0,Southeastern,Home,0.159
Kennedy Miller,Arkansas,C,0.333,0.413,0.603,1.016,30,92,78,16,26,4,1,5,24,6,6,7,2,0,Southeastern,Home,-0.021
Reagan Walsh,Florida,DP,0.33,0.396,0.761,1.158,32,106,88,18,29,2,0,12,39,2,11,7,1,0,Southeastern,Home,-0.092
Icess Tresvik,Auburn,RF,0.329,0.417,0.415,0.831,30,96,82,20,27,1,0,2,13,0,13,17,18,2,Southeastern,Home,0.037
Jaden Pone,Ole Miss,LF,0.325,0.375,0.338,0.713,24,90,80,18,26,1,0,0,4,2,5,15,3,1,Southeastern,Home,-0.05
Raeleen Gutierrez,LSU,1B,0.324,0.407,0.481,0.888,38,124,108,12,35,11,0,2,23,0,15,5,1,1,Southeastern,Home,0.016
Julia Cottrill,Texas A&M,C,0.323,0.452,0.538,0.991,27,85,65,11,21,5,0,3,18,0,17,7,1,0,Southeastern,Home,0.053
Allie Enright,Texas A&M,RF,0.323,0.45,0.738,1.188,29,82,65,19,21,6,0,7,23,0,15,15,2,1,Southeastern,Home,0.044
Ciara Briggs,LSU,CF,0.322,0.393,0.373,0.765,38,139,118,28,38,3,0,1,16,0,15,15,11,1,Southeastern,Home,-0.039
Ali Newland,LSU,LF,0.321,0.422,0.528,0.95,38,129,106,20,34,7,0,5,24,1,19,4,6,2,Southeastern,Home,0.005
Bri Ellis,Arkansas,1B,0.317,0.43,0.646,1.076,30,100,82,17,26,3,0,8,24,1,16,20,1,0,Southeastern,Home,0.04
Nadia Barbary,Mississippi State,3B,0.314,0.375,0.512,0.887,28,96,86,24,27,8,0,3,28,1,8,12,1,0,Southeastern,Home,0.051
Nia Carter,Arkansas,RF,0.312,0.369,0.403,0.772,27,84,77,14,24,2,1,1,10,1,6,0,0,0,Southeastern,Home,0.088
Makayla Packer,Auburn,CF,0.311,0.422,0.446,0.868,30,94,74,18,23,2,1,2,10,3,12,16,11,1,Southeastern,Home,0.086
Sara Mosley,Georgia,3B,0.31,0.354,0.741,1.096,37,127,116,29,36,2,0,16,46,0,9,12,0,0,Southeastern,Home,-0.023
Trinity Cannon,Texas A&M,1B,0.309,0.432,0.809,1.241,29,89,68,14,21,2,1,10,31,3,14,7,0,0,Southeastern,Home,-0.044
Karli Petty,LSU,2B,0.308,0.442,0.523,0.965,28,86,65,14,20,2,0,4,20,3,15,7,0,2,Southeastern,Home,0.064
Laura Mealer,Tennessee,SS,0.308,0.463,0.827,1.29,25,67,52,20,16,4,1,7,16,2,13,11,1,0,Southeastern,Home,0.053
Madisyn Kennedy,Mississippi State,1B,0.305,0.436,0.864,1.3,27,78,59,14,18,3,0,10,33,1,15,16,0,0,Southeastern,Home,0.019
Salen Hawkins,Mississippi State,2B,0.303,0.356,0.394,0.75,27,75,66,13,20,0,0,2,10,0,6,6,2,1,Southeastern,Home,0.02
Peyton Plotts,Kentucky,RF,0.3,0.368,0.46,0.828,19,57,50,6,15,3,1,1,7,1,5,13,0,0,Southeastern,Home,0.007
Karissa Hamilton,Kentucky,C,0.298,0.352,0.638,0.99,18,56,47,6,14,4,0,4,12,1,4,6,0,1,Southeastern,Home,0.102
Paige Cook,Mississippi State,RF,0.297,0.385,0.563,0.947,27,78,64,9,19,5,0,4,25,2,9,8,1,0,Southeastern,Home,0.026
McKenzie Redoutey,LSU,RF,0.297,0.408,0.455,0.864,38,122,101,24,30,5,1,3,13,2,17,13,0,0,Southeastern,Home,-0.063
Sydney Chambley,Georgia,LF,0.296,0.383,0.58,0.963,36,98,81,15,24,4,2,5,16,3,9,11,5,4,Southeastern,Home,-0.045
Zaida Puni,Tennessee,DP,0.284,0.442,0.582,1.024,26,86,67,12,19,2,0,6,21,3,16,8,0,0,Southeastern,Home,-0.016
Cylie Halvorson,Arkansas,2B,0.282,0.341,0.526,0.867,29,88,78,13,22,4,0,5,16,1,7,13,0,0,Southeastern,Home,-0.032
Riley Blampied,South Carolina,CF,0.28,0.345,0.439,0.784,34,120,107,20,30,6,1,3,16,1,10,9,6,1,Southeastern,Home,0.044
Aniyah Black,South Carolina,1B,0.279,0.326,0.419,0.745,32,92,86,3,24,4,1,2,18,1,5,24,0,0,Southeastern,Home,0.062
Taylor Pleasants,LSU,SS,0.276,0.4,0.59,0.99,38,130,105,16,29,4,1,9,37,9,14,8,0,0,Southeastern,Home,0.084
Paige Smith,Ole Miss,1B,0.275,0.344,0.463,0.807,25,91,80,15,22,9,0,2,12,1,8,8,0,0,Southeastern,Home,0.113
Giulia Koutsoyanopulos,Tennessee,1B,0.269,0.356,0.346,0.702,26,60,52,10,14,1,0,1,7,1,6,12,3,0,Southeastern,Home,0.002
Brooke Blankenship,South Carolina,SS,0.269,0.37,0.313,0.684,33,84,67,12,18,3,0,0,7,0,12,11,2,0,Southeastern,Home,0.044
Jaiden Fields,Georgia,DP,0.268,0.305,0.482,0.787,27,60,56,9,15,3,0,3,8,2,1,8,0,0,Southeastern,Home,0.08
Nelia Peralta,Auburn,SS,0.265,0.427,0.397,0.824,28,90,68,9,18,1,1,2,21,2,18,8,5,0,Southeastern,Home,0.095
Maddie Gallagher,Missouri,2B,0.261,0.375,0.326,0.701,17,57,46,2,12,3,0,0,9,4,5,5,2,0,Southeastern,Home,-0.052
Lyndi Rae Davis,Georgia,C,0.26,0.458,0.416,0.874,35,107,77,15,20,3,0,3,19,2,27,7,0,0,Southeastern,Home,0.035
Kennedy Powell,Texas A&M,3B,0.258,0.351,0.288,0.639,27,79,66,16,17,0,1,0,11,3,7,3,8,1,Southeastern,Home,-0.103
Rylin Hedgecock,Arkansas,DP,0.257,0.329,0.486,0.815,28,80,70,12,18,5,1,3,14,3,5,8,0,0,Southeastern,Home,0.09
Alex Honnold,Missouri,CF,0.255,0.339,0.412,0.751,17,60,51,10,13,5,0,1,8,4,3,5,3,1,Southeastern,Home,-0.123
Lexie Brady,Ole Miss,C,0.254,0.433,0.552,0.986,25,91,67,17,17,2,0,6,11,3,19,22,0,1,Southeastern,Home,0.009
Raigan Kramer,Arkansas,LF,0.254,0.39,0.429,0.818,28,77,63,17,16,3,1,2,9,2,12,7,4,0,Southeastern,Home,0.121
Jalia Lassiter,Ole Miss,CF,0.253,0.367,0.386,0.753,25,99,83,15,21,1,2,2,6,1,14,8,5,3,Southeastern,Home,-0.108
Kenleigh Cahalan,Alabama,SS,0.253,0.316,0.402,0.718,30,95,87,11,22,3,5,0,14,2,6,10,1,0,Southeastern,Home,-0.094
Delaney Rummell,Ole Miss,3B,0.25,0.301,0.342,0.643,25,83,76,7,19,4,0,1,11,0,6,7,0,0,Southeastern,Home,0.05
Kramer Eschete,Texas A&M,LF,0.25,0.404,0.432,0.835,21,58,44,15,11,5,0,1,10,1,11,6,8,2,Southeastern,Home,-0.044
Kayley Lenger,Missouri,RF,0.25,0.357,0.361,0.718,17,43,36,6,9,1,0,1,4,6,0,10,0,0,Southeastern,Home,-0.036
Bailey Dowling,Alabama,3B,0.247,0.299,0.444,0.743,29,89,81,9,20,2,1,4,12,2,4,6,0,0,Southeastern,Home,0.021
Denver Bryant,South Carolina,3B,0.247,0.356,0.377,0.732,27,91,77,10,19,8,1,0,8,1,12,17,3,0,Southeastern,Home,-0.149
Jenna Johnson,Alabama,LF,0.246,0.424,0.323,0.747,28,86,65,18,16,2,0,1,8,7,13,6,3,0,Southeastern,Home,-0.024
KK McCrary,Auburn,LF,0.244,0.408,0.551,0.959,30,104,78,20,19,1,1,7,11,5,18,16,3,0,Southeastern,Home,-0.067
Angelina DeLeon,Ole Miss,2B,0.242,0.342,0.318,0.66,25,77,66,6,16,2,0,1,8,1,9,11,0,0,Southeastern,Home,0.001
Kelley Lynch,LSU,DP,0.239,0.358,0.284,0.642,28,82,67,1,16,3,0,0,8,0,13,7,0,0,Southeastern,Home,0.023
Maci Bergeron,LSU,C,0.237,0.31,0.342,0.652,31,87,76,5,18,2,0,2,9,0,9,10,0,0,Southeastern,Home,-0.061
Kianna Jones,South Carolina,RF,0.234,0.298,0.383,0.681,34,107,94,9,22,4,2,2,11,1,8,16,0,1,Southeastern,Home,0.034
Mia Williams,Florida,2B,0.234,0.357,0.447,0.804,24,56,47,14,11,1,0,3,9,4,5,13,3,0,Southeastern,Home,0.157
Emily Digby,Georgia,1B,0.234,0.311,0.403,0.714,36,92,77,13,18,7,0,2,13,1,9,22,0,0,Southeastern,Home,-0.016
Sophia Nugent,Tennessee,C,0.232,0.403,0.446,0.849,25,72,56,12,13,0,0,4,15,1,15,5,0,0,Southeastern,Home,-0.092
Annabelle Widra,Auburn,3B,0.226,0.268,0.358,0.626,22,58,53,8,12,1,0,2,6,0,3,10,0,1,Southeastern,Home,-0.094
Vanessa Nesby,Kentucky,CF,0.222,0.263,0.278,0.541,13,21,18,3,4,1,0,0,1,0,1,5,1,0,Southeastern,Home,-0.056
Hannah Gammill,Arkansas,3B,0.218,0.333,0.487,0.821,30,94,78,14,17,3,0,6,20,4,10,13,0,0,Southeastern,Home,0.009
Zoe Laneaux,South Carolina,3B,0.213,0.319,0.361,0.68,25,72,61,6,13,3,0,2,5,1,9,17,2,0,Southeastern,Home,-0.054
Abby Duchscherer,Alabama,1B,0.21,0.338,0.355,0.693,26,74,62,5,13,3,0,2,12,2,10,9,0,0,Southeastern,Home,-0.01
Jamie Mackay,Ole Miss,RF,0.207,0.299,0.379,0.678,21,71,58,4,12,4,0,2,11,1,7,10,0,0,Southeastern,Home,-0.055
Kali Heivilin,Alabama,2B,0.205,0.287,0.269,0.557,30,89,78,7,16,2,0,1,10,3,6,20,0,1,Southeastern,Home,-0.037
Destiny Rodriguez,Tennessee,2B,0.204,0.412,0.347,0.759,24,68,49,5,10,1,0,2,12,7,11,5,1,0,Southeastern,Home,-0.094
Amelia Lech,Auburn,1B,0.203,0.364,0.536,0.9,30,89,69,10,14,5,0,6,21,1,17,21,0,0,Southeastern,Home,-0.075
Katie Chester,Missouri,DP,0.2,0.25,0.36,0.61,14,28,25,1,5,1,0,1,6,0,2,9,0,0,Southeastern,Home,0.021
Ava Brown,Florida,1B,0.181,0.267,0.306,0.573,31,87,72,6,13,6,0,1,14,0,10,14,0,0,Southeastern,Home,-0.123
Ally Hutchins,Kentucky,DP,0.17,0.259,0.34,0.6,20,55,47,6,8,2,0,2,5,1,5,15,0,0,Southeastern,Home,-0.107
Karley Shelton,South Carolina,2B,0.169,0.27,0.215,0.486,28,74,65,7,11,3,0,0,9,4,5,10,4,0,Southeastern,Home,-0.081
Jenn Cummings,South Carolina,1B,0.16,0.366,0.213,0.58,32,104,75,3,12,2,1,0,5,9,16,16,0,0,Southeastern,Home,-0.15
Lauryn Borzilleri,Kentucky,1B,0.146,0.25,0.25,0.5,19,56,48,4,7,2,0,1,5,1,6,8,0,0,Southeastern,Home,-0.154
Julia Crenshaw,Missouri,C,0.13,0.18,0.283,0.463,16,53,46,6,6,1,0,2,6,1,2,3,0,0,Southeastern,Home,-0.049
Giulia Desiderio,South Carolina,C,0.122,0.265,0.122,0.387,25,51,41,4,5,0,0,0,1,2,6,8,1,2,Southeastern,Home,-0.1
Kara Daly,Missouri,3B,0.106,0.176,0.191,0.368,17,51,47,4,5,1,0,1,3,2,2,16,0,0,Southeastern,Home,-0.137
Ryan Starr,Ole Miss,SS,0.104,0.157,0.146,0.303,25,54,48,6,5,0,1,0,0,0,3,10,0,0,Southeastern,Home,-0.058
Koko Wooley,Texas A&M,SS,0.46,0.485,0.556,1.04,17,67,63,14,29,4,1,0,4,2,1,2,8,0,Southeastern,Away,
Reagan Walsh,Florida,DP,0.422,0.513,0.828,1.341,23,78,64,13,27,9,1,5,21,0,13,7,1,0,Southeastern,Away,
Reagan Johnson,Arkansas,CF,0.413,0.464,0.413,0.876,18,69,63,9,26,0,0,0,3,1,5,7,4,1,Southeastern,Away,
Denver Bryant,South Carolina,3B,0.396,0.453,0.646,1.099,15,53,48,9,19,4,1,2,8,0,5,8,1,0,Southeastern,Away,
Skylar Wallace,Florida,SS,0.394,0.522,0.718,1.24,23,92,71,30,28,7,2,4,25,5,15,7,9,0,Southeastern,Away,
Jocelyn Erickson,Florida,C,0.382,0.465,0.838,1.303,23,86,68,19,26,4,0,9,33,0,14,6,2,0,Southeastern,Away,
Korbe Otis,Florida,LF,0.379,0.506,0.652,1.157,23,89,66,25,25,5,2,3,17,1,19,10,5,2,Southeastern,Away,
Alex Honnold,Missouri,CF,0.378,0.469,0.598,1.067,26,99,82,22,31,8,2,2,12,1,14,5,7,2,Southeastern,Away,
Jaden Pone,Ole Miss,LF,0.375,0.437,0.391,0.827,21,74,64,8,24,1,0,0,7,0,7,14,4,1,Southeastern,Away,
Ciara Briggs,LSU,CF,0.361,0.385,0.475,0.86,17,71,61,13,22,2,1,1,6,0,3,8,3,0,Southeastern,Away,
Jalia Lassiter,Ole Miss,CF,0.361,0.439,0.514,0.953,21,82,72,12,26,4,2,1,14,0,10,12,9,1,Southeastern,Away,
Kennedy Powell,Texas A&M,3B,0.361,0.4,0.557,0.957,21,66,61,14,22,4,1,2,11,3,1,13,2,0,Southeastern,Away,
McKenzie Redoutey,LSU,RF,0.36,0.441,0.48,0.921,17,59,50,10,18,3,0,1,3,2,6,4,0,0,Southeastern,Away,
Kennedy Miller,Arkansas,C,0.354,0.404,0.604,1.008,17,52,48,7,17,1,1,3,12,2,2,8,0,0,Southeastern,Away,
Trinity Cannon,Texas A&M,1B,0.353,0.56,0.706,1.266,21,75,51,14,18,3,0,5,23,5,19,13,0,0,Southeastern,Away,
Rylea Smith,Kentucky,LF,0.348,0.378,0.391,0.77,20,74,69,8,24,3,0,0,5,0,4,7,1,0,Southeastern,Away,
Kenleigh Cahalan,Alabama,SS,0.347,0.383,0.453,0.836,22,81,75,6,26,5,0,1,13,0,5,8,2,1,Southeastern,Away,
Rylie West,Tennessee,LF,0.344,0.446,0.787,1.233,20,74,61,17,21,4,1,7,21,3,9,20,1,1,Southeastern,Away,
Ava Brown,Florida,1B,0.344,0.431,0.885,1.316,23,72,61,15,21,0,0,11,26,0,10,9,0,0,Southeastern,Away,
Sydney Chambley,Georgia,LF,0.341,0.372,0.683,1.055,16,45,41,7,14,2,0,4,6,1,1,12,1,1,Southeastern,Away,
Sierra Sacco,Mississippi State,CF,0.339,0.441,0.536,0.977,18,68,56,16,19,3,1,2,10,0,11,10,1,0,Southeastern,Away,
Sara Mosley,Georgia,3B,0.333,0.375,0.533,0.908,17,64,60,10,20,3,0,3,6,0,4,11,0,0,Southeastern,Away,
Dallis Goodnight,Georgia,CF,0.326,0.396,0.488,0.884,15,49,43,12,14,1,0,2,5,2,3,14,2,1,Southeastern,Away,
Sophia Nugent,Tennessee,C,0.324,0.355,0.648,1.003,21,76,71,9,23,8,0,5,19,2,2,12,1,0,Southeastern,Away,
Annabelle Widra,Auburn,3B,0.32,0.414,0.32,0.734,12,29,25,4,8,0,0,0,4,2,2,8,1,1,Southeastern,Away,
Ali Newland,LSU,LF,0.316,0.4,0.509,0.909,17,66,57,11,18,2,0,3,12,1,7,5,1,0,Southeastern,Away,
Cylie Halvorson,Arkansas,2B,0.314,0.351,0.529,0.88,18,57,51,8,16,5,0,2,8,1,3,5,0,0,Southeastern,Away,
Maddie Gallagher,Missouri,2B,0.313,0.409,0.463,0.871,26,93,80,15,25,6,0,2,18,4,9,13,7,1,Southeastern,Away,
KK McCrary,Auburn,LF,0.311,0.466,0.467,0.932,14,59,45,5,14,1,0,2,4,1,12,7,2,0,Southeastern,Away,
Jenn Cummings,South Carolina,1B,0.31,0.434,0.643,1.077,14,54,42,6,13,0,1,4,10,3,7,7,0,0,Southeastern,Away,
Raeleen Gutierrez,LSU,1B,0.308,0.39,0.558,0.948,17,59,52,9,16,5,1,2,14,0,7,4,0,0,Southeastern,Away,
Jayda Kearney,Georgia,RF,0.306,0.452,0.51,0.962,17,62,49,8,15,1,0,3,9,1,12,16,0,0,Southeastern,Away,
Kendra Falby,Florida,CF,0.306,0.372,0.4,0.772,23,94,85,22,26,3,1,1,8,1,8,16,7,2,Southeastern,Away,
Zaida Puni,Tennessee,DP,0.3,0.417,0.567,0.983,20,72,60,7,18,1,0,5,16,2,10,11,0,0,Southeastern,Away,
Lauryn Borzilleri,Kentucky,1B,0.3,0.375,0.6,0.975,20,58,50,7,15,3,0,4,11,0,6,8,0,0,Southeastern,Away,
Maci Bergeron,LSU,C,0.298,0.327,0.447,0.773,16,49,47,2,14,4,0,1,6,0,2,12,0,0,Southeastern,Away,
Destiny Rodriguez,Tennessee,2B,0.298,0.394,0.421,0.815,21,66,57,6,17,1,0,2,6,2,7,2,0,0,Southeastern,Away,
Jessie Blaine,Mississippi State,DP,0.295,0.426,0.386,0.812,18,54,44,8,13,1,0,1,8,0,10,9,0,0,Southeastern,Away,
Kramer Eschete,Texas A&M,LF,0.294,0.4,0.333,0.733,20,61,51,10,15,2,0,0,4,0,9,12,5,1,Southeastern,Away,
Peyton Plotts,Kentucky,RF,0.293,0.356,0.683,1.038,20,45,41,6,12,1,0,5,12,0,4,15,0,0,Southeastern,Away,
Icess Tresvik,Auburn,RF,0.292,0.32,0.458,0.778,15,51,48,5,14,2,0,2,3,0,2,14,2,1,Southeastern,Away,
Madisyn Kennedy,Mississippi State,1B,0.286,0.426,0.714,1.141,18,61,49,8,14,3,0,6,17,1,11,11,0,0,Southeastern,Away,
Kayley Lenger,Missouri,RF,0.286,0.487,0.321,0.809,26,78,56,14,16,2,0,0,2,12,10,14,4,0,Southeastern,Away,
Salen Hawkins,Mississippi State,2B,0.283,0.333,0.37,0.703,18,51,46,5,13,1,0,1,9,1,3,9,0,0,Southeastern,Away,
Kiki Milloy,Tennessee,CF,0.282,0.427,0.437,0.864,21,89,71,23,20,5,0,2,7,1,17,14,9,0,Southeastern,Away,
Allie Enright,Texas A&M,RF,0.279,0.313,0.475,0.789,20,67,61,10,17,3,0,3,15,0,4,13,1,0,Southeastern,Away,
Vanessa Nesby,Kentucky,CF,0.278,0.316,0.306,0.621,15,38,36,4,10,1,0,0,3,0,2,4,2,0,Southeastern,Away,
Amelia Lech,Auburn,1B,0.278,0.413,0.556,0.969,15,46,36,4,10,1,0,3,7,2,7,10,0,0,Southeastern,Away,
Bri Ellis,Arkansas,1B,0.277,0.417,0.489,0.906,18,60,47,11,13,1,0,3,13,2,10,3,0,1,Southeastern,Away,
Ally Hutchins,Kentucky,DP,0.277,0.358,0.468,0.827,19,54,47,7,13,0,0,3,10,0,6,12,1,0,Southeastern,Away,
Jenna Laird,Missouri,SS,0.275,0.333,0.319,0.652,26,103,91,16,25,4,0,0,13,1,8,7,5,1,Southeastern,Away,
Margaret Tobias,Kentucky,2B,0.273,0.333,0.273,0.606,18,36,33,6,9,0,0,0,0,1,2,3,1,0,Southeastern,Away,
Paige Cook,Mississippi State,RF,0.271,0.333,0.354,0.687,17,54,48,5,13,1,0,1,6,1,4,7,0,0,Southeastern,Away,
Jenna Johnson,Alabama,LF,0.27,0.405,0.524,0.929,22,80,63,15,17,1,0,5,13,7,8,6,1,0,Southeastern,Away,
Julia Cottrill,Texas A&M,C,0.27,0.319,0.413,0.732,20,72,63,7,17,3,0,2,17,0,6,7,0,0,Southeastern,Away,
Giulia Koutsoyanopulos,Tennessee,1B,0.267,0.343,0.433,0.777,21,68,60,10,16,2,1,2,9,0,7,17,2,0,Southeastern,Away,
Zoe Laneaux,South Carolina,3B,0.267,0.32,0.422,0.742,14,51,45,5,12,1,0,2,8,0,4,7,0,1,Southeastern,Away,
Nadia Barbary,Mississippi State,3B,0.263,0.344,0.456,0.8,18,65,57,9,15,8,0,1,9,1,6,8,0,0,Southeastern,Away,
Jamie Mackay,Ole Miss,RF,0.262,0.354,0.31,0.664,18,49,42,5,11,2,0,0,4,2,4,8,0,0,Southeastern,Away,
Aynslie Furbush,Ole Miss,DP,0.26,0.356,0.56,0.916,19,59,50,5,13,3,0,4,11,1,7,13,0,0,Southeastern,Away,
Grace Lorsung,Kentucky,3B,0.259,0.328,0.569,0.897,20,64,58,7,15,3,0,5,16,4,2,13,1,1,Southeastern,Away,
Taylor Pannell,Tennessee,RF,0.258,0.313,0.371,0.684,21,68,62,11,16,1,0,2,6,0,5,6,1,0,Southeastern,Away,
Laura Mealer,Tennessee,SS,0.255,0.361,0.333,0.694,20,63,51,9,13,1,0,1,10,2,7,7,5,2,Southeastern,Away,
Amari Harper,Texas A&M,1B,0.25,0.4,0.295,0.695,16,55,44,11,11,2,0,0,2,4,7,9,2,1,Southeastern,Away,
Jaydyn Goodwin,Georgia,LF,0.25,0.345,0.271,0.616,16,56,48,4,12,1,0,0,6,2,5,7,5,1,Southeastern,Away,
Emily Digby,Georgia,1B,0.25,0.362,0.625,0.987,17,48,40,10,10,1,1,4,7,1,6,13,1,0,Southeastern,Away,
Karley Shelton,South Carolina,2B,0.25,0.28,0.292,0.572,10,25,24,2,6,1,0,0,3,0,1,5,0,0,Southeastern,Away,
McKenna Gibson,Tennessee,3B,0.247,0.3,0.342,0.642,20,80,73,6,18,1,0,2,13,2,4,12,0,0,Southeastern,Away,
Lexie Brady,Ole Miss,C,0.245,0.479,0.469,0.948,21,72,49,10,12,2,0,3,11,12,10,20,1,0,Southeastern,Away,
Karli Petty,LSU,2B,0.244,0.295,0.341,0.637,15,46,41,3,10,1,0,1,5,2,1,5,1,0,Southeastern,Away,
Kara Daly,Missouri,3B,0.243,0.337,0.405,0.743,26,86,74,8,18,3,0,3,16,2,9,15,0,0,Southeastern,Away,
Jazmine Hill,Texas A&M,CF,0.242,0.397,0.306,0.704,21,79,62,14,15,1,0,1,9,1,15,8,0,1,Southeastern,Away,
Kali Heivilin,Alabama,2B,0.242,0.324,0.516,0.84,22,72,62,8,15,1,2,4,10,3,5,16,1,0,Southeastern,Away,
Angelina DeLeon,Ole Miss,2B,0.241,0.339,0.444,0.783,21,62,54,9,13,2,0,3,9,4,4,21,0,0,Southeastern,Away,
Riley Blampied,South Carolina,CF,0.236,0.338,0.436,0.775,16,66,55,7,13,3,1,2,10,1,8,3,0,2,Southeastern,Away,
Bailey Dowling,Alabama,3B,0.226,0.293,0.283,0.576,20,58,53,4,12,3,0,0,2,1,4,13,0,0,Southeastern,Away,
Erin Coffel,Kentucky,SS,0.226,0.446,0.472,0.918,20,74,53,12,12,4,0,3,8,6,15,8,2,0,Southeastern,Away,
Makayla Packer,Auburn,CF,0.225,0.404,0.475,0.879,15,58,40,5,9,3,2,1,3,5,7,11,5,0,Southeastern,Away,
Brooke Blankenship,South Carolina,SS,0.225,0.319,0.225,0.544,16,48,40,5,9,0,0,0,2,0,6,10,0,0,Southeastern,Away,
Lyndi Rae Davis,Georgia,C,0.225,0.377,0.425,0.802,16,53,40,4,9,2,0,2,15,1,10,15,0,0,Southeastern,Away,
Nia Carter,Arkansas,RF,0.224,0.24,0.224,0.464,17,54,49,4,11,0,0,0,2,1,0,1,0,0,Southeastern,Away,
Giulia Desiderio,South Carolina,C,0.222,0.3,0.222,0.522,15,41,36,6,8,0,0,0,3,3,1,2,1,0,Southeastern,Away,
Abby Duchscherer,Alabama,1B,0.22,0.264,0.38,0.644,17,53,50,3,11,2,0,2,9,0,3,8,0,0,Southeastern,Away,
Sydney Kuma,Georgia,2B,0.217,0.379,0.217,0.597,17,58,46,6,10,0,0,0,5,8,4,11,2,0,Southeastern,Away,
Aniyah Black,South Carolina,1B,0.217,0.327,0.435,0.762,16,55,46,4,10,1,0,3,11,1,7,16,0,0,Southeastern,Away,
Ella Wesolowski,Mississippi State,C,0.217,0.28,0.348,0.628,16,50,46,2,10,3,0,1,6,0,4,5,0,0,Southeastern,Away,
Kelley Lynch,LSU,DP,0.216,0.326,0.378,0.704,14,44,37,3,8,3,0,1,10,0,6,6,0,0,Southeastern,Away,
Ariel Kowalewski,Florida,3B,0.216,0.339,0.412,0.75,21,64,51,13,11,1,0,3,10,1,9,8,1,0,Southeastern,Away,
Hannah Gammill,Arkansas,3B,0.209,0.397,0.581,0.978,18,58,43,10,9,1,0,5,12,4,10,11,0,0,Southeastern,Away,
Katie Kistler,Florida,RF,0.203,0.266,0.339,0.605,21,64,59,13,12,3,1,1,11,2,3,8,3,0,Southeastern,Away,
Delaney Rummell,Ole Miss,3B,0.2,0.273,0.25,0.523,21,68,60,8,12,3,0,0,6,0,6,4,0,0,Southeastern,Away,
Kianna Jones,South Carolina,RF,0.2,0.308,0.356,0.663,16,52,45,6,9,1,0,2,4,0,7,9,0,0,Southeastern,Away,
Karissa Hamilton,Kentucky,C,0.196,0.288,0.283,0.571,20,52,46,5,9,1,0,1,4,1,5,9,0,0,Southeastern,Away,
Rylen Wiggins,Texas A&M,2B,0.194,0.254,0.387,0.641,21,70,62,8,12,0,0,4,6,1,4,7,2,1,Southeastern,Away,
Taylor Pleasants,LSU,SS,0.192,0.328,0.269,0.597,17,65,52,8,10,1,0,1,3,2,9,8,0,0,Southeastern,Away,
Jaiden Fields,Georgia,DP,0.188,0.222,0.188,0.41,13,18,16,,3,0,0,0,4,1,0,7,0,0,Southeastern,Away,
Kylee Edwards,Mississippi State,SS,0.185,0.228,0.259,0.487,18,57,54,5,10,2,1,0,3,0,3,6,0,1,Southeastern,Away,
Julia Crenshaw,Missouri,C,0.179,0.286,0.284,0.569,25,82,67,14,12,4,0,1,9,2,8,9,4,0,Southeastern,Away,
Katie Chester,Missouri,DP,0.179,0.233,0.268,0.501,24,63,56,3,10,2,0,1,11,2,2,11,0,1,Southeastern,Away,
Anna Wohlers,Auburn,3B,0.174,0.291,0.37,0.66,15,56,46,4,8,3,0,2,3,3,5,18,2,0,Southeastern,Away,
Nelia Peralta,Auburn,SS,0.17,0.214,0.189,0.403,15,56,53,1,9,1,0,0,2,1,2,5,2,1,Southeastern,Away,
Rylin Hedgecock,Arkansas,DP,0.167,0.205,0.333,0.538,18,44,42,6,7,1,0,2,5,2,0,6,0,0,Southeastern,Away,
Paige Smith,Ole Miss,1B,0.162,0.216,0.279,0.496,21,76,68,10,11,2,0,2,7,0,5,4,0,0,Southeastern,Away,
Ryan Starr,Ole Miss,SS,0.162,0.244,0.162,0.406,21,44,37,7,6,0,0,0,1,1,3,9,1,0,Southeastern,Away,
Raigan Kramer,Arkansas,LF,0.133,0.31,0.244,0.555,18,59,45,6,6,0,1,1,7,1,11,9,1,0,Southeastern,Away,
Ellie Armistead,Georgia,SS,0.128,0.19,0.128,0.319,17,42,39,4,5,0,0,0,1,0,3,10,1,0,Southeastern,Away,
Mia Williams,Florida,2B,0.077,0.234,0.103,0.337,20,51,39,9,3,1,0,0,1,3,5,15,3,0,Southeastern,Away,
Victoria Altamirano,Incarnate Word,LF,0.461,0.559,0.789,1.349,24,93,76,27,35,8,1,5,24,3,14,4,3,0,Southland,Home,0.026
Alexis Dibbley,McNeese,CF,0.435,0.524,0.725,1.248,28,85,69,18,30,7,2,3,17,1,13,5,5,2,Southland,Home,0.193
Ka'Lyn Watson,Southeastern Louisiana,LF,0.429,0.512,0.686,1.197,25,89,70,24,30,6,3,2,13,4,10,12,15,3,Southland,Home,0.128
Maddison Guillen,Incarnate Word,3B,0.388,0.453,0.478,0.931,24,76,67,12,26,4,1,0,9,2,6,4,1,0,Southland,Home,0.088
Baylee Lemons,Incarnate Word,SS,0.388,0.438,0.463,0.901,24,76,67,9,26,3,1,0,15,1,5,6,1,0,Southland,Home,0.215
Maddie Watson,Southeastern Louisiana,2B,0.387,0.472,0.516,0.988,25,75,62,6,24,3,1,1,13,2,8,6,1,2,Southland,Home,0.228
Tristin Court,Northwestern State,3B,0.385,0.421,0.673,1.094,17,57,52,8,20,7,1,2,12,1,3,9,2,1,Southland,Home,0.147
Jillian Guiterrez,Incarnate Word,RF,0.385,0.397,0.508,0.905,20,71,65,11,25,0,1,2,23,0,2,3,1,0,Southland,Home,0.118
Sophia Livers,Northwestern State,CF,0.379,0.457,0.517,0.974,15,35,29,5,11,2,1,0,2,4,1,2,4,0,Southland,Home,0.212
Monee Montilla,Texas A&M-Corpus Christi,1B,0.375,0.524,0.594,1.118,14,42,32,4,12,4,0,1,2,0,10,7,0,0,Southland,Home,0.11
Bailey Krolczyk,Southeastern Louisiana,C,0.368,0.423,0.515,0.938,25,81,68,14,25,4,3,0,11,0,8,8,7,1,Southland,Home,0.015
Jayne Sepulveda,Lamar,2B,0.364,0.419,0.47,0.889,21,76,66,13,24,3,2,0,7,0,7,7,2,1,Southland,Home,0.152
Corine Poncho,McNeese,1B,0.36,0.504,0.767,1.272,33,115,86,33,31,4,2,9,21,2,25,13,13,0,Southland,Home,0.089
Jasie Roberts,Houston Christian,C,0.359,0.438,0.484,0.923,22,74,64,12,23,5,0,1,9,5,4,5,4,0,Southland,Home,0.069
Samantha Mundine,McNeese,RF,0.358,0.406,0.463,0.869,32,106,95,11,34,8,1,0,24,1,8,5,3,1,Southland,Home,0.083
Taniece Tyson,Texas A&M-Corpus Christi,DH,0.349,0.404,0.512,0.916,15,48,43,2,15,4,0,1,6,1,3,2,0,0,Southland,Home,0.105
Abby Andersen,Nicholls,RF,0.347,0.389,0.388,0.777,18,55,49,10,17,2,0,0,8,0,4,4,8,1,Southland,Home,0.067
Tehya Pitts,East Texas A&M,CF,0.343,0.369,0.394,0.763,36,104,99,17,34,3,1,0,2,0,4,13,12,4,Southland,Home,0.087
Taylor Williams,Northwestern State,2B,0.341,0.4,0.386,0.786,16,51,44,8,15,2,0,0,2,1,4,5,3,0,Southland,Home,0.07
Dariane Cram,Incarnate Word,CF,0.34,0.459,0.34,0.799,19,65,50,13,17,0,0,0,7,2,9,6,1,1,Southland,Home,0.113
Diamond Sefe,East Texas A&M,C,0.338,0.42,0.532,0.953,35,88,77,12,26,6,0,3,13,2,9,8,9,1,Southland,Home,0.171
Reagan Heflin,Nicholls,LF,0.333,0.378,0.391,0.77,22,77,69,8,23,4,0,0,10,0,5,11,2,0,Southland,Home,0.086
Audrey Greely,Southeastern Louisiana,DP,0.328,0.406,0.448,0.854,25,72,58,19,19,2,1,1,11,1,8,11,12,0,Southland,Home,-0.01
Colleen Kulivan,Southeastern Louisiana,RF,0.327,0.364,0.442,0.806,24,60,52,10,17,1,1,1,11,1,2,10,9,1,Southland,Home,0.017
Chloe Magee,Southeastern Louisiana,SS,0.324,0.395,0.353,0.748,25,83,68,19,22,2,0,0,9,1,7,15,16,2,Southland,Home,0.044
Maria Detillier,Southeastern Louisiana,3B,0.319,0.41,0.551,0.96,25,86,69,16,22,4,3,2,19,0,12,9,3,0,Southland,Home,-0.019
Shenita Tucker,Lamar,CF,0.318,0.378,0.394,0.772,21,77,66,15,21,3,1,0,5,0,7,8,7,3,Southland,Home,0.001
Trinity Brandon,Lamar,3B,0.308,0.379,0.462,0.841,17,58,52,9,16,4,2,0,8,2,4,9,2,0,Southland,Home,0.034
Sidney Campion,Texas A&M-Corpus Christi,CF,0.308,0.357,0.385,0.742,15,43,39,9,12,1,1,0,1,0,3,9,3,3,Southland,Home,0.138
Cam Goodman,Southeastern Louisiana,CF,0.306,0.469,0.306,0.775,25,65,49,15,15,0,0,0,8,0,15,7,13,5,Southland,Home,-0.021
Alina Jasso,Texas A&M-Corpus Christi,LF,0.304,0.34,0.37,0.71,15,51,46,7,14,3,0,0,5,0,3,7,7,0,Southland,Home,0.099
Juls Garcia,Houston Christian,LF,0.302,0.313,0.413,0.725,21,66,63,9,19,1,3,0,7,0,1,7,2,1,Southland,Home,0.038
Lexi Johnson,Southeastern Louisiana,1B,0.297,0.325,0.527,0.852,25,79,74,11,22,5,0,4,20,0,3,9,1,0,Southland,Home,-0.1
Erin Krause,Nicholls,3B,0.286,0.349,0.446,0.796,20,64,56,8,16,5,2,0,7,1,5,7,4,1,Southland,Home,0.04
Claire Sisco,Nicholls,2B,0.283,0.386,0.35,0.736,22,74,60,12,17,2,1,0,7,5,5,8,7,1,Southland,Home,0.067
Samantha Gwiazda,Nicholls,SS,0.282,0.349,0.385,0.733,21,47,39,11,11,1,0,1,4,1,3,10,6,0,Southland,Home,0.093
Rylie Bouvier,McNeese,3B,0.277,0.4,0.431,0.831,29,84,65,20,18,2,1,2,11,1,13,5,8,1,Southland,Home,-0.038
Isabella Arzola,East Texas A&M,LF,0.272,0.33,0.284,0.613,36,92,81,9,22,1,0,0,6,0,7,16,11,3,Southland,Home,0.129
Crislyne Moreno,McNeese,LF,0.267,0.333,0.387,0.72,29,87,75,17,20,7,1,0,12,2,6,14,9,0,Southland,Home,0.032
Ashlynn Griffith,East Texas A&M,RF,0.266,0.28,0.291,0.572,36,84,79,11,21,2,0,0,2,0,2,13,13,1,Southland,Home,0.09
Ab Garcia,Houston Christian,CF,0.265,0.296,0.309,0.605,21,72,68,8,18,1,1,0,2,0,3,5,6,1,Southland,Home,0.022
Maddy Bailey,Houston Christian,RF,0.264,0.35,0.434,0.784,20,60,53,11,14,3,0,2,12,0,7,14,1,0,Southland,Home,-0.007
Molly VandenBout,Nicholls,DP,0.263,0.3,0.447,0.747,16,40,38,3,10,1,0,2,6,2,0,8,0,0,Southland,Home,0.06
Isabella Hune,Texas A&M-Corpus Christi,RF,0.263,0.3,0.263,0.563,11,20,19,1,5,0,0,0,0,0,1,2,5,0,Southland,Home,0.049
Mia Liscano,Northwestern State,SS,0.262,0.273,0.31,0.582,16,45,42,5,11,2,0,0,6,1,0,2,1,0,Southland,Home,0.054
Reese Reyna,McNeese,SS,0.26,0.419,0.37,0.789,33,94,73,15,19,6,1,0,7,4,16,9,8,1,Southland,Home,0.026
Cameron Niedenthal,Lamar,DP,0.259,0.333,0.407,0.741,21,64,54,3,14,2,0,2,8,0,7,9,0,0,Southland,Home,0.074
Mariana Torres,McNeese,2B,0.256,0.326,0.41,0.736,33,92,78,14,20,4,1,2,16,1,8,10,7,1,Southland,Home,-0.052
Kaicey Hagler,Houston Christian,2B,0.255,0.333,0.373,0.706,21,61,51,9,13,1,1,1,6,0,7,13,0,0,Southland,Home,-0.008
Darby Hickey,East Texas A&M,1B,0.254,0.306,0.313,0.619,30,74,67,4,17,4,0,0,12,0,5,15,2,0,Southland,Home,0.149
Alexa Poche',Nicholls,1B,0.25,0.344,0.375,0.719,21,65,56,9,14,2,1,1,7,2,6,4,1,0,Southland,Home,-0.029
Gabby Higbee,Nicholls,CF,0.25,0.277,0.477,0.754,18,48,44,7,11,4,0,2,10,0,2,8,2,1,Southland,Home,0.06
Ryleigh Mata,Incarnate Word,2B,0.246,0.387,0.377,0.764,23,78,61,16,15,1,2,1,11,2,12,5,0,0,Southland,Home,-0.087
Ashlyn Walker,Northwestern State,C,0.243,0.364,0.324,0.688,14,44,37,5,9,3,0,0,4,3,4,6,0,0,Southland,Home,-0.078
Kalyn Xayaseng,Lamar,LF,0.243,0.364,0.324,0.688,20,45,37,7,9,1,1,0,3,1,6,8,0,0,Southland,Home,-0.014
Aly Delafield,Northwestern State,1B,0.242,0.342,0.424,0.766,14,38,33,4,8,2,2,0,0,1,4,7,0,0,Southland,Home,0.139
Haylie Savage,Houston Christian,SS,0.239,0.325,0.478,0.802,22,78,67,16,16,4,0,4,12,2,7,9,3,0,Southland,Home,-0.094
Emmie Miehe,East Texas A&M,2B,0.231,0.315,0.323,0.638,31,74,65,13,15,6,0,0,4,0,8,15,2,1,Southland,Home,0.154
Charli Anger,East Texas A&M,3B,0.207,0.239,0.322,0.561,33,93,87,7,18,4,0,2,14,0,4,11,1,0,Southland,Home,-0.058
Laney Roos,Northwestern State,RF,0.205,0.407,0.282,0.689,17,55,39,10,8,1,1,0,4,1,13,4,2,0,Southland,Home,-0.058
Kimane Rogron,Texas A&M-Corpus Christi,3B,0.182,0.265,0.273,0.538,15,50,44,7,8,2,1,0,4,1,4,1,1,0,Southland,Home,0.002
Tatum Wright,East Texas A&M,1B,0.18,0.231,0.23,0.46,29,65,61,4,11,3,0,0,7,1,3,7,3,0,Southland,Home,-0.143
Paolina Baez,Texas A&M-Corpus Christi,2B,0.175,0.214,0.275,0.489,15,44,40,5,7,1,0,1,7,0,2,10,2,0,Southland,Home,-0.052
Brooke Davis,Lamar,RF,0.167,0.265,0.214,0.48,19,52,42,6,7,2,0,0,5,0,6,6,0,1,Southland,Home,-0.041
Veronica Harrison,Lamar,1B,0.136,0.235,0.237,0.473,21,68,59,3,8,1,1,1,6,1,7,11,0,0,Southland,Home,-0.219
Rylie Rutherford,Nicholls,C,0.067,0.122,0.133,0.256,17,50,45,2,3,0,0,1,6,1,2,9,1,0,Southland,Home,-0.3
Victoria Altamirano,Incarnate Word,LF,0.435,0.473,0.797,1.27,19,74,69,18,30,8,1,5,18,1,4,8,4,0,Southland,Away,
Lexi Johnson,Southeastern Louisiana,1B,0.397,0.432,0.632,1.065,23,75,68,12,27,5,1,3,17,0,5,8,1,0,Southland,Away,
Rylie Rutherford,Nicholls,C,0.367,0.436,0.592,1.028,20,56,49,5,18,5,0,2,7,4,2,6,0,1,Southland,Away,
Veronica Harrison,Lamar,1B,0.355,0.429,0.468,0.896,21,70,62,3,22,4,0,1,15,0,8,3,0,0,Southland,Away,
Bailey Krolczyk,Southeastern Louisiana,C,0.353,0.384,0.588,0.972,22,77,68,15,24,11,1,1,15,0,4,13,5,0,Southland,Away,
Audrey Greely,Southeastern Louisiana,DP,0.338,0.375,0.462,0.837,23,72,65,9,22,5,0,1,13,0,5,15,4,0,Southland,Away,
Maria Detillier,Southeastern Louisiana,3B,0.338,0.392,0.437,0.829,23,81,71,16,24,4,0,1,15,0,7,4,4,2,Southland,Away,
Haylie Savage,Houston Christian,SS,0.333,0.4,0.583,0.983,23,81,72,18,24,4,1,4,12,0,8,9,3,2,Southland,Away,
Ryleigh Mata,Incarnate Word,2B,0.333,0.356,0.386,0.742,18,60,57,6,19,1,1,0,6,1,1,3,1,0,Southland,Away,
Cam Goodman,Southeastern Louisiana,CF,0.327,0.431,0.382,0.813,23,67,55,10,18,0,0,1,6,0,10,8,10,1,Southland,Away,
Tatum Wright,East Texas A&M,1B,0.323,0.4,0.452,0.852,14,36,31,2,10,4,0,0,2,0,4,6,0,1,Southland,Away,
Ashlyn Walker,Northwestern State,C,0.321,0.309,0.321,0.63,20,56,53,3,17,0,0,0,7,0,0,5,0,0,Southland,Away,
Shenita Tucker,Lamar,CF,0.317,0.434,0.444,0.879,21,76,63,17,20,3,1,1,7,1,12,8,13,1,Southland,Away,
Rylie Bouvier,McNeese,3B,0.315,0.383,0.389,0.772,19,61,54,7,17,2,1,0,11,3,3,5,6,1,Southland,Away,
Colleen Kulivan,Southeastern Louisiana,RF,0.31,0.344,0.362,0.706,23,63,58,9,18,3,0,0,5,0,3,9,4,1,Southland,Away,
Mariana Torres,McNeese,2B,0.308,0.345,0.462,0.807,21,59,52,9,16,4,2,0,4,1,2,8,5,0,Southland,Away,
Ka'Lyn Watson,Southeastern Louisiana,LF,0.301,0.366,0.466,0.832,23,85,73,18,22,2,2,2,17,2,6,16,10,0,Southland,Away,
Maddison Guillen,Incarnate Word,3B,0.3,0.375,0.38,0.755,18,57,50,9,15,4,0,0,7,1,5,4,0,0,Southland,Away,
Jasie Roberts,Houston Christian,C,0.29,0.347,0.435,0.781,23,75,69,14,20,5,1,1,7,3,3,2,2,1,Southland,Away,
Abby Andersen,Nicholls,RF,0.28,0.321,0.3,0.621,20,54,50,6,14,1,0,0,2,0,3,5,4,1,Southland,Away,
Chloe Magee,Southeastern Louisiana,SS,0.28,0.316,0.32,0.636,23,84,75,16,21,1,1,0,1,1,3,9,7,1,Southland,Away,
Alexa Poche',Nicholls,1B,0.279,0.309,0.508,0.817,22,69,61,6,17,5,0,3,13,0,4,4,0,0,Southland,Away,
Samantha Mundine,McNeese,RF,0.275,0.342,0.29,0.632,21,76,69,6,19,1,0,0,4,1,6,5,3,2,Southland,Away,
Trinity Brandon,Lamar,3B,0.274,0.318,0.435,0.754,20,66,62,11,17,4,0,2,11,0,4,14,2,1,Southland,Away,
Taylor Williams,Northwestern State,2B,0.271,0.368,0.407,0.774,20,69,59,8,16,2,3,0,7,0,9,10,2,1,Southland,Away,
Maddy Bailey,Houston Christian,RF,0.271,0.353,0.492,0.844,22,68,59,7,16,4,0,3,15,0,8,16,0,0,Southland,Away,
Corine Poncho,McNeese,1B,0.271,0.357,0.644,1.001,19,71,59,15,16,4,0,6,15,2,7,16,2,0,Southland,Away,
Jillian Guiterrez,Incarnate Word,RF,0.267,0.29,0.35,0.64,17,62,60,8,16,2,0,1,8,1,1,2,1,2,Southland,Away,
Monee Montilla,Texas A&M-Corpus Christi,1B,0.265,0.359,0.382,0.741,15,40,34,4,9,4,0,0,2,0,5,10,0,0,Southland,Away,
Charli Anger,East Texas A&M,3B,0.265,0.324,0.441,0.766,14,40,34,2,9,0,0,2,6,0,3,4,0,1,Southland,Away,
Juls Garcia,Houston Christian,LF,0.264,0.328,0.321,0.648,21,59,53,9,14,1,1,0,0,0,5,11,6,2,Southland,Away,
Kaicey Hagler,Houston Christian,2B,0.263,0.371,0.386,0.757,22,71,57,4,15,2,1,1,8,0,11,12,0,0,Southland,Away,
Laney Roos,Northwestern State,RF,0.263,0.364,0.316,0.679,20,67,57,5,15,0,0,1,6,1,8,5,0,0,Southland,Away,
Kalyn Xayaseng,Lamar,LF,0.257,0.435,0.257,0.692,18,46,35,6,9,0,0,0,1,2,9,8,2,0,Southland,Away,
Tehya Pitts,East Texas A&M,CF,0.256,0.275,0.256,0.531,13,40,39,4,10,0,0,0,1,0,1,8,7,0,Southland,Away,
Reagan Heflin,Nicholls,LF,0.247,0.272,0.39,0.661,24,83,77,13,19,7,2,0,8,0,3,9,4,0,Southland,Away,
Erin Krause,Nicholls,3B,0.246,0.329,0.308,0.636,24,75,65,8,16,4,0,0,1,1,7,9,2,2,Southland,Away,
Taniece Tyson,Texas A&M-Corpus Christi,DH,0.244,0.279,0.512,0.791,16,43,41,4,10,2,0,3,6,0,2,8,0,0,Southland,Away,
Ab Garcia,Houston Christian,CF,0.243,0.274,0.286,0.56,20,73,70,7,17,1,1,0,1,0,3,18,5,0,Southland,Away,
Alexis Dibbley,McNeese,CF,0.242,0.315,0.455,0.77,21,73,66,10,16,6,1,2,3,1,6,17,1,0,Southland,Away,
Tristin Court,Northwestern State,3B,0.238,0.269,0.397,0.665,20,68,63,4,15,5,1,1,16,1,2,10,2,0,Southland,Away,
Crislyne Moreno,McNeese,LF,0.235,0.298,0.431,0.73,19,58,51,7,12,4,0,2,12,1,4,10,6,0,Southland,Away,
Reese Reyna,McNeese,SS,0.234,0.302,0.319,0.621,20,57,47,4,11,2,1,0,10,2,3,9,5,2,Southland,Away,
Dariane Cram,Incarnate Word,CF,0.227,0.346,0.25,0.596,16,52,44,5,10,1,0,0,1,0,8,8,1,0,Southland,Away,
Paolina Baez,Texas A&M-Corpus Christi,2B,0.227,0.32,0.273,0.593,17,51,44,5,10,2,0,0,2,1,5,7,0,1,Southland,Away,
Claire Sisco,Nicholls,2B,0.216,0.28,0.27,0.551,24,84,74,8,16,1,0,1,5,0,7,10,5,0,Southland,Away,
Isabella Hune,Texas A&M-Corpus Christi,RF,0.214,0.241,0.286,0.527,13,29,28,2,6,2,0,0,2,0,1,6,0,1,Southland,Away,
Jayne Sepulveda,Lamar,2B,0.212,0.224,0.258,0.481,20,70,66,6,14,3,0,0,6,0,1,8,1,0,Southland,Away,
Brooke Davis,Lamar,RF,0.208,0.309,0.292,0.601,18,55,48,6,10,2,1,0,5,1,6,7,3,0,Southland,Away,
Mia Liscano,Northwestern State,SS,0.208,0.236,0.264,0.501,19,56,53,7,11,3,0,0,2,0,2,8,1,1,Southland,Away,
Alina Jasso,Texas A&M-Corpus Christi,LF,0.205,0.286,0.227,0.513,15,49,44,6,9,1,0,0,2,0,5,12,3,1,Southland,Away,
Molly VandenBout,Nicholls,DP,0.203,0.277,0.39,0.667,23,65,59,4,12,2,0,3,6,1,5,5,1,0,Southland,Away,
Gabby Higbee,Nicholls,CF,0.19,0.238,0.328,0.566,21,64,58,5,11,2,0,2,7,0,4,10,2,1,Southland,Away,
Samantha Gwiazda,Nicholls,SS,0.189,0.204,0.208,0.411,24,56,53,4,10,1,0,0,0,1,0,12,6,1,Southland,Away,
Cameron Niedenthal,Lamar,DP,0.185,0.302,0.222,0.524,21,63,54,2,10,2,0,0,6,1,8,7,1,0,Southland,Away,
Kimane Rogron,Texas A&M-Corpus Christi,3B,0.18,0.226,0.26,0.486,17,54,50,5,9,1,0,1,7,0,3,3,1,0,Southland,Away,
Ashlynn Griffith,East Texas A&M,RF,0.176,0.176,0.176,0.353,11,17,17,0,3,0,0,0,1,0,0,5,1,0,Southland,Away,
Baylee Lemons,Incarnate Word,SS,0.173,0.173,0.212,0.385,19,55,52,5,9,2,0,0,6,0,0,4,0,0,Southland,Away,
Sidney Campion,Texas A&M-Corpus Christi,CF,0.17,0.17,0.255,0.426,17,48,47,1,8,4,0,0,4,0,0,16,0,0,Southland,Away,
Diamond Sefe,East Texas A&M,C,0.167,0.342,0.3,0.642,13,39,30,2,5,4,0,0,1,3,5,3,2,1,Southland,Away,
Sophia Livers,Northwestern State,CF,0.167,0.211,0.167,0.377,20,42,36,4,6,0,0,0,2,0,2,5,2,2,Southland,Away,
Maddie Watson,Southeastern Louisiana,2B,0.159,0.239,0.254,0.493,23,76,63,4,10,4,1,0,8,0,7,8,2,0,Southland,Away,
Isabella Arzola,East Texas A&M,LF,0.143,0.189,0.143,0.332,15,40,35,0,5,0,0,0,5,0,2,4,1,0,Southland,Away,
Darby Hickey,East Texas A&M,1B,0.105,0.346,0.105,0.451,13,26,19,0,2,0,0,0,1,1,6,4,0,0,Southland,Away,
Aly Delafield,Northwestern State,1B,0.103,0.212,0.138,0.35,14,35,29,3,3,1,0,0,1,1,3,5,0,0,Southland,Away,
Emmie Miehe,East Texas A&M,2B,0.077,0.077,0.115,0.192,14,27,26,1,2,1,0,0,1,0,0,8,0,0,Southland,Away,
Nyomi Jones,Florida A&M,CF,0.535,0.565,0.721,1.286,14,48,43,15,23,1,2,1,9,0,3,1,5,0,Southwestern,Home,0.179
Paris Johnson,Texas Southern,CF,0.528,0.553,0.694,1.247,10,40,36,11,19,4,1,0,4,0,2,0,13,1,Southwestern,Home,0.18
Audrey Garcia,Prairie View,CF,0.516,0.556,0.613,1.168,13,38,31,10,16,3,0,0,11,0,4,2,0,1,Southwestern,Home,0.175
Biviana Figueroa,Prairie View,C,0.477,0.533,0.659,1.192,16,60,44,15,21,2,0,2,18,1,10,4,5,0,Southwestern,Home,0.07
Dakota Daniels,Alabama A&M,CF,0.475,0.512,0.625,1.137,13,43,40,10,19,2,2,0,5,0,3,9,15,1,Southwestern,Home,0.118
Jaylyn Davis,Prairie View,3B,0.465,0.552,0.698,1.249,16,58,43,15,20,4,0,2,20,2,10,5,0,0,Southwestern,Home,0.132
Mia Nunez,Prairie View,LF,0.435,0.533,0.913,1.446,16,61,46,24,20,6,2,4,18,1,11,6,5,0,Southwestern,Home,0.079
Kindall DeRamus,Alabama State,CF,0.423,0.506,0.592,1.097,25,86,71,30,30,4,4,0,16,1,12,4,10,2,Southwestern,Home,-0.019
Kendall Smiley,Alabama State,RF,0.415,0.417,0.524,0.941,27,89,82,20,34,1,4,0,10,0,1,5,14,0,Southwestern,Home,0.046
Brooklyn Scott,Bethune-Cookman,LF,0.413,0.442,0.63,1.073,16,52,46,11,19,8,1,0,7,0,4,1,4,0,Southwestern,Home,0.135
Mia Blasingane,Florida A&M,RF,0.4,0.417,0.429,0.845,15,39,35,6,14,1,0,0,5,0,1,3,1,0,Southwestern,Home,-0.019
Joslynn Davis,Bethune-Cookman,CF,0.395,0.409,0.419,0.828,17,51,43,12,17,1,0,0,5,0,1,5,4,0,Southwestern,Home,0.062
Katie Puckett,Alabama A&M,3B,0.381,0.409,0.571,0.981,14,44,42,3,16,6,1,0,4,1,1,10,0,0,Southwestern,Home,0.057
Faith Cross,Alabama A&M,1B,0.379,0.486,0.552,1.037,13,35,29,7,11,3,1,0,7,1,5,2,3,0,Southwestern,Home,0.187
Kiauna Watson,Florida A&M,2B,0.375,0.468,0.575,1.043,15,50,40,16,15,2,3,0,12,0,7,2,8,1,Southwestern,Home,0.158
Jaeslyn Frazier,Southern,3B,0.368,0.415,0.605,1.02,15,41,38,5,14,0,0,3,7,1,2,5,0,0,Southwestern,Home,0.178
Ja'Lynn Swiney,Texas Southern,3B,0.367,0.394,0.4,0.794,11,33,30,7,11,1,0,0,6,0,2,3,0,0,Southwestern,Home,0.065
Amaya Gainer,Florida A&M,SS,0.366,0.438,0.488,0.925,15,48,41,10,15,3,1,0,7,2,4,3,2,0,Southwestern,Home,0.01
Jaeda Gardner,Alabama State,2B,0.366,0.438,0.38,0.818,27,81,71,21,26,1,0,0,5,1,8,12,19,2,Southwestern,Home,0.058
Julie Lopez,Jackson State,SS,0.364,0.41,0.436,0.846,20,62,55,7,20,4,0,0,13,0,5,6,3,0,Southwestern,Home,0.152
Essence Gibbs,Bethune-Cookman,RF,0.358,0.452,0.509,0.961,17,64,53,17,19,0,4,0,9,0,9,6,9,1,Southwestern,Home,0.05
Jace Jackson,Jackson State,3B,0.357,0.441,0.536,0.977,20,68,56,14,20,6,2,0,18,2,8,5,4,0,Southwestern,Home,0.051
Tavia Leadon,Grambling,1B,0.349,0.404,0.512,0.916,15,47,43,4,15,7,0,0,6,0,4,3,0,0,Southwestern,Home,-0.009
Jessica Alaan,Bethune-Cookman,2B,0.348,0.358,0.413,0.772,16,55,46,8,16,3,0,0,14,1,2,1,4,0,Southwestern,Home,-0.012
Marisa Perla,Texas Southern,SS,0.344,0.371,0.5,0.871,12,35,32,5,11,2,0,1,5,0,2,4,0,0,Southwestern,Home,0.184
Briana Velasquez,Bethune-Cookman,SS,0.343,0.409,0.429,0.838,15,47,35,7,12,3,0,0,7,0,6,3,3,0,Southwestern,Home,-0.037
Aerin Talley,Prairie View,2B,0.333,0.381,0.872,1.253,15,43,39,12,13,4,1,5,14,0,3,7,4,0,Southwestern,Home,0.107
Allyson Riches,Alabama A&M,CF,0.333,0.429,0.361,0.79,13,44,36,6,12,1,0,0,4,1,5,2,2,0,Southwestern,Home,0.03
Hannah Garza,Prairie View,1B,0.333,0.481,0.762,1.243,10,29,21,3,7,3,0,2,12,0,6,1,1,0,Southwestern,Home,0.145
Kamryn Broussard,Grambling,LF,0.333,0.42,0.429,0.849,15,50,42,7,14,2,1,0,2,2,5,5,3,2,Southwestern,Home,0.044
Jade Smith,Mississippi Valley,CF,0.325,0.413,0.45,0.863,14,46,40,6,13,1,2,0,2,2,4,4,4,1,Southwestern,Home,0.096
Amari Broughton,Arkansas-Pine Bluff,3B,0.321,0.367,0.464,0.831,21,61,56,9,18,5,0,1,13,0,4,8,1,0,Southwestern,Home,0.039
Brooke Ramsey,Alabama State,C,0.317,0.344,0.4,0.744,25,65,60,7,19,3,1,0,20,0,3,3,3,0,Southwestern,Home,0.093
Kalyiah Gibson,Jackson State,RF,0.317,0.411,0.317,0.728,20,73,63,16,20,0,0,0,6,0,10,19,23,0,Southwestern,Home,-0.011
Nyah Morgan,Florida A&M,C,0.316,0.404,0.579,0.983,16,47,38,8,12,3,2,1,15,2,5,3,0,0,Southwestern,Home,0.008
Kiri Parker,Alcorn State,P,0.313,0.333,0.563,0.896,12,33,32,3,10,1,2,1,4,0,1,8,0,0,Southwestern,Home,0.177
Karisma Garcia,Texas Southern,C,0.303,0.4,0.455,0.855,12,41,33,1,10,2,0,1,8,0,6,5,0,0,Southwestern,Home,0.02
Alexia Denby,Alabama State,RF,0.301,0.338,0.425,0.762,26,80,73,9,22,5,2,0,14,0,5,17,5,0,Southwestern,Home,-0.012
Meah Almaraz,Jackson State,1B,0.295,0.357,0.344,0.701,20,70,61,9,18,3,0,0,16,0,7,12,0,0,Southwestern,Home,0.076
Olivia Miller,Alcorn State,SS,0.294,0.351,0.353,0.704,11,37,34,5,10,2,0,0,3,0,3,4,4,0,Southwestern,Home,0.078
Hermariya Stephens,Jackson State,CF,0.291,0.409,0.4,0.809,19,68,55,16,16,2,2,0,6,0,11,15,11,2,Southwestern,Home,-0.031
Deana Zuniga,Texas Southern,LF,0.29,0.378,0.387,0.765,12,40,31,4,9,1,1,0,4,0,5,7,2,0,Southwestern,Home,0.068
Alana Mark,Southern,1B,0.286,0.345,0.551,0.896,16,55,49,6,14,4,0,3,10,0,5,8,2,0,Southwestern,Home,-0.154
Thais Uyema,Bethune-Cookman,C,0.282,0.364,0.282,0.646,16,47,39,10,11,0,0,0,3,3,2,0,4,0,Southwestern,Home,-0.036
Kristian Edwards,Alcorn State,CF,0.282,0.364,0.333,0.697,13,46,39,3,11,2,0,0,3,0,5,5,8,2,Southwestern,Home,0.054
Saniah Henderson,Texas Southern,1B,0.273,0.304,0.364,0.668,8,23,22,2,6,2,0,0,5,0,1,2,0,0,Southwestern,Home,-0.06
Brianna Duggins,Florida A&M,1B,0.27,0.325,0.405,0.73,14,40,37,7,10,1,2,0,7,0,3,3,1,0,Southwestern,Home,-0.016
Deija Russell,Grambling,RF,0.269,0.333,0.308,0.641,12,31,26,1,7,1,0,0,4,0,3,5,0,1,Southwestern,Home,0.208
Asia George,Southern,CF,0.267,0.313,0.489,0.801,14,48,45,10,12,2,4,0,1,2,1,10,5,1,Southwestern,Home,-0.073
Joyce Bloome,Bethune-Cookman,DP,0.267,0.283,0.267,0.549,16,48,45,10,12,0,0,0,4,0,1,8,5,1,Southwestern,Home,0.051
Shalin Charles,Arkansas-Pine Bluff,DH,0.265,0.333,0.429,0.762,20,54,49,4,13,2,0,2,8,1,4,10,0,0,Southwestern,Home,0.028
Pamela Richardson,Texas Southern,RF,0.261,0.346,0.261,0.607,9,30,23,5,6,0,0,0,1,0,3,3,5,0,Southwestern,Home,-0.087
Kaitlyn Harper,Mississippi Valley,C,0.257,0.297,0.314,0.612,14,37,35,2,9,2,0,0,1,0,2,5,0,0,Southwestern,Home,-0.022
Jayda Williams,Grambling,C,0.25,0.364,0.286,0.649,14,37,28,1,7,1,0,0,2,1,4,9,0,1,Southwestern,Home,0.179
Katelynn Walls,Grambling,SS,0.25,0.362,0.275,0.637,15,50,40,5,10,1,0,0,3,0,7,7,5,0,Southwestern,Home,0.028
Kallie Earlington,Bethune-Cookman,3B,0.25,0.321,0.417,0.738,10,29,24,3,6,2,1,0,4,0,3,3,0,0,Southwestern,Home,-0.008
Samantha Smith,Florida A&M,P,0.25,0.342,0.469,0.811,13,38,32,4,8,2,1,1,12,0,5,3,1,0,Southwestern,Home,-0.103
Sydney Wesley,Southern,DH,0.241,0.306,0.278,0.584,17,62,54,4,13,2,0,0,5,0,6,8,6,2,Southwestern,Home,-0.022
Hannah Miller,Alcorn State,2B,0.241,0.313,0.31,0.623,13,32,29,3,7,0,1,0,1,1,2,6,1,0,Southwestern,Home,-0.12
Destinee Smith,Prairie View,SS,0.237,0.375,0.263,0.638,15,49,38,12,9,1,0,0,6,0,9,2,7,0,Southwestern,Home,0.101
Leah Richardson,Alabama State,1B,0.234,0.309,0.319,0.628,24,55,47,6,11,2,1,0,14,0,6,5,0,0,Southwestern,Home,-0.034
Aylani Ottley,Southern,3B,0.233,0.343,0.233,0.576,15,35,30,5,7,0,0,0,0,1,4,11,2,1,Southwestern,Home,0.09
Ta'mya Johnson,Grambling,CF,0.231,0.362,0.333,0.695,15,48,39,5,9,1,0,1,3,1,7,3,5,1,Southwestern,Home,0.031
Makyia Taylor,Southern,C,0.224,0.25,0.408,0.658,16,52,49,6,11,3,0,2,5,1,1,4,1,0,Southwestern,Home,-0.074
Kelsey Lockridge,Alcorn State,1B,0.222,0.282,0.25,0.532,13,40,36,1,8,1,0,0,3,1,2,9,0,1,Southwestern,Home,0.052
Iyanna Canada,Alabama A&M,RF,0.219,0.242,0.219,0.461,13,37,32,6,7,0,0,0,3,0,1,6,6,0,Southwestern,Home,0.128
Alana Scott,Alabama State,SS,0.219,0.276,0.313,0.589,25,80,64,14,14,1,1,1,17,0,7,9,6,1,Southwestern,Home,-0.102
Samiyyah Huckabee,Jackson State,2B,0.213,0.245,0.319,0.564,17,49,47,13,10,2,0,1,7,0,2,6,11,0,Southwestern,Home,0.057
Beija Allen,Jackson State,LF,0.212,0.413,0.364,0.777,16,49,33,11,7,5,0,0,4,3,9,8,3,0,Southwestern,Home,-0.044
Genise Wells,Alcorn State,3B,0.211,0.318,0.211,0.529,13,44,38,6,8,0,0,0,6,0,6,5,4,1,Southwestern,Home,0.12
McKenzie Ogden,Southern,LF,0.2,0.333,0.233,0.567,13,37,30,3,6,1,0,0,2,0,6,7,3,0,Southwestern,Home,-0.086
Zahria Jones,Alabama A&M,DP,0.194,0.265,0.419,0.684,12,34,31,6,6,1,0,2,7,1,2,6,1,0,Southwestern,Home,-0.017
Jada Carhee,Arkansas-Pine Bluff,SS,0.188,0.25,0.292,0.542,19,52,48,8,9,3,1,0,5,1,3,14,4,1,Southwestern,Home,0.009
Keira Miracle-Tilford,Southern,RF,0.182,0.217,0.364,0.581,16,48,44,8,8,1,2,1,7,0,2,5,0,1,Southwestern,Home,-0.055
Gabrielle Willis,Jackson State,LF,0.147,0.216,0.235,0.452,16,39,34,6,5,1,1,0,7,0,3,5,3,0,Southwestern,Home,-0.194
Samaria Jackson,Arkansas-Pine Bluff,1B,0.143,0.186,0.214,0.401,21,61,56,5,8,2,1,0,6,0,3,9,0,0,Southwestern,Home,-0.09
Aulora Edwards,Mississippi Valley,1B,0.138,0.167,0.172,0.339,13,30,29,2,4,1,0,0,3,0,1,6,1,0,Southwestern,Home,-0.168
Jasmine Carlson,Arkansas-Pine Bluff,RF,0.114,0.17,0.114,0.284,20,48,44,2,5,0,0,0,1,0,3,15,2,0,Southwestern,Home,0.007
Angel Morales,Texas Southern,1B,0.111,0.357,0.111,0.468,9,28,18,1,2,0,0,0,4,0,8,3,0,0,Southwestern,Home,-0.278
Hillary Victor,Mississippi Valley,SS,0.077,0.314,0.077,0.391,14,35,26,3,2,0,0,0,1,0,9,5,0,0,Southwestern,Home,-0.077
Haley Akers,Mississippi Valley,LF,0.071,0.103,0.107,0.211,13,29,28,1,2,1,0,0,2,0,1,8,0,0,Southwestern,Home,-0.129
Kindall DeRamus,Alabama State,CF,0.442,0.51,0.674,1.185,13,49,43,17,19,2,4,0,9,0,6,0,4,2,Southwestern,Away,
Alana Mark,Southern,1B,0.44,0.491,0.54,1.031,15,57,50,7,22,2,0,1,9,1,5,6,0,1,Southwestern,Away,
Mia Blasingane,Florida A&M,RF,0.419,0.438,0.419,0.857,14,33,31,11,13,0,0,0,3,1,0,4,5,0,Southwestern,Away,
Biviana Figueroa,Prairie View,C,0.407,0.492,0.722,1.215,18,65,54,9,22,3,1,4,13,1,9,5,0,0,Southwestern,Away,
Angel Morales,Texas Southern,1B,0.389,0.54,0.417,0.957,17,50,36,2,14,1,0,0,6,0,13,7,0,0,Southwestern,Away,
Briana Velasquez,Bethune-Cookman,SS,0.38,0.404,0.54,0.944,16,53,50,14,19,5,0,1,12,0,2,3,3,0,Southwestern,Away,
Kendall Smiley,Alabama State,RF,0.369,0.379,0.508,0.886,19,66,65,15,24,3,3,0,11,0,1,6,6,2,Southwestern,Away,
Hannah Miller,Alcorn State,2B,0.361,0.429,0.528,0.956,17,43,36,5,13,4,1,0,4,2,3,10,4,1,Southwestern,Away,
Jessica Alaan,Bethune-Cookman,2B,0.36,0.4,0.44,0.84,16,57,50,7,18,4,0,0,11,0,4,1,3,0,Southwestern,Away,
Tavia Leadon,Grambling,1B,0.358,0.37,0.566,0.936,17,54,53,3,19,0,1,3,12,0,1,8,0,0,Southwestern,Away,
Dakota Daniels,Alabama A&M,CF,0.357,0.4,0.405,0.805,13,45,42,8,15,0,1,0,1,0,3,6,3,0,Southwestern,Away,
Nyomi Jones,Florida A&M,CF,0.356,0.383,0.356,0.739,13,47,45,6,16,0,0,0,5,0,2,3,1,0,Southwestern,Away,
Amaya Gainer,Florida A&M,SS,0.356,0.38,0.422,0.802,15,50,45,11,16,1,1,0,9,1,2,2,4,0,Southwestern,Away,
Mia Nunez,Prairie View,LF,0.356,0.451,0.508,0.959,19,71,59,10,21,3,0,2,18,1,10,6,6,2,Southwestern,Away,
Samantha Smith,Florida A&M,P,0.353,0.425,0.559,0.984,13,40,34,4,12,4,0,1,10,0,5,3,1,0,Southwestern,Away,
Pamela Richardson,Texas Southern,RF,0.348,0.423,0.348,0.771,16,58,46,7,16,0,0,0,5,0,6,7,4,1,Southwestern,Away,
Paris Johnson,Texas Southern,CF,0.348,0.375,0.413,0.788,15,48,46,11,16,0,0,1,2,1,1,3,7,0,Southwestern,Away,
Audrey Garcia,Prairie View,CF,0.341,0.42,0.386,0.806,18,50,44,9,15,2,0,0,2,1,5,10,0,0,Southwestern,Away,
Gabrielle Willis,Jackson State,LF,0.341,0.408,0.386,0.795,18,51,44,5,15,0,1,0,10,0,5,6,3,0,Southwestern,Away,
Asia George,Southern,CF,0.34,0.415,0.426,0.841,14,53,47,8,16,2,1,0,12,0,6,1,4,2,Southwestern,Away,
Jaylyn Davis,Prairie View,3B,0.333,0.413,0.63,1.042,19,63,54,7,18,4,0,4,13,1,7,14,0,2,Southwestern,Away,
Joslynn Davis,Bethune-Cookman,CF,0.333,0.375,0.356,0.731,15,49,45,16,15,1,0,0,6,0,3,2,8,2,Southwestern,Away,
Saniah Henderson,Texas Southern,1B,0.333,0.362,0.511,0.873,16,47,45,5,15,2,0,2,4,0,2,13,0,0,Southwestern,Away,
Kalyiah Gibson,Jackson State,RF,0.328,0.368,0.406,0.774,18,68,64,14,21,1,2,0,9,0,4,16,10,2,Southwestern,Away,
Katie Puckett,Alabama A&M,3B,0.324,0.425,0.471,0.896,14,41,34,3,11,5,0,0,7,1,5,6,0,0,Southwestern,Away,
Hermariya Stephens,Jackson State,CF,0.322,0.364,0.441,0.804,19,68,59,18,19,3,2,0,5,1,4,11,17,1,Southwestern,Away,
Alana Scott,Alabama State,SS,0.321,0.361,0.589,0.95,20,62,56,10,18,5,2,2,18,1,3,7,6,1,Southwestern,Away,
Thais Uyema,Bethune-Cookman,C,0.318,0.348,0.364,0.711,16,48,44,9,14,2,0,0,4,0,2,3,1,1,Southwestern,Away,
Alexia Denby,Alabama State,RF,0.313,0.353,0.5,0.853,17,51,48,7,15,4,1,1,9,0,3,14,3,0,Southwestern,Away,
Jaeda Gardner,Alabama State,2B,0.308,0.318,0.385,0.703,20,66,65,15,20,3,1,0,9,0,1,10,5,1,Southwestern,Away,
Essence Gibbs,Bethune-Cookman,RF,0.308,0.379,0.327,0.706,16,58,52,17,16,1,0,0,9,0,6,9,11,0,Southwestern,Away,
Nyah Morgan,Florida A&M,C,0.308,0.396,0.436,0.832,16,49,39,5,12,3,1,0,8,2,5,7,2,0,Southwestern,Away,
Aulora Edwards,Mississippi Valley,1B,0.306,0.419,0.333,0.752,15,45,36,3,11,1,0,0,1,1,6,7,1,2,Southwestern,Away,
Jace Jackson,Jackson State,3B,0.306,0.386,0.419,0.805,19,70,62,12,19,2,1,1,15,0,8,9,7,0,Southwestern,Away,
Allyson Riches,Alabama A&M,CF,0.303,0.41,0.424,0.834,13,40,33,4,10,4,0,0,2,0,6,4,0,0,Southwestern,Away,
Ja'Lynn Swiney,Texas Southern,3B,0.302,0.348,0.442,0.79,18,47,43,7,13,3,0,1,8,0,3,9,0,0,Southwestern,Away,
Makyia Taylor,Southern,C,0.298,0.365,0.383,0.748,15,52,47,5,14,4,0,0,13,0,5,5,3,0,Southwestern,Away,
Kamryn Broussard,Grambling,LF,0.289,0.313,0.378,0.69,15,48,45,7,13,2,1,0,3,1,1,6,2,0,Southwestern,Away,
McKenzie Ogden,Southern,LF,0.286,0.348,0.286,0.634,15,47,42,8,12,0,0,0,1,0,4,5,1,1,Southwestern,Away,
Brianna Duggins,Florida A&M,1B,0.286,0.302,0.405,0.707,16,43,42,3,12,3,1,0,7,0,1,7,1,0,Southwestern,Away,
Karisma Garcia,Texas Southern,C,0.283,0.364,0.391,0.755,17,56,46,4,13,2,0,1,14,0,7,6,0,1,Southwestern,Away,
Amari Broughton,Arkansas-Pine Bluff,3B,0.282,0.429,0.385,0.813,15,50,39,3,11,1,0,1,6,3,7,10,0,1,Southwestern,Away,
Kaitlyn Harper,Mississippi Valley,C,0.279,0.304,0.395,0.7,15,46,43,4,12,2,0,1,7,0,2,7,0,1,Southwestern,Away,
Brooklyn Scott,Bethune-Cookman,LF,0.278,0.297,0.361,0.658,11,37,36,6,10,1,1,0,4,0,1,6,3,0,Southwestern,Away,
Leah Richardson,Alabama State,1B,0.268,0.348,0.39,0.738,15,46,41,2,11,2,0,1,7,2,3,5,0,0,Southwestern,Away,
Sydney Wesley,Southern,DH,0.263,0.326,0.289,0.615,14,44,38,6,10,1,0,0,4,0,4,4,2,0,Southwestern,Away,
Kallie Earlington,Bethune-Cookman,3B,0.258,0.375,0.258,0.633,15,40,31,3,8,0,0,0,8,0,7,1,2,0,Southwestern,Away,
Beija Allen,Jackson State,LF,0.256,0.434,0.282,0.716,17,54,39,8,10,1,0,0,7,2,11,9,1,0,Southwestern,Away,
Shalin Charles,Arkansas-Pine Bluff,DH,0.237,0.256,0.263,0.52,14,39,38,1,9,1,0,0,5,1,0,11,0,0,Southwestern,Away,
Keira Miracle-Tilford,Southern,RF,0.237,0.341,0.237,0.578,14,45,38,7,9,0,0,0,4,1,5,4,2,1,Southwestern,Away,
Samaria Jackson,Arkansas-Pine Bluff,1B,0.233,0.292,0.535,0.827,16,48,43,8,10,1,0,4,12,1,3,11,1,0,Southwestern,Away,
Jade Smith,Mississippi Valley,CF,0.229,0.288,0.333,0.622,16,53,48,9,11,1,2,0,1,0,4,13,4,0,Southwestern,Away,
Kristian Edwards,Alcorn State,CF,0.228,0.302,0.246,0.547,21,64,57,6,13,1,0,0,3,0,6,9,5,1,Southwestern,Away,
Aerin Talley,Prairie View,2B,0.226,0.241,0.566,0.807,19,54,53,8,12,3,0,5,15,0,1,15,0,0,Southwestern,Away,
Brooke Ramsey,Alabama State,C,0.224,0.25,0.259,0.509,19,60,58,12,13,2,0,0,4,0,2,4,8,2,Southwestern,Away,
Deana Zuniga,Texas Southern,LF,0.222,0.243,0.25,0.493,13,40,36,5,8,1,0,0,2,0,1,10,0,0,Southwestern,Away,
Katelynn Walls,Grambling,SS,0.222,0.327,0.267,0.594,17,53,45,8,10,2,0,0,2,1,6,9,9,0,Southwestern,Away,
Meah Almaraz,Jackson State,1B,0.219,0.25,0.266,0.516,19,68,64,5,14,3,0,0,12,0,3,15,1,0,Southwestern,Away,
Kiauna Watson,Florida A&M,2B,0.217,0.265,0.239,0.504,16,52,46,8,10,1,0,0,5,0,3,11,1,0,Southwestern,Away,
Joyce Bloome,Bethune-Cookman,DP,0.216,0.275,0.216,0.491,13,42,37,9,8,0,0,0,6,0,3,7,11,0,Southwestern,Away,
Olivia Miller,Alcorn State,SS,0.216,0.318,0.243,0.561,17,45,37,3,8,1,0,0,5,1,5,7,3,3,Southwestern,Away,
Julie Lopez,Jackson State,SS,0.212,0.267,0.327,0.594,18,60,52,9,11,1,1,1,8,0,5,3,3,0,Southwestern,Away,
Zahria Jones,Alabama A&M,DP,0.211,0.375,0.316,0.691,10,25,19,0,4,2,0,0,4,2,3,4,1,0,Southwestern,Away,
Ta'mya Johnson,Grambling,CF,0.2,0.267,0.218,0.485,17,60,55,5,11,1,0,0,1,2,3,8,2,2,Southwestern,Away,
Haley Akers,Mississippi Valley,LF,0.2,0.214,0.225,0.439,15,42,40,3,8,1,0,0,7,0,1,5,2,0,Southwestern,Away,
Faith Cross,Alabama A&M,1B,0.192,0.276,0.231,0.507,11,32,26,4,5,1,0,0,1,1,2,1,0,1,Southwestern,Away,
Jaeslyn Frazier,Southern,3B,0.19,0.393,0.238,0.631,12,28,21,5,4,1,0,0,1,4,3,4,0,0,Southwestern,Away,
Hannah Garza,Prairie View,1B,0.188,0.308,0.188,0.495,16,43,32,2,6,0,0,0,4,2,4,9,1,0,Southwestern,Away,
Jada Carhee,Arkansas-Pine Bluff,SS,0.179,0.324,0.179,0.502,12,34,28,3,5,0,0,0,4,3,3,9,0,0,Southwestern,Away,
Kelsey Lockridge,Alcorn State,1B,0.17,0.216,0.234,0.45,18,51,47,2,8,3,0,0,6,2,1,11,1,0,Southwestern,Away,
Marisa Perla,Texas Southern,SS,0.16,0.222,0.24,0.462,18,56,50,4,8,1,0,1,3,0,4,6,0,0,Southwestern,Away,
Samiyyah Huckabee,Jackson State,2B,0.156,0.25,0.219,0.469,15,38,32,8,5,0,1,0,2,0,4,4,7,1,Southwestern,Away,
Hillary Victor,Mississippi Valley,SS,0.154,0.283,0.179,0.462,16,48,39,6,6,1,0,0,2,0,7,9,1,3,Southwestern,Away,
Aylani Ottley,Southern,3B,0.143,0.231,0.143,0.374,14,41,35,6,5,0,0,0,1,0,4,11,10,0,Southwestern,Away,
Kiri Parker,Alcorn State,P,0.136,0.17,0.205,0.375,18,47,44,3,6,3,0,0,4,0,2,13,0,0,Southwestern,Away,
Destinee Smith,Prairie View,SS,0.136,0.235,0.205,0.44,18,52,44,6,6,0,0,1,4,0,6,9,5,0,Southwestern,Away,
Jasmine Carlson,Arkansas-Pine Bluff,RF,0.107,0.219,0.107,0.326,14,32,28,3,3,0,0,0,0,0,4,9,2,0,Southwestern,Away,
Genise Wells,Alcorn State,3B,0.091,0.146,0.091,0.237,17,48,44,2,4,0,0,0,2,1,2,8,1,0,Southwestern,Away,
Iyanna Canada,Alabama A&M,RF,0.091,0.091,0.091,0.182,9,22,22,1,2,0,0,0,0,0,0,4,1,0,Southwestern,Away,
Jayda Williams,Grambling,C,0.071,0.161,0.107,0.268,14,31,28,2,2,1,0,0,2,1,2,12,0,0,Southwestern,Away,
Deija Russell,Grambling,RF,0.061,0.088,0.121,0.209,13,34,33,2,2,2,0,0,0,0,1,14,0,0,Southwestern,Away,
Reed Butler,James Madison,CF,0.506,0.587,0.857,1.444,24,93,77,33,39,4,1,7,22,1,14,7,4,1,Sun Belt,Home,0.148
Mihyia Davis,Louisiana,CF,0.447,0.475,0.511,0.985,28,99,94,27,42,4,1,0,9,0,5,5,13,4,Sun Belt,Home,0.021
KK Mathis,James Madison,1B,0.443,0.541,0.829,1.37,23,85,70,23,31,9,0,6,21,1,14,8,5,2,Sun Belt,Home,0.193
Hannah Borden,Southern Miss,C,0.431,0.532,1,1.532,16,62,51,15,22,5,0,8,18,1,10,5,0,0,Sun Belt,Home,0.092
Bella Henzler,James Madison,C,0.431,0.494,0.806,1.3,22,83,72,26,31,3,0,8,23,3,7,7,2,0,Sun Belt,Home,0.086
Hallie Hall,James Madison,RF,0.427,0.482,0.68,1.162,24,84,75,15,32,7,0,4,19,1,7,3,1,0,Sun Belt,Home,0.205
Maddie Hayden,Louisiana,LF,0.424,0.474,0.541,1.015,28,96,85,29,36,8,1,0,21,2,7,3,12,3,Sun Belt,Home,0.177
Hannah Earls,Texas State,SS,0.423,0.462,0.432,0.895,33,121,111,23,47,1,0,0,10,0,8,5,13,2,Sun Belt,Home,0.18
Brooklyn Ulrich,Marshall,2B,0.42,0.474,0.841,1.314,20,76,69,16,29,11,0,6,16,0,7,14,0,1,Sun Belt,Home,0.061
Kayt Houston,Appalachian State,RF,0.417,0.493,0.783,1.276,19,71,60,13,25,5,1,5,17,0,10,11,2,0,Sun Belt,Home,-0.009
Emma Davis,Georgia Southern,CF,0.41,0.51,0.446,0.956,27,103,83,21,34,3,0,0,13,1,16,2,11,2,Sun Belt,Home,0.088
Peyton Darnell,Appalachian State,C,0.4,0.439,0.717,1.156,19,66,60,12,24,4,0,5,18,0,5,5,0,0,Sun Belt,Home,0.154
Addie Wray,Appalachian State,CF,0.4,0.423,0.54,0.963,19,54,50,9,20,1,3,0,9,0,2,3,0,0,Sun Belt,Home,0.189
Lourdes Bacon,UL Monroe,LF,0.4,0.44,0.419,0.859,32,117,105,24,42,2,0,0,7,0,9,6,15,2,Sun Belt,Home,0.061
Bub Feringa,Marshall,P,0.397,0.478,0.569,1.047,20,69,58,5,23,10,0,0,13,0,10,2,1,0,Sun Belt,Home,0.082
Bailey Welch,South Alabama,LF,0.39,0.449,0.561,1.01,18,51,41,6,16,3,2,0,7,0,6,6,3,0,Sun Belt,Home,0.117
Carys Platt,UL Monroe,CF,0.384,0.475,0.43,0.905,32,106,86,24,33,2,1,0,16,1,14,14,10,3,Sun Belt,Home,0.096
Lauren Lindsey,Southern Miss,1B,0.379,0.379,0.586,0.966,11,29,29,2,11,3,0,1,6,0,0,3,0,0,Sun Belt,Home,0.27
Taylor McKinney,Troy,2B,0.378,0.447,0.581,1.028,24,86,74,17,28,4,1,3,14,0,10,7,8,0,Sun Belt,Home,0.045
Jana Lee,Southern Miss,DP,0.375,0.418,0.625,1.043,15,56,48,8,18,6,0,2,13,1,4,9,0,0,Sun Belt,Home,0.087
Brooke Ellestad,Louisiana,3B,0.372,0.4,0.513,0.913,28,87,78,13,29,3,1,2,27,0,5,5,3,0,Sun Belt,Home,-0.023
Katie Perkins,Georgia Southern,1B,0.37,0.427,0.407,0.834,27,95,81,12,30,3,0,0,14,3,5,7,1,0,Sun Belt,Home,0.133
Sasha Willems,South Alabama,C,0.367,0.426,0.429,0.854,18,57,49,4,18,1,1,0,6,0,5,9,0,0,Sun Belt,Home,0.187
Kinsley Gordon,Southern Miss,CF,0.362,0.412,0.617,1.029,16,51,47,9,17,7,1,1,6,0,4,5,0,0,Sun Belt,Home,0.169
Sydney Bickel,Marshall,SS,0.359,0.446,0.438,0.883,20,74,64,10,23,1,2,0,10,0,10,7,8,2,Sun Belt,Home,0.076
Bella Gerlach,Marshall,LF,0.358,0.456,0.731,1.187,20,79,67,21,24,4,0,7,19,0,12,13,2,0,Sun Belt,Home,0.014
Maia Mumpfield,Georgia State,1B,0.357,0.39,0.518,0.908,20,62,56,7,20,3,0,2,8,0,3,6,2,0,Sun Belt,Home,0.282
Clara Hudgens,Coastal Carolina,CF,0.356,0.433,0.407,0.84,26,69,59,16,21,1,1,0,6,3,5,15,7,1,Sun Belt,Home,0.127
Rielly Lucas,Marshall,1B,0.35,0.423,0.667,1.089,20,72,60,22,21,5,1,4,15,0,9,11,1,0,Sun Belt,Home,0.126
Libby Baker,Troy,1B,0.346,0.4,0.538,0.938,27,90,78,11,27,3,0,4,16,1,8,9,1,0,Sun Belt,Home,0.068
Camryn Michallas,Marshall,3B,0.345,0.391,0.621,1.011,20,66,58,6,20,4,0,4,13,0,5,9,0,0,Sun Belt,Home,0.066
D'Aun Riggs,Troy,RF,0.344,0.392,0.367,0.758,27,99,90,19,31,2,0,0,9,1,6,7,4,0,Sun Belt,Home,0.056
Meagan Brown,UL Monroe,RF,0.342,0.471,0.506,0.977,31,107,79,22,27,6,2,1,20,2,20,8,7,1,Sun Belt,Home,-0.084
Sara Vanderford,Texas State,3B,0.341,0.439,0.604,1.044,33,110,91,21,31,16,1,2,19,1,15,11,3,1,Sun Belt,Home,0.013
Destiny Washington,Marshall,RF,0.34,0.39,0.434,0.824,20,60,53,7,18,5,0,0,5,0,5,6,5,0,Sun Belt,Home,0.026
Kasia Parks,Marshall,CF,0.339,0.373,0.357,0.73,20,60,56,10,19,1,0,0,3,0,3,4,6,0,Sun Belt,Home,0.089
Brooklin Lippert,UL Monroe,CF,0.338,0.375,0.338,0.713,28,77,68,16,23,0,0,0,3,0,4,8,6,1,Sun Belt,Home,0.055
Grace Barrett,Appalachian State,SS,0.333,0.371,0.409,0.781,19,71,66,15,22,2,0,1,8,1,3,5,1,0,Sun Belt,Home,-0.006
Riley Zana,Coastal Carolina,2B,0.33,0.407,0.56,0.966,35,124,109,20,36,7,0,6,29,2,12,6,0,0,Sun Belt,Home,0.03
Jade Sinness,Troy,CF,0.329,0.431,0.482,0.914,27,103,85,21,28,7,0,2,20,0,16,7,5,0,Sun Belt,Home,0.014
Victoria Valdez,Louisiana,C,0.323,0.438,0.569,1.007,27,80,65,15,21,2,1,4,20,8,6,8,0,0,Sun Belt,Home,0.044
Chloe Middlebrooks,Georgia State,CF,0.322,0.371,0.489,0.86,28,98,90,16,29,3,0,4,14,2,5,13,9,1,Sun Belt,Home,0.096
Natalie Turner,Troy,3B,0.321,0.424,0.357,0.781,27,71,56,15,18,0,1,0,4,1,9,10,8,0,Sun Belt,Home,0.213
Jasmine Hall,James Madison,3B,0.319,0.438,0.569,1.008,24,89,72,22,23,6,0,4,18,4,12,6,2,0,Sun Belt,Home,0.078
Laney Credeur,Louisiana,DP,0.317,0.446,0.5,0.946,25,74,60,10,19,3,1,2,12,1,13,8,0,0,Sun Belt,Home,-0.051
Killian Roberts,Appalachian State,2B,0.314,0.5,0.457,0.957,17,50,35,9,11,2,0,1,8,0,14,6,0,0,Sun Belt,Home,0.147
Mackenzie Brasher,South Alabama,CF,0.309,0.377,0.309,0.686,18,63,55,9,17,0,0,0,4,0,6,2,7,1,Sun Belt,Home,0.006
Cecilia Vasquez,Louisiana,SS,0.309,0.361,0.527,0.888,25,62,55,12,17,3,0,3,9,1,4,5,2,2,Sun Belt,Home,0.07
Cassidy Boltz,Troy,DP,0.306,0.333,0.531,0.864,23,51,49,7,15,0,1,3,12,0,2,11,1,0,Sun Belt,Home,0.073
Alexa Langeliers,Louisiana,2B,0.305,0.462,0.678,1.14,25,79,59,20,18,4,0,6,17,1,17,8,3,0,Sun Belt,Home,-0.051
Faith Barth,Georgia Southern,2B,0.301,0.418,0.411,0.829,27,94,73,11,22,8,0,0,15,4,12,10,1,0,Sun Belt,Home,-0.032
Natalie Taylor,Southern Miss,RF,0.3,0.39,0.44,0.83,16,59,50,9,15,2,1,1,6,2,6,6,0,0,Sun Belt,Home,0.05
Mikaila Fox,Southern Miss,3B,0.297,0.435,0.432,0.867,15,46,37,5,11,5,0,0,2,2,7,8,0,0,Sun Belt,Home,0.109
Sam Roe,Louisiana,1B,0.292,0.414,0.514,0.928,28,87,72,19,21,4,0,4,16,4,11,3,3,0,Sun Belt,Home,-0.054
Madison Edwards,James Madison,2B,0.291,0.4,0.473,0.873,24,71,55,12,16,2,1,2,14,1,9,6,3,0,Sun Belt,Home,0.101
Delaney Keith,Coastal Carolina,3B,0.29,0.398,0.523,0.922,35,128,107,29,31,7,0,6,26,1,19,13,10,2,Sun Belt,Home,-0.08
Anna Jones,Texas State,RF,0.289,0.337,0.373,0.711,29,93,83,13,24,4,0,1,14,0,6,10,8,1,Sun Belt,Home,-0.084
Jacelyn Buck,UL Monroe,3B,0.288,0.373,0.39,0.763,27,69,59,7,17,3,0,1,13,0,8,7,2,0,Sun Belt,Home,0.129
Carolyn Deady,Georgia State,C,0.284,0.393,0.493,0.885,26,84,67,5,19,2,0,4,13,1,13,9,1,1,Sun Belt,Home,0.104
JJ Smith,Texas State,1B,0.282,0.435,0.493,0.928,31,92,71,10,20,3,0,4,16,1,19,14,0,0,Sun Belt,Home,-0.051
Ashton Schroyer,Georgia State,RF,0.282,0.322,0.365,0.687,28,94,85,12,24,2,1,1,4,2,3,3,2,1,Sun Belt,Home,0.032
Payton Nicholson,Georgia State,2B,0.281,0.317,0.316,0.632,24,62,57,9,16,2,0,0,2,0,3,12,4,0,Sun Belt,Home,0.11
Chloe Nadler,Georgia State,2B,0.277,0.385,0.538,0.923,24,79,65,12,18,2,0,5,14,3,9,10,8,0,Sun Belt,Home,0.022
Gabby Stagner,South Alabama,1B,0.271,0.339,0.771,1.11,17,57,48,11,13,3,3,5,13,0,6,5,1,0,Sun Belt,Home,-0.019
Reagan Glanz,Marshall,C,0.271,0.3,0.417,0.717,18,52,48,6,13,2,1,1,9,0,2,7,1,0,Sun Belt,Home,0.104
Olivia Cook,Appalachian State,3B,0.267,0.267,0.333,0.6,12,31,30,5,8,2,0,0,5,0,0,4,0,0,Sun Belt,Home,0.097
Libby Pippin,Coastal Carolina,RF,0.261,0.409,0.352,0.761,33,111,88,23,23,2,0,2,9,6,16,9,6,0,Sun Belt,Home,0.017
Courtney Ball,Georgia Southern,3B,0.26,0.304,0.34,0.644,23,56,50,6,13,1,0,1,9,0,4,6,1,0,Sun Belt,Home,0.093
Delanie Thames,Georgia Southern,SS,0.26,0.393,0.4,0.793,22,68,50,9,13,2,1,1,4,7,4,9,1,0,Sun Belt,Home,0.01
Maddy Jennings,Coastal Carolina,C,0.259,0.408,0.481,0.889,33,103,81,12,21,3,0,5,16,3,18,13,0,0,Sun Belt,Home,0.009
Jaycee Goodwin,Georgia State,3B,0.259,0.347,0.306,0.653,28,100,85,10,22,4,0,0,10,8,4,6,3,1,Sun Belt,Home,0.055
Jess Mazur,Georgia Southern,RF,0.257,0.381,0.457,0.838,27,87,70,7,18,2,0,4,17,2,12,20,0,0,Sun Belt,Home,0.114
Iyanla De Jesus,Coastal Carolina,DH,0.255,0.358,0.422,0.78,35,120,102,12,26,5,0,4,25,1,16,8,0,0,Sun Belt,Home,-0.094
Andie Edwards,UL Monroe,2B,0.25,0.33,0.361,0.691,31,93,72,16,18,3,1,1,19,1,11,3,1,2,Sun Belt,Home,0.021
Karmyn Bass,Texas State,DP,0.247,0.321,0.387,0.708,33,108,93,11,23,9,2,0,21,0,11,3,0,0,Sun Belt,Home,-0.021
Katarina Zarate,Texas State,2B,0.247,0.321,0.507,0.828,32,84,73,13,18,4,0,5,18,1,8,13,1,0,Sun Belt,Home,-0.02
Brie Normandin,Coastal Carolina,SS,0.246,0.321,0.333,0.654,33,86,69,11,17,3,0,1,12,2,6,3,1,0,Sun Belt,Home,0.03
Gracie Bellard,Georgia Southern,LF,0.246,0.403,0.316,0.719,23,72,57,12,14,4,0,0,8,5,10,6,3,0,Sun Belt,Home,0.16
Anslee Finch,Troy,LF,0.242,0.384,0.394,0.778,27,88,66,13,16,4,0,2,12,1,16,13,1,0,Sun Belt,Home,-0.062
Shelby Allen,Southern Miss,LF,0.241,0.29,0.276,0.566,12,32,29,7,7,1,0,0,0,0,2,9,2,0,Sun Belt,Home,0.057
Marley Sims,South Alabama,SS,0.238,0.333,0.286,0.619,18,50,42,9,10,0,1,0,8,3,3,3,2,1,Sun Belt,Home,-0.03
Janai Conklin,Georgia Southern,C,0.231,0.324,0.338,0.663,23,76,65,4,15,1,0,2,9,2,7,10,1,0,Sun Belt,Home,-0.003
Piper Randolph,Texas State,CF,0.23,0.321,0.338,0.659,26,85,74,14,17,3,1,1,11,0,10,13,7,1,Sun Belt,Home,-0.122
Audra Thompson,Troy,SS,0.217,0.353,0.304,0.657,27,89,69,11,15,3,0,1,18,3,12,8,0,0,Sun Belt,Home,-0.003
Abby Cunningham,Appalachian State,LF,0.214,0.313,0.262,0.574,19,52,42,4,9,2,0,0,5,1,5,10,0,0,Sun Belt,Home,-0.047
Taylor Thorp,Appalachian State,1B,0.213,0.315,0.255,0.57,19,57,47,6,10,2,0,0,1,0,7,2,0,0,Sun Belt,Home,0.059
Abbie Campbell,James Madison,SS,0.208,0.333,0.321,0.654,23,65,53,11,11,3,0,1,5,0,10,4,0,0,Sun Belt,Home,-0.057
Elle Carter,UL Monroe,SS,0.207,0.233,0.305,0.537,31,87,82,6,17,2,3,0,8,1,2,8,2,3,Sun Belt,Home,-0.116
Maria Smith,Southern Miss,SS,0.205,0.262,0.205,0.467,13,45,39,5,8,0,0,0,3,0,3,9,1,1,Sun Belt,Home,-0.045
Olivia Branstetter,South Alabama,3B,0.196,0.309,0.283,0.592,17,55,46,2,9,4,0,0,7,4,4,2,0,0,Sun Belt,Home,-0.17
Odalys Cordova,South Alabama,2B,0.167,0.179,0.222,0.402,14,39,36,5,6,0,1,0,5,0,1,2,0,1,Sun Belt,Home,-0.121
Ryanna Valdivia,Southern Miss,2B,0.111,0.32,0.111,0.431,12,27,18,3,2,0,0,0,3,0,6,3,0,0,Sun Belt,Home,-0.131
Kayla Agner,Southern Miss,1B,0.059,0.273,0.059,0.332,12,25,17,1,1,0,0,0,2,2,3,1,0,0,Sun Belt,Home,-0.077
Kayt Houston,Appalachian State,RF,0.426,0.507,0.721,1.228,19,71,61,16,26,6,0,4,10,1,9,6,5,1,Sun Belt,Away,
Mihyia Davis,Louisiana,CF,0.426,0.471,0.521,0.992,26,102,94,17,40,5,2,0,6,1,7,10,9,1,Sun Belt,Away,
Meagan Brown,UL Monroe,RF,0.426,0.483,0.685,1.169,16,61,54,10,23,5,0,3,20,0,6,4,3,0,Sun Belt,Away,
Brooke Ellestad,Louisiana,3B,0.395,0.417,0.667,1.083,25,85,81,14,32,4,0,6,26,0,3,7,1,0,Sun Belt,Away,
Anna Jones,Texas State,RF,0.373,0.435,0.441,0.875,19,71,59,13,22,4,0,0,12,0,8,4,10,1,Sun Belt,Away,
Delaney Keith,Coastal Carolina,3B,0.37,0.5,0.826,1.326,15,58,46,17,17,6,0,5,11,2,10,9,4,1,Sun Belt,Away,
Laney Credeur,Louisiana,DP,0.368,0.435,0.605,1.041,25,85,76,10,28,6,0,4,14,1,8,9,0,0,Sun Belt,Away,
Olivia Branstetter,South Alabama,3B,0.366,0.491,0.512,1.003,14,53,41,8,15,3,0,1,5,4,7,4,2,0,Sun Belt,Away,
Brooklyn Ulrich,Marshall,2B,0.359,0.411,0.75,1.161,20,73,64,17,23,4,0,7,24,1,6,12,1,0,Sun Belt,Away,
Reed Butler,James Madison,CF,0.358,0.452,0.509,0.961,17,62,53,12,19,5,0,1,9,1,8,8,2,0,Sun Belt,Away,
Alexa Langeliers,Louisiana,2B,0.356,0.396,0.586,0.982,26,96,87,13,31,5,3,3,21,1,6,6,6,0,Sun Belt,Away,
Piper Randolph,Texas State,CF,0.352,0.403,0.537,0.94,17,62,54,14,19,1,0,3,13,1,5,11,3,1,Sun Belt,Away,
Iyanla De Jesus,Coastal Carolina,DH,0.349,0.481,0.744,1.226,15,54,43,11,15,2,0,5,12,1,10,8,0,0,Sun Belt,Away,
Sam Roe,Louisiana,1B,0.346,0.442,0.556,0.998,26,96,81,18,28,5,0,4,19,4,10,7,2,0,Sun Belt,Away,
Bella Henzler,James Madison,C,0.345,0.367,0.586,0.953,17,60,58,8,20,5,0,3,6,0,2,5,2,0,Sun Belt,Away,
Bella Gerlach,Marshall,LF,0.344,0.403,0.703,1.106,20,72,64,18,22,2,0,7,20,2,5,7,5,0,Sun Belt,Away,
Hannah Borden,Southern Miss,C,0.339,0.446,0.645,1.091,20,74,62,14,21,1,0,6,11,1,11,13,1,0,Sun Belt,Away,
Lourdes Bacon,UL Monroe,LF,0.339,0.439,0.357,0.797,16,66,56,13,19,1,0,0,4,0,10,1,6,0,Sun Belt,Away,
Grace Barrett,Appalachian State,SS,0.339,0.388,0.468,0.856,19,70,62,13,21,2,0,2,12,1,4,4,1,0,Sun Belt,Away,
JJ Smith,Texas State,1B,0.333,0.412,0.596,1.008,19,68,57,7,19,3,0,4,16,2,7,4,0,0,Sun Belt,Away,
Faith Barth,Georgia Southern,2B,0.333,0.417,0.529,0.946,17,61,51,7,17,4,0,2,11,2,6,3,0,0,Sun Belt,Away,
Taylor McKinney,Troy,2B,0.333,0.421,0.455,0.876,11,38,33,8,11,2,1,0,2,1,4,3,0,1,Sun Belt,Away,
Sara Vanderford,Texas State,3B,0.328,0.417,0.787,1.204,19,73,61,15,20,4,0,8,23,0,10,11,1,0,Sun Belt,Away,
Elle Carter,UL Monroe,SS,0.323,0.323,0.387,0.71,11,32,31,8,10,2,0,0,1,0,0,1,2,0,Sun Belt,Away,
Emma Davis,Georgia Southern,CF,0.322,0.394,0.407,0.801,17,66,59,14,19,2,0,1,5,1,6,5,2,0,Sun Belt,Away,
Jade Sinness,Troy,CF,0.315,0.383,0.463,0.846,16,60,54,10,17,2,0,2,9,0,6,5,1,0,Sun Belt,Away,
Bub Feringa,Marshall,P,0.315,0.439,0.389,0.828,20,66,54,4,17,1,0,1,8,1,11,5,0,0,Sun Belt,Away,
Destiny Washington,Marshall,RF,0.314,0.364,0.412,0.775,18,55,51,6,16,2,0,1,6,0,4,6,0,0,Sun Belt,Away,
Anslee Finch,Troy,LF,0.304,0.407,0.565,0.973,16,55,46,5,14,3,0,3,7,1,7,8,0,0,Sun Belt,Away,
Mackenzie Brasher,South Alabama,CF,0.303,0.338,0.355,0.693,20,80,76,16,23,2,1,0,7,0,4,12,7,1,Sun Belt,Away,
Riley Zana,Coastal Carolina,2B,0.3,0.333,0.42,0.753,15,56,50,8,15,3,0,1,13,2,1,7,0,0,Sun Belt,Away,
Gabby Stagner,South Alabama,1B,0.29,0.389,0.677,1.066,19,72,62,12,18,6,0,6,18,1,9,10,0,0,Sun Belt,Away,
D'Aun Riggs,Troy,RF,0.288,0.3,0.373,0.673,16,61,59,8,17,1,2,0,4,0,1,7,2,0,Sun Belt,Away,
Odalys Cordova,South Alabama,2B,0.288,0.327,0.481,0.808,17,56,52,6,15,4,0,2,9,0,3,3,0,1,Sun Belt,Away,
Jana Lee,Southern Miss,DP,0.288,0.367,0.519,0.886,17,60,52,4,15,6,0,2,14,0,7,14,0,0,Sun Belt,Away,
Carys Platt,UL Monroe,CF,0.288,0.3,0.305,0.605,16,62,59,11,17,1,0,0,2,0,1,8,5,2,Sun Belt,Away,
Sydney Bickel,Marshall,SS,0.283,0.358,0.367,0.725,20,67,60,14,17,3,1,0,2,1,6,5,5,1,Sun Belt,Away,
Brooklin Lippert,UL Monroe,CF,0.283,0.313,0.283,0.595,16,50,46,5,13,0,0,0,3,0,2,3,2,1,Sun Belt,Away,
Camryn Michallas,Marshall,3B,0.279,0.333,0.311,0.645,20,67,61,7,17,0,1,0,4,0,5,8,1,1,Sun Belt,Away,
Victoria Valdez,Louisiana,C,0.279,0.43,0.459,0.889,23,79,61,7,17,2,0,3,12,8,9,3,3,0,Sun Belt,Away,
Libby Baker,Troy,1B,0.278,0.293,0.537,0.83,16,58,54,6,15,2,0,4,15,0,2,7,0,0,Sun Belt,Away,
Bailey Welch,South Alabama,LF,0.273,0.448,0.432,0.88,20,63,44,7,12,1,0,2,9,1,13,5,1,0,Sun Belt,Away,
Marley Sims,South Alabama,SS,0.268,0.339,0.357,0.696,20,66,56,5,15,3,1,0,3,0,6,5,1,2,Sun Belt,Away,
Karmyn Bass,Texas State,DP,0.268,0.339,0.375,0.714,18,64,56,9,15,0,0,2,8,0,6,8,1,0,Sun Belt,Away,
Katarina Zarate,Texas State,2B,0.267,0.377,0.289,0.666,16,53,45,4,12,1,0,0,5,1,7,11,3,0,Sun Belt,Away,
Abbie Campbell,James Madison,SS,0.265,0.324,0.5,0.824,14,38,34,3,9,2,0,2,6,0,3,2,0,0,Sun Belt,Away,
Abby Cunningham,Appalachian State,LF,0.261,0.32,0.304,0.624,19,54,46,6,12,2,0,0,4,0,4,6,0,0,Sun Belt,Away,
Chloe Nadler,Georgia State,2B,0.255,0.364,0.447,0.81,19,56,47,8,12,1,1,2,6,5,3,13,2,0,Sun Belt,Away,
Maria Smith,Southern Miss,SS,0.25,0.295,0.321,0.617,20,63,56,7,14,2,1,0,6,0,4,16,3,0,Sun Belt,Away,
Maddy Jennings,Coastal Carolina,C,0.25,0.367,0.5,0.867,15,49,40,8,10,1,0,3,8,3,5,8,0,0,Sun Belt,Away,
Natalie Taylor,Southern Miss,RF,0.25,0.318,0.417,0.735,20,69,60,6,15,4,0,2,8,2,4,11,2,0,Sun Belt,Away,
Kasia Parks,Marshall,CF,0.25,0.271,0.268,0.539,20,60,56,13,14,1,0,0,5,1,1,7,4,0,Sun Belt,Away,
Ashton Schroyer,Georgia State,RF,0.25,0.3,0.25,0.55,20,60,56,4,14,0,0,0,1,1,3,10,3,0,Sun Belt,Away,
KK Mathis,James Madison,1B,0.25,0.323,0.375,0.698,17,62,56,5,14,1,0,2,7,1,5,7,1,0,Sun Belt,Away,
Delanie Thames,Georgia Southern,SS,0.25,0.4,0.475,0.875,16,51,40,6,10,3,0,2,9,3,7,10,1,0,Sun Belt,Away,
Maddie Hayden,Louisiana,LF,0.247,0.293,0.259,0.552,25,93,85,15,21,1,0,0,5,1,5,2,5,2,Sun Belt,Away,
Peyton Darnell,Appalachian State,C,0.246,0.277,0.41,0.687,19,66,61,4,15,7,0,1,10,0,3,9,0,0,Sun Belt,Away,
Libby Pippin,Coastal Carolina,RF,0.244,0.38,0.293,0.673,15,54,41,11,10,2,0,0,2,1,8,4,3,1,Sun Belt,Away,
Hannah Earls,Texas State,SS,0.243,0.312,0.243,0.555,19,79,70,9,17,0,0,0,2,0,7,6,3,0,Sun Belt,Away,
Ryanna Valdivia,Southern Miss,2B,0.242,0.324,0.273,0.597,17,38,33,5,8,1,0,0,4,1,3,11,0,0,Sun Belt,Away,
Jasmine Hall,James Madison,3B,0.241,0.311,0.37,0.682,17,61,54,7,13,2,1,1,2,0,6,8,3,1,Sun Belt,Away,
Cecilia Vasquez,Louisiana,SS,0.239,0.278,0.403,0.681,23,72,67,11,16,2,0,3,10,3,1,7,1,0,Sun Belt,Away,
Katie Perkins,Georgia Southern,1B,0.237,0.262,0.271,0.533,17,65,59,5,14,2,0,0,6,1,1,4,0,0,Sun Belt,Away,
Janai Conklin,Georgia Southern,C,0.234,0.294,0.447,0.741,15,51,47,6,11,1,0,3,11,3,1,5,0,0,Sun Belt,Away,
Cassidy Boltz,Troy,DP,0.233,0.267,0.372,0.639,15,45,43,6,10,0,0,2,8,0,2,9,0,1,Sun Belt,Away,
Andie Edwards,UL Monroe,2B,0.229,0.316,0.438,0.753,16,58,48,9,11,4,0,2,15,1,6,7,1,0,Sun Belt,Away,
Clara Hudgens,Coastal Carolina,CF,0.229,0.27,0.229,0.499,14,40,35,6,8,0,0,0,0,1,1,6,2,1,Sun Belt,Away,
Chloe Middlebrooks,Georgia State,CF,0.226,0.294,0.339,0.633,21,68,62,9,14,4,0,1,2,4,2,12,8,1,Sun Belt,Away,
Rielly Lucas,Marshall,1B,0.224,0.375,0.517,0.892,20,72,58,13,13,5,0,4,9,2,12,14,0,0,Sun Belt,Away,
Hallie Hall,James Madison,RF,0.222,0.25,0.407,0.657,17,60,54,7,12,1,0,3,7,0,2,7,0,0,Sun Belt,Away,
Audra Thompson,Troy,SS,0.22,0.389,0.488,0.877,16,55,41,9,9,2,0,3,9,4,8,5,1,0,Sun Belt,Away,
Brie Normandin,Coastal Carolina,SS,0.216,0.293,0.243,0.536,15,44,37,2,8,1,0,0,5,0,4,3,1,0,Sun Belt,Away,
Addie Wray,Appalachian State,CF,0.211,0.211,0.211,0.421,19,58,57,4,12,0,0,0,1,0,0,5,0,0,Sun Belt,Away,
Jaycee Goodwin,Georgia State,3B,0.204,0.306,0.241,0.547,20,62,54,6,11,2,0,0,2,4,4,8,3,1,Sun Belt,Away,
Kinsley Gordon,Southern Miss,CF,0.193,0.207,0.316,0.523,20,59,57,7,11,1,0,2,12,0,1,10,0,0,Sun Belt,Away,
Madison Edwards,James Madison,2B,0.19,0.286,0.238,0.524,17,50,42,3,8,2,0,0,2,0,6,3,2,1,Sun Belt,Away,
Mikaila Fox,Southern Miss,3B,0.188,0.278,0.281,0.559,15,36,32,3,6,0,0,1,2,2,2,5,0,0,Sun Belt,Away,
Shelby Allen,Southern Miss,LF,0.184,0.295,0.184,0.48,19,44,38,11,7,0,0,0,2,0,6,14,1,0,Sun Belt,Away,
Carolyn Deady,Georgia State,C,0.18,0.293,0.26,0.553,21,59,50,3,9,1,0,1,4,2,6,10,2,0,Sun Belt,Away,
Sasha Willems,South Alabama,C,0.18,0.278,0.246,0.524,20,74,61,6,11,4,0,0,4,1,8,8,1,0,Sun Belt,Away,
Payton Nicholson,Georgia State,2B,0.171,0.205,0.171,0.375,17,44,41,0,7,0,0,0,1,1,1,11,2,0,Sun Belt,Away,
Olivia Cook,Appalachian State,3B,0.17,0.245,0.17,0.415,18,54,47,2,8,0,0,0,2,0,5,12,0,0,Sun Belt,Away,
Courtney Ball,Georgia Southern,3B,0.167,0.231,0.167,0.397,11,28,24,2,4,0,0,0,2,0,2,5,0,0,Sun Belt,Away,
Killian Roberts,Appalachian State,2B,0.167,0.288,0.405,0.693,16,52,42,6,7,2,1,2,8,1,7,14,0,0,Sun Belt,Away,
Reagan Glanz,Marshall,C,0.167,0.302,0.306,0.608,16,43,36,5,6,2,0,1,5,1,6,7,0,0,Sun Belt,Away,
Jacelyn Buck,UL Monroe,3B,0.159,0.245,0.25,0.495,16,49,44,5,7,4,0,0,6,0,5,15,0,0,Sun Belt,Away,
Taylor Thorp,Appalachian State,1B,0.154,0.286,0.288,0.574,19,65,52,5,8,1,0,2,8,1,9,4,0,0,Sun Belt,Away,
Jess Mazur,Georgia Southern,RF,0.143,0.288,0.286,0.574,17,59,49,5,7,1,0,2,9,4,6,24,0,0,Sun Belt,Away,
Kayla Agner,Southern Miss,1B,0.136,0.208,0.182,0.39,14,25,22,3,3,1,0,0,2,0,2,7,0,0,Sun Belt,Away,
Lauren Lindsey,Southern Miss,1B,0.109,0.128,0.152,0.28,18,49,46,4,5,2,0,0,2,0,1,8,0,0,Sun Belt,Away,
Natalie Turner,Troy,3B,0.108,0.25,0.135,0.385,16,46,37,3,4,1,0,0,0,3,4,9,2,1,Sun Belt,Away,
Gracie Bellard,Georgia Southern,LF,0.086,0.22,0.086,0.305,14,42,35,3,3,0,0,0,0,1,5,6,0,0,Sun Belt,Away,
Maia Mumpfield,Georgia State,1B,0.075,0.098,0.1,0.198,16,42,40,0,3,1,0,0,1,0,1,11,0,0,Sun Belt,Away,
Lexy Smith,Kansas City,3B,0.5,0.5,0.733,1.233,9,30,30,5,15,2,1,1,6,0,0,1,0,0,Summit League,Home,0.207
Emilee Buringa,North Dakota State,CF,0.48,0.552,0.72,1.272,9,29,25,9,12,3,0,1,3,0,4,6,3,0,Summit League,Home,0.307
Brooke Dumont,South Dakota State,C,0.476,0.542,0.952,1.494,8,25,21,2,10,4,0,2,14,0,3,1,0,0,Summit League,Home,0.249
Lynsey Tucker,Omaha,2B,0.439,0.582,0.634,1.216,15,55,41,15,18,3,1,1,12,3,11,2,4,1,Summit League,Home,0.101
Maggie O'Brien,Omaha,SS,0.438,0.491,0.604,1.095,15,53,48,12,21,1,2,1,5,2,3,7,8,0,Summit League,Home,0.105
Lindsey Culver,South Dakota State,LF,0.435,0.48,0.609,1.089,8,25,23,7,10,4,0,0,3,0,2,3,1,0,Summit League,Home,0.076
Kaitlyn Raymond,St. Thomas (MN),LF,0.4,0.438,0.556,0.993,13,49,45,11,18,1,3,0,2,0,3,6,3,2,Summit League,Home,0.163
Anjolee Aguilar-Beaucage,North Dakota State,2B,0.375,0.464,0.708,1.173,9,29,24,7,9,2,0,2,4,1,3,2,2,0,Summit League,Home,0.128
Rozelyn Carrillo,South Dakota State,SS,0.364,0.375,0.682,1.057,8,25,22,8,8,2,1,1,9,0,1,2,0,0,Summit League,Home,0.162
Avery Wukawitz,St. Thomas (MN),CF,0.357,0.455,0.893,1.347,9,33,28,10,10,3,0,4,8,0,5,8,3,0,Summit League,Home,0.101
Mia Jarecki,South Dakota State,2B,0.346,0.393,0.385,0.777,8,28,26,7,9,1,0,0,1,0,2,4,0,0,Summit League,Home,-0.047
Cassie Castaneda,North Dakota,C,0.343,0.385,0.343,0.727,13,39,35,3,12,0,0,0,4,0,3,2,0,0,Summit League,Home,0.093
Briona Woods,Kansas City,CF,0.343,0.439,0.457,0.896,12,41,35,5,12,4,0,0,7,2,4,5,0,0,Summit League,Home,0.124
Sydney Ross,Omaha,C,0.333,0.468,0.528,0.996,15,47,36,8,12,2,1,1,8,4,6,7,7,1,Summit League,Home,-0.006
Bella Dean,North Dakota State,2B,0.333,0.387,0.556,0.943,9,31,27,6,9,1,1,1,5,0,3,3,1,0,Summit League,Home,0.164
Alex Olson,Omaha,DP,0.323,0.395,0.581,0.975,12,38,31,5,10,2,0,2,10,0,5,8,1,0,Summit League,Home,0.083
Rylee Henderson,North Dakota State,SS,0.32,0.37,0.36,0.73,9,28,25,3,8,1,0,0,2,0,2,4,0,0,Summit League,Home,0.165
Emma Osmundson,South Dakota State,RF,0.318,0.423,0.727,1.15,8,26,22,9,7,0,0,3,12,1,3,1,0,0,Summit League,Home,0.011
Ella Cook,St. Thomas (MN),DP,0.313,0.389,0.625,1.014,5,18,16,2,5,2,0,1,5,1,1,3,0,0,Summit League,Home,-0.06
Abbi Stierlen,St. Thomas (MN),1B,0.303,0.452,0.515,0.968,13,43,33,5,10,1,0,2,10,0,9,4,0,0,Summit League,Home,0.107
Katie Noble,Kansas City,1B,0.3,0.378,0.375,0.753,14,45,40,1,12,3,0,0,5,2,3,7,0,0,Summit League,Home,0.104
Kadin Vire,Kansas City,C,0.295,0.311,0.295,0.607,14,46,44,5,13,0,0,0,3,0,1,5,1,1,Summit League,Home,0.103
Reanna Rudd,North Dakota State,1B,0.286,0.355,0.464,0.819,9,31,28,7,8,0,1,1,8,1,2,5,0,0,Summit League,Home,0.053
Laken Lienhard,St. Thomas (MN),SS,0.286,0.362,0.429,0.79,13,48,42,6,12,6,0,0,5,0,5,3,1,0,Summit League,Home,-0.02
Sydney Thomason,Omaha,RF,0.279,0.392,0.465,0.857,15,51,43,7,12,5,0,1,9,1,7,7,0,0,Summit League,Home,-0.01
Johanna Rodriguez,North Dakota,DP,0.275,0.293,0.3,0.593,13,41,40,1,11,1,0,0,1,0,1,5,0,0,Summit League,Home,0.025
Clara Edwards,South Dakota,P,0.273,0.429,0.364,0.792,6,14,11,2,3,1,0,0,2,0,3,2,0,0,Summit League,Home,0.06
Lauren Parker,Kansas City,LF,0.269,0.296,0.269,0.566,12,29,26,4,7,0,0,0,0,0,1,4,2,0,Summit League,Home,-0.087
Jocelyn Carrillo,South Dakota State,CF,0.263,0.391,0.579,0.97,8,23,19,3,5,0,0,2,2,0,4,4,0,0,Summit League,Home,0.068
Autumn Iversen,South Dakota,CF,0.263,0.25,0.474,0.724,8,20,19,2,5,2,1,0,4,0,0,4,1,1,Summit League,Home,0.133
Morgan Klein,St. Thomas (MN),RF,0.256,0.341,0.41,0.751,13,44,39,8,10,0,0,2,7,0,5,8,0,0,Summit League,Home,-0.044
Izzy Haslett,North Dakota,LF,0.237,0.293,0.237,0.53,13,41,38,2,9,0,0,0,1,0,3,4,0,0,Summit League,Home,0.033
Elleana Navarro,Kansas City,2B,0.226,0.265,0.226,0.491,12,34,31,2,7,0,0,0,2,0,2,6,0,0,Summit League,Home,0.052
Tatum Villotta,South Dakota,2B,0.222,0.25,0.296,0.546,8,28,27,3,6,2,0,0,2,0,1,3,1,0,Summit League,Home,-0.058
Ava Rongisch,Omaha,LF,0.222,0.326,0.25,0.576,15,46,36,4,8,1,0,0,12,1,6,10,0,0,Summit League,Home,-0.04
Cassidy Carby,St. Thomas (MN),3B,0.219,0.395,0.25,0.645,13,44,32,5,7,1,0,0,3,0,10,9,0,2,Summit League,Home,-0.108
Marra Cramer,Omaha,CF,0.219,0.306,0.406,0.712,15,36,32,6,7,1,1,1,2,0,4,7,2,0,Summit League,Home,-0.04
Katelyn Neumayer,North Dakota,1B,0.2,0.243,0.429,0.672,13,37,35,2,7,2,0,2,5,1,1,9,0,0,Summit League,Home,-0.082
Angie Dumlao,North Dakota,2B,0.195,0.214,0.22,0.434,13,42,41,0,8,1,0,0,0,0,1,4,0,0,Summit League,Home,-0.129
Mariah Peters,North Dakota,RF,0.188,0.235,0.219,0.454,12,34,32,2,6,1,0,0,4,0,2,9,1,0,Summit League,Home,0.013
Rylie Jones,South Dakota,SS,0.188,0.278,0.188,0.465,8,18,16,1,3,0,0,0,3,1,1,6,1,0,Summit League,Home,0.003
Jasmyn Yessian,North Dakota State,3B,0.182,0.379,0.318,0.697,9,29,22,4,4,0,0,1,4,1,6,3,0,0,Summit League,Home,0.013
Alecea Mendoza,South Dakota,DP,0.176,0.222,0.353,0.575,6,18,17,4,3,0,0,1,3,0,1,3,1,0,Summit League,Home,-0.083
Olivia Aden,Omaha,3B,0.172,0.297,0.172,0.47,13,37,29,5,5,0,0,0,5,1,5,2,0,0,Summit League,Home,-0.048
Delaney White,South Dakota,1B,0.167,0.2,0.208,0.408,8,26,24,2,4,1,0,0,5,1,0,2,0,0,Summit League,Home,-0.101
Abby Husak,Kansas City,RF,0.156,0.224,0.178,0.402,14,49,45,7,7,1,0,0,1,0,4,13,0,0,Summit League,Home,-0.168
Sydney Nichols,Kansas City,SS,0.15,0.19,0.225,0.415,14,42,40,2,6,0,0,1,3,0,2,10,1,0,Summit League,Home,-0.096
Gabby Moser,South Dakota,LF,0.143,0.25,0.286,0.536,8,24,21,2,3,1,1,0,1,0,3,4,0,0,Summit League,Home,-0.107
Taya Hopfauf,North Dakota,3B,0.135,0.2,0.135,0.335,13,40,37,4,5,0,0,0,1,1,2,14,0,0,Summit League,Home,-0.056
Cheyanne Masterson,South Dakota State,3B,0.125,0.222,0.125,0.347,8,20,16,3,2,0,0,0,0,0,2,5,0,0,Summit League,Home,0.029
Zoe King,North Dakota State,C,0.111,0.238,0.111,0.349,8,22,18,2,2,0,0,0,0,0,3,0,0,0,Summit League,Home,-0.135
Brooklyn Morris,North Dakota,CF,0.088,0.088,0.118,0.206,13,34,34,2,3,1,0,0,2,0,0,8,0,0,Summit League,Home,-0.084
Derika Castillo,Kansas City,2B,0.077,0.2,0.077,0.277,12,30,26,0,2,0,0,0,2,0,4,5,0,0,Summit League,Home,-0.152
Katie Joten,North Dakota,SS,0.042,0.2,0.042,0.242,13,32,24,1,1,0,0,0,1,4,1,6,1,1,Summit League,Home,-0.196
Mia Jarecki,South Dakota State,2B,0.393,0.459,0.631,1.09,27,99,84,24,33,1,2,5,12,0,12,12,9,0,Summit League,Away,
Ella Cook,St. Thomas (MN),DP,0.373,0.407,0.843,1.251,17,55,51,10,19,3,0,7,24,0,3,7,1,0,Summit League,Away,
Lindsey Culver,South Dakota State,LF,0.359,0.435,0.564,0.999,27,94,78,13,28,7,0,3,17,1,11,13,1,0,Summit League,Away,
Lauren Parker,Kansas City,LF,0.356,0.396,0.444,0.84,18,50,45,9,16,2,1,0,2,1,2,7,1,0,Summit League,Away,
Sydney Ross,Omaha,C,0.339,0.461,0.468,0.928,22,76,62,14,21,3,1,1,9,5,9,5,1,1,Summit League,Away,
Lynsey Tucker,Omaha,2B,0.338,0.427,0.429,0.856,22,89,77,15,26,2,1,1,11,5,7,9,2,0,Summit League,Away,
Maggie O'Brien,Omaha,SS,0.333,0.381,0.436,0.817,22,87,78,13,26,5,0,1,8,2,4,11,3,1,Summit League,Away,
Cassidy Carby,St. Thomas (MN),3B,0.327,0.383,0.655,1.038,19,60,55,12,18,3,0,5,15,0,5,17,1,0,Summit League,Away,
Angie Dumlao,North Dakota,2B,0.324,0.361,0.412,0.773,12,37,34,4,11,3,0,0,7,0,2,7,0,0,Summit League,Away,
Abby Husak,Kansas City,RF,0.324,0.432,0.324,0.756,21,82,68,12,22,0,0,0,8,1,12,10,2,0,Summit League,Away,
Emma Osmundson,South Dakota State,RF,0.307,0.357,0.42,0.778,27,99,88,14,27,8,1,0,20,1,7,14,2,0,Summit League,Away,
Laken Lienhard,St. Thomas (MN),SS,0.306,0.493,0.388,0.88,20,68,49,15,15,4,0,0,6,3,15,6,0,0,Summit League,Away,
Morgan Klein,St. Thomas (MN),RF,0.3,0.391,0.4,0.791,15,46,40,5,12,1,0,1,4,0,6,13,3,0,Summit League,Away,
Lexy Smith,Kansas City,3B,0.293,0.354,0.431,0.785,19,65,58,7,17,0,1,2,13,1,5,3,0,0,Summit League,Away,
Sydney Thomason,Omaha,RF,0.289,0.329,0.513,0.843,22,85,76,10,22,8,0,3,12,0,6,16,0,0,Summit League,Away,
Katelyn Neumayer,North Dakota,1B,0.282,0.333,0.333,0.667,15,42,39,7,11,2,0,0,2,1,2,7,0,0,Summit League,Away,
Tatum Villotta,South Dakota,2B,0.28,0.298,0.317,0.615,22,84,82,7,23,3,0,0,4,0,2,9,1,0,Summit League,Away,
Delaney White,South Dakota,1B,0.268,0.316,0.366,0.682,22,78,71,5,19,4,0,1,7,1,4,12,0,0,Summit League,Away,
Ava Rongisch,Omaha,LF,0.262,0.366,0.475,0.842,19,71,61,10,16,7,0,2,11,3,7,14,1,1,Summit League,Away,
Marra Cramer,Omaha,CF,0.259,0.322,0.333,0.655,22,60,54,6,14,2,1,0,5,0,5,10,3,0,Summit League,Away,
Alecea Mendoza,South Dakota,DP,0.259,0.375,0.333,0.708,19,65,54,8,14,2,1,0,3,1,9,12,1,0,Summit League,Away,
Avery Wukawitz,St. Thomas (MN),CF,0.256,0.373,0.349,0.721,14,52,43,8,11,1,0,1,3,3,5,12,7,1,Summit League,Away,
Cassie Castaneda,North Dakota,C,0.25,0.302,0.292,0.594,18,53,48,5,12,2,0,0,2,1,3,5,0,0,Summit League,Away,
Gabby Moser,South Dakota,LF,0.25,0.288,0.408,0.695,22,80,76,4,19,3,0,3,11,0,4,9,0,0,Summit League,Away,
Johanna Rodriguez,North Dakota,DP,0.25,0.308,0.271,0.579,18,52,48,2,12,1,0,0,9,0,4,6,0,0,Summit League,Away,
Anjolee Aguilar-Beaucage,North Dakota State,2B,0.247,0.302,0.364,0.666,26,88,77,12,19,1,1,2,7,2,5,16,2,1,Summit League,Away,
Sydney Nichols,Kansas City,SS,0.246,0.328,0.368,0.697,21,64,57,5,14,4,0,1,3,0,7,12,0,0,Summit League,Away,
Zoe King,North Dakota State,C,0.246,0.27,0.377,0.647,22,66,61,4,15,5,0,1,5,0,2,9,0,0,Summit League,Away,
Alex Olson,Omaha,DP,0.24,0.255,0.34,0.595,16,55,50,6,12,3,1,0,10,0,2,11,0,0,Summit League,Away,
Katie Joten,North Dakota,SS,0.238,0.441,0.333,0.774,18,59,42,13,10,1,0,1,5,5,11,14,8,0,Summit League,Away,
Kaitlyn Raymond,St. Thomas (MN),LF,0.237,0.308,0.288,0.596,19,65,59,13,14,3,0,0,3,0,6,12,9,1,Summit League,Away,
Reanna Rudd,North Dakota State,1B,0.233,0.319,0.3,0.619,23,69,60,3,14,1,0,1,5,0,8,5,0,0,Summit League,Away,
Derika Castillo,Kansas City,2B,0.229,0.25,0.286,0.536,17,36,35,4,8,2,0,0,1,0,1,5,0,0,Summit League,Away,
Brooke Dumont,South Dakota State,C,0.227,0.311,0.364,0.674,23,74,66,6,15,6,0,1,2,0,8,15,0,0,Summit League,Away,
Olivia Aden,Omaha,3B,0.22,0.35,0.26,0.61,19,63,50,3,11,2,0,0,1,5,5,12,0,0,Summit League,Away,
Briona Woods,Kansas City,CF,0.219,0.25,0.359,0.609,20,68,64,7,14,3,0,2,8,0,3,20,0,0,Summit League,Away,
Clara Edwards,South Dakota,P,0.213,0.333,0.319,0.652,19,60,47,4,10,2,0,1,5,2,7,8,0,0,Summit League,Away,
Izzy Haslett,North Dakota,LF,0.204,0.235,0.327,0.562,17,52,49,3,10,2,2,0,6,0,2,2,0,0,Summit League,Away,
Rozelyn Carrillo,South Dakota State,SS,0.202,0.218,0.274,0.492,27,90,84,9,17,3,0,1,7,0,2,17,0,1,Summit League,Away,
Abbi Stierlen,St. Thomas (MN),1B,0.196,0.293,0.333,0.626,18,58,51,7,10,1,0,2,9,0,7,13,1,0,Summit League,Away,
Katie Noble,Kansas City,1B,0.196,0.338,0.286,0.624,21,68,56,5,11,0,1,1,8,1,11,6,0,0,Summit League,Away,
Jocelyn Carrillo,South Dakota State,CF,0.195,0.271,0.416,0.686,27,88,77,8,15,1,2,4,14,0,8,15,1,1,Summit League,Away,
Kadin Vire,Kansas City,C,0.192,0.259,0.288,0.547,19,60,52,6,10,3,1,0,10,0,5,6,2,0,Summit League,Away,
Taya Hopfauf,North Dakota,3B,0.191,0.269,0.362,0.631,18,52,47,8,9,2,0,2,6,0,5,9,2,0,Summit League,Away,
Rylie Jones,South Dakota,SS,0.185,0.2,0.185,0.385,20,60,54,6,10,0,0,0,6,0,1,10,1,0,Summit League,Away,
Mariah Peters,North Dakota,RF,0.175,0.34,0.225,0.565,18,50,40,6,7,2,0,0,6,1,9,8,1,0,Summit League,Away,
Elleana Navarro,Kansas City,2B,0.174,0.25,0.239,0.489,17,52,46,4,8,0,0,1,5,0,5,15,1,0,Summit League,Away,
Emilee Buringa,North Dakota State,CF,0.173,0.271,0.173,0.444,27,89,75,11,13,0,0,0,2,4,6,19,6,1,Summit League,Away,
Brooklyn Morris,North Dakota,CF,0.172,0.286,0.207,0.493,12,35,29,0,5,1,0,0,3,0,5,3,0,1,Summit League,Away,
Bella Dean,North Dakota State,2B,0.169,0.263,0.239,0.502,25,80,71,6,12,2,0,1,9,0,9,8,1,0,Summit League,Away,
Jasmyn Yessian,North Dakota State,3B,0.169,0.222,0.385,0.607,25,74,65,5,11,3,1,3,13,0,5,21,0,1,Summit League,Away,
Rylee Henderson,North Dakota State,SS,0.155,0.246,0.172,0.419,25,66,58,5,9,1,0,0,2,1,6,14,1,0,Summit League,Away,
Autumn Iversen,South Dakota,CF,0.13,0.213,0.167,0.38,21,61,54,6,7,2,0,0,1,0,6,12,1,1,Summit League,Away,
Cheyanne Masterson,South Dakota State,3B,0.096,0.277,0.154,0.431,24,66,52,6,5,0,0,1,2,4,9,18,0,0,Summit League,Away,
Arianna Jaurequi,Loyola Marymount,2B,0.5,0.603,0.82,1.423,18,66,50,18,25,7,0,3,14,7,6,5,4,1,West Coast,Home,0.307
Mika Chong,Loyola Marymount,DP,0.438,0.509,0.708,1.217,17,57,48,12,21,4,0,3,15,0,7,1,5,1,West Coast,Home,0.121
Sam Buckley,Saint Mary's (CA),3B,0.432,0.594,0.864,1.457,20,64,44,19,19,6,5,1,12,7,12,7,3,0,West Coast,Home,0.154
Taylor Johnson,San Diego,1B,0.402,0.473,0.561,1.034,27,93,82,13,33,13,0,0,14,6,5,12,0,0,West Coast,Home,-0.003
Hannah Ferguson,Saint Mary's (CA),CF,0.377,0.419,0.406,0.825,20,76,69,15,26,2,0,0,5,1,4,5,8,0,West Coast,Home,0.001
Amanda Limon,San Diego,SS,0.374,0.396,0.475,0.871,32,108,99,16,37,4,3,0,14,2,3,4,4,0,West Coast,Home,0.007
Marissa Montelongo,Saint Mary's (CA),2B,0.356,0.441,0.441,0.882,20,69,59,14,21,2,0,1,8,2,7,3,14,0,West Coast,Home,0.119
Rian Dirmeyer,Pacific,SS,0.349,0.356,0.518,0.874,27,87,83,11,29,8,0,2,15,1,1,10,3,0,West Coast,Home,-0.001
Izzy Jamgotchian,Loyola Marymount,C,0.347,0.389,0.837,1.226,16,54,49,10,17,3,0,7,19,0,4,9,0,0,West Coast,Home,-0.044
Alex Cutonilli,Saint Mary's (CA),DP,0.327,0.339,0.473,0.812,20,57,55,2,18,8,0,0,10,0,1,9,0,0,West Coast,Home,0.039
Abigail Charpentier,Santa Clara,RF,0.32,0.426,0.52,0.946,20,61,50,8,16,3,2,1,3,3,7,8,3,0,West Coast,Home,0.007
Morgan Salmon,Santa Clara,3B,0.318,0.357,0.545,0.903,21,71,66,9,21,7,1,2,17,0,4,7,2,0,West Coast,Home,0.105
Joecellia Roberts,San Diego,DP,0.315,0.39,0.483,0.873,31,101,89,12,28,6,3,1,13,1,10,9,1,0,West Coast,Home,0.001
Bailey McLaughlin,Santa Clara,CF,0.306,0.358,0.306,0.665,21,72,62,8,19,0,0,0,4,0,5,2,6,1,West Coast,Home,0
Olivia Silvestre,Pacific,LF,0.304,0.44,0.392,0.832,29,102,79,21,24,4,0,1,6,4,16,6,5,0,West Coast,Home,0.023
Taylor Lane,Saint Mary's (CA),1B,0.304,0.333,0.464,0.798,20,61,56,5,17,3,0,2,13,1,2,6,0,0,West Coast,Home,0.07
Lauryn Carter,Loyola Marymount,CF,0.293,0.463,0.512,0.975,17,55,41,14,12,3,0,2,5,2,11,3,6,1,West Coast,Home,-0.011
Rebecca Rubio,Santa Clara,SS,0.292,0.382,0.333,0.715,21,57,48,10,14,2,0,0,3,1,6,4,2,0,West Coast,Home,0.157
Tele Jennings,San Diego,LF,0.281,0.36,0.472,0.832,30,101,89,15,25,12,1,1,13,2,9,22,0,1,West Coast,Home,0.043
Camille Lara,Saint Mary's (CA),LF,0.278,0.316,0.389,0.705,19,59,54,6,15,3,0,1,6,0,3,3,0,1,West Coast,Home,-0.055
Delaney Scully,Pacific,1B,0.277,0.295,0.398,0.693,29,94,83,13,23,4,0,2,9,1,2,6,0,0,West Coast,Home,0.119
Carly Ruiz,San Diego,RF,0.275,0.375,0.29,0.665,30,84,69,10,19,1,0,0,5,0,11,8,2,0,West Coast,Home,0.053
Cairah Curran,Santa Clara,2B,0.274,0.375,0.306,0.681,20,73,62,10,17,0,1,0,4,0,10,4,10,1,West Coast,Home,-0.059
Hayley Olivas,Loyola Marymount,3B,0.271,0.3,0.271,0.571,18,51,48,5,13,0,0,0,8,1,1,5,1,0,West Coast,Home,0.026
Hazyl Gray,Santa Clara,LF,0.27,0.347,0.317,0.665,21,73,63,7,17,3,0,0,6,3,5,5,5,1,West Coast,Home,-0.138
Adele Braun,Loyola Marymount,3B,0.255,0.333,0.489,0.823,18,54,47,12,12,0,1,3,12,4,2,6,0,0,West Coast,Home,0.115
Arisa Tovar,San Diego,C,0.247,0.282,0.26,0.542,27,79,73,4,18,1,0,0,6,1,3,8,1,0,West Coast,Home,0.016
Victoria Cervantes,Saint Mary's (CA),SS,0.244,0.396,0.488,0.884,17,53,41,13,10,2,1,2,12,8,3,15,4,0,West Coast,Home,-0.021
Leiora Davidson,Santa Clara,1B,0.229,0.275,0.292,0.566,19,51,48,3,11,3,0,0,4,1,2,5,0,0,West Coast,Home,0.001
Talissa Montez,Pacific,RF,0.228,0.241,0.281,0.522,20,60,57,5,13,3,0,0,4,1,0,6,2,0,West Coast,Home,-0.005
Mikalyn Emanuelli,San Diego,CF,0.224,0.298,0.263,0.561,30,88,76,11,17,1,1,0,3,0,8,5,5,0,West Coast,Home,-0.065
Asia Lee,Pacific,CF,0.209,0.292,0.256,0.547,25,51,43,6,9,2,0,0,2,0,5,10,3,0,West Coast,Home,0.169
Jordan Hayes,Pacific,2B,0.195,0.276,0.273,0.549,29,89,77,6,15,4,1,0,15,1,8,9,0,0,West Coast,Home,0.077
Michelle Delgado,San Diego,3B,0.184,0.25,0.211,0.461,28,87,76,5,14,2,0,0,6,1,6,13,6,0,West Coast,Home,-0.11
Jasmine Sofowora,Loyola Marymount,LF,0.167,0.245,0.25,0.495,18,54,48,10,8,1,0,1,8,0,5,5,2,0,West Coast,Home,-0.147
EJ Joyner,San Diego,2B,0.167,0.206,0.233,0.44,25,66,60,4,10,2,1,0,6,0,3,9,0,0,West Coast,Home,-0.073
Hazyl Gray,Santa Clara,LF,0.408,0.422,0.803,1.224,23,84,76,20,31,4,1,8,30,1,3,10,4,2,West Coast,Away,
Taylor Johnson,San Diego,1B,0.405,0.5,0.69,1.19,14,50,42,11,17,3,0,3,11,5,3,7,0,0,West Coast,Away,
Izzy Jamgotchian,Loyola Marymount,C,0.391,0.444,0.781,1.226,22,72,64,8,25,4,0,7,22,1,6,12,0,0,West Coast,Away,
Hannah Ferguson,Saint Mary's (CA),CF,0.376,0.42,0.409,0.829,27,102,93,13,35,1,1,0,13,1,6,18,12,4,West Coast,Away,
Amanda Limon,San Diego,SS,0.367,0.404,0.429,0.832,14,54,49,6,18,3,0,0,5,1,2,5,2,0,West Coast,Away,
Rian Dirmeyer,Pacific,SS,0.35,0.381,0.575,0.956,14,42,40,3,14,4,1,1,3,0,2,4,3,0,West Coast,Away,
Camille Lara,Saint Mary's (CA),LF,0.333,0.394,0.333,0.727,25,68,60,12,20,0,0,0,7,0,6,5,5,2,West Coast,Away,
Cairah Curran,Santa Clara,2B,0.333,0.365,0.333,0.698,23,85,78,22,26,0,0,0,10,0,5,10,16,2,West Coast,Away,
Mika Chong,Loyola Marymount,DP,0.317,0.391,0.45,0.841,21,71,60,10,19,2,0,2,9,0,8,5,1,1,West Coast,Away,
Jasmine Sofowora,Loyola Marymount,LF,0.314,0.4,0.569,0.969,20,62,51,8,16,1,0,4,8,3,5,6,7,1,West Coast,Away,
Joecellia Roberts,San Diego,DP,0.314,0.35,0.429,0.779,12,40,35,5,11,2,1,0,9,0,3,7,0,0,West Coast,Away,
Abigail Charpentier,Santa Clara,RF,0.313,0.397,0.448,0.845,23,79,67,15,21,3,0,2,11,3,7,10,3,1,West Coast,Away,
Bailey McLaughlin,Santa Clara,CF,0.306,0.368,0.306,0.674,21,74,62,10,19,0,0,0,6,0,6,8,11,1,West Coast,Away,
Lauryn Carter,Loyola Marymount,CF,0.304,0.418,0.375,0.793,21,68,56,8,17,4,0,0,7,5,6,10,4,2,West Coast,Away,
Michelle Delgado,San Diego,3B,0.294,0.385,0.529,0.914,12,39,34,3,10,2,0,2,7,1,4,4,0,0,West Coast,Away,
Mikalyn Emanuelli,San Diego,CF,0.289,0.341,0.316,0.657,14,43,38,6,11,1,0,0,0,0,3,3,2,0,West Coast,Away,
Alex Cutonilli,Saint Mary's (CA),DP,0.288,0.323,0.39,0.712,24,62,59,7,17,3,0,1,12,3,0,11,3,0,West Coast,Away,
Olivia Silvestre,Pacific,LF,0.281,0.455,0.406,0.861,14,44,32,4,9,1,0,1,6,1,10,5,0,0,West Coast,Away,
Sam Buckley,Saint Mary's (CA),3B,0.278,0.424,0.361,0.785,27,92,72,15,20,3,0,1,9,5,14,10,4,0,West Coast,Away,
Victoria Cervantes,Saint Mary's (CA),SS,0.265,0.413,0.49,0.902,21,64,49,12,13,2,3,1,6,5,8,13,8,1,West Coast,Away,
Hayley Olivas,Loyola Marymount,3B,0.245,0.362,0.286,0.648,18,60,49,6,12,2,0,0,6,3,6,6,1,0,West Coast,Away,
EJ Joyner,San Diego,2B,0.24,0.24,0.4,0.64,11,25,25,3,6,1,0,1,5,0,0,4,0,0,West Coast,Away,
Tele Jennings,San Diego,LF,0.238,0.333,0.429,0.762,14,49,42,7,10,2,0,2,6,0,6,7,0,0,West Coast,Away,
Marissa Montelongo,Saint Mary's (CA),2B,0.237,0.348,0.342,0.69,27,95,76,17,18,0,1,2,8,4,9,17,11,3,West Coast,Away,
Taylor Lane,Saint Mary's (CA),1B,0.234,0.298,0.351,0.648,26,85,77,8,18,3,0,2,18,0,7,10,0,0,West Coast,Away,
Talissa Montez,Pacific,RF,0.233,0.233,0.3,0.533,13,30,30,3,7,2,0,0,1,0,0,4,0,0,West Coast,Away,
Arisa Tovar,San Diego,C,0.231,0.259,0.269,0.528,10,27,26,2,6,1,0,0,3,0,1,2,0,0,West Coast,Away,
Leiora Davidson,Santa Clara,1B,0.228,0.262,0.456,0.718,20,62,57,8,13,4,0,3,17,0,3,9,1,0,West Coast,Away,
Carly Ruiz,San Diego,RF,0.222,0.243,0.278,0.521,13,41,36,7,8,0,1,0,2,0,1,1,1,0,West Coast,Away,
Morgan Salmon,Santa Clara,3B,0.213,0.28,0.253,0.534,23,82,75,13,16,1,1,0,6,2,5,7,6,0,West Coast,Away,
Arianna Jaurequi,Loyola Marymount,2B,0.193,0.356,0.228,0.584,22,78,57,9,11,2,0,0,4,6,9,9,2,0,West Coast,Away,
Delaney Scully,Pacific,1B,0.158,0.179,0.263,0.443,14,42,38,2,6,1,0,1,1,0,1,4,1,0,West Coast,Away,
Adele Braun,Loyola Marymount,3B,0.14,0.283,0.22,0.503,20,64,50,5,7,1,0,1,4,8,2,10,2,0,West Coast,Away,
Rebecca Rubio,Santa Clara,SS,0.135,0.292,0.135,0.427,22,67,52,10,7,0,0,0,3,5,7,7,2,0,West Coast,Away,
Jordan Hayes,Pacific,2B,0.118,0.231,0.118,0.348,14,40,34,1,4,0,0,0,3,0,5,7,0,0,West Coast,Away,
Asia Lee,Pacific,CF,0.04,0.172,0.04,0.212,11,30,25,0,1,0,0,0,1,0,4,8,1,0,West Coast,Away,
Kelci Hill,Tarleton State,CF,0.527,0.538,0.905,1.444,21,80,74,24,39,15,2,3,17,0,3,4,3,0,Western Athletic,Home,0.269
Kaydee Bennett,Abilene Christian,2B,0.51,0.6,0.725,1.325,18,66,51,17,26,3,4,0,7,2,11,5,7,1,Western Athletic,Home,0.141
Ashley Trierweiler,Grand Canyon,1B,0.475,0.522,0.59,1.112,38,140,122,42,58,9,1,1,26,4,10,8,18,1,Western Athletic,Home,0.06
LB Kahahawai-Kekona,Utah Tech,CF,0.443,0.521,0.508,1.029,20,71,61,21,27,2,1,0,8,0,10,1,8,2,Western Athletic,Home,0.24
Emily Gonzalez,Southern Utah,RF,0.423,0.492,0.673,1.165,16,59,52,12,22,5,1,2,15,2,5,4,1,1,Western Athletic,Home,0.011
Megan Gibbs,Utah Valley,1B,0.41,0.471,0.852,1.323,21,69,61,17,25,3,0,8,27,0,7,5,1,0,Western Athletic,Home,0.05
Taylor Fitch,Seattle,3B,0.404,0.442,0.809,1.251,16,52,47,12,19,7,0,4,10,2,2,6,0,0,Western Athletic,Home,0.046
Camille Corona,UT Arlington,3B,0.403,0.456,0.486,0.942,24,83,72,17,29,4,1,0,7,0,7,6,4,1,Western Athletic,Home,0.022
Ariyana Miranda,Southern Utah,DP,0.381,0.426,0.857,1.283,16,47,42,12,16,3,1,5,12,1,3,8,2,0,Western Athletic,Home,0.152
Rachael Brown,Utah Valley,C,0.378,0.478,0.541,1.019,18,47,37,4,14,3,0,1,8,0,8,5,0,0,Western Athletic,Home,0.062
Kalena Burns,California Baptist,1B,0.375,0.444,0.667,1.111,33,108,96,10,36,4,0,8,26,0,12,16,0,0,Western Athletic,Home,0.011
Kayla Rodgers,Grand Canyon,LF,0.374,0.441,0.495,0.936,35,112,99,16,37,9,0,1,18,3,9,17,4,2,Western Athletic,Home,0.097
Savannah Groshong-Kirk,Grand Canyon,2B,0.374,0.404,0.451,0.855,35,100,91,21,34,5,1,0,13,0,6,12,10,1,Western Athletic,Home,-0.034
Amber Rodriguez,Utah Valley,LF,0.373,0.383,0.407,0.79,17,61,59,17,22,2,0,0,6,0,1,1,2,1,Western Athletic,Home,0.082
Kayla Lyon,California Baptist,C,0.37,0.422,0.63,1.052,33,109,100,15,37,12,1,4,27,6,3,15,1,0,Western Athletic,Home,-0.061
Kassidy Munoz,Southern Utah,C,0.368,0.429,0.526,0.955,14,42,38,5,14,1,1,1,10,1,3,5,1,0,Western Athletic,Home,0.026
Kristin Fifield,Grand Canyon,RF,0.365,0.437,0.722,1.159,38,135,115,27,42,9,1,10,45,2,15,14,8,1,Western Athletic,Home,0.052
Sydney Frankenberger,Seattle,CF,0.365,0.421,0.462,0.883,16,58,52,10,19,2,0,1,3,3,2,4,1,0,Western Athletic,Home,0.016
Halle Morris,Utah Valley,DP,0.364,0.463,0.673,1.135,21,67,55,10,20,5,0,4,20,3,8,4,0,0,Western Athletic,Home,-0.041
Tristyn Trull,Tarleton State,SS,0.362,0.392,0.464,0.856,21,74,69,13,25,4,0,1,17,0,4,3,4,1,Western Athletic,Home,0.094
Kaitlyn Sailor,UT Arlington,LF,0.361,0.385,0.508,0.893,22,65,61,12,22,3,0,2,16,1,2,10,1,0,Western Athletic,Home,0.07
Ellie Vance,Stephen F. Austin,2B,0.356,0.397,0.39,0.787,20,64,59,5,21,0,1,0,7,0,4,1,2,0,Western Athletic,Home,0.033
Nikki Donahue,UT Arlington,C,0.354,0.392,0.458,0.85,20,52,48,3,17,5,0,0,8,0,3,8,0,0,Western Athletic,Home,0.021
Peyton Hall,Utah Valley,3B,0.354,0.446,0.646,1.092,19,56,48,11,17,2,0,4,12,2,6,6,0,0,Western Athletic,Home,0.117
Ramsay Lopez,Grand Canyon,DP,0.352,0.465,0.648,1.113,35,114,88,11,31,2,0,8,31,0,22,19,0,0,Western Athletic,Home,0.003
Merissa Borkowski,California Baptist,LF,0.352,0.378,0.362,0.74,34,113,105,19,37,1,0,0,10,0,5,15,5,1,Western Athletic,Home,-0.04
Karmyna Becerra,Southern Utah,3B,0.352,0.407,0.907,1.314,16,59,54,14,19,1,1,9,16,0,5,2,3,0,Western Athletic,Home,0.066
Kate Penberthy,California Baptist,3B,0.349,0.368,0.542,0.91,31,91,83,13,29,8,1,2,16,0,3,9,0,2,Western Athletic,Home,0.083
Sammie Shelander,Abilene Christian,1B,0.346,0.435,0.615,1.051,18,62,52,8,18,3,1,3,15,4,5,4,2,0,Western Athletic,Home,0.035
Kayla Wallace,Tarleton State,LF,0.344,0.459,0.754,1.214,21,75,61,19,21,7,3,4,17,2,11,14,7,0,Western Athletic,Home,0.111
Carly Eldredge,Utah Tech,2B,0.343,0.352,0.507,0.86,20,72,67,5,23,3,1,2,17,0,2,4,0,0,Western Athletic,Home,0.121
Laurie Cooke,Southern Utah,SS,0.341,0.378,0.488,0.866,16,45,41,10,14,2,2,0,4,0,3,7,4,1,Western Athletic,Home,0.058
Katy Schaefer,Tarleton State,3B,0.34,0.41,0.566,0.976,17,61,53,10,18,3,0,3,21,1,6,1,0,0,Western Athletic,Home,0.049
Katelyn Dunckel,Grand Canyon,SS,0.336,0.439,0.555,0.994,38,135,110,36,37,12,0,4,28,6,15,7,7,0,Western Athletic,Home,0.096
Rachel Campbell,Utah Tech,C,0.333,0.397,0.852,1.249,22,63,54,14,18,1,0,9,23,1,6,18,0,0,Western Athletic,Home,0.224
Angelique Mann,Utah Valley,CF,0.333,0.379,0.556,0.935,18,59,54,11,18,6,0,2,9,3,1,3,2,2,Western Athletic,Home,0.115
Makaiya Gomez,Grand Canyon,CF,0.333,0.364,0.57,0.934,34,99,93,21,31,8,4,2,17,1,4,7,2,0,Western Athletic,Home,-0.032
Olivia Marble,Abilene Christian,CF,0.333,0.379,0.426,0.805,18,64,54,13,18,2,0,1,7,0,4,8,4,2,Western Athletic,Home,-0.067
Austin Germain,Tarleton State,1B,0.327,0.41,0.442,0.852,19,61,52,11,17,6,0,0,5,2,6,2,0,0,Western Athletic,Home,0.127
Alayah Toscano,Southern Utah,CF,0.326,0.341,0.395,0.736,16,44,43,9,14,3,0,0,3,0,1,3,3,1,Western Athletic,Home,0.136
Avery Miloch,Abilene Christian,C,0.324,0.425,0.647,1.072,14,40,34,5,11,3,1,2,13,1,5,11,0,0,Western Athletic,Home,0.062
Lindsey Franklin,UT Arlington,1B,0.318,0.382,0.439,0.821,23,76,66,4,21,2,0,2,17,0,8,11,0,0,Western Athletic,Home,0.077
Mikee Morris,Seattle,SS,0.306,0.34,0.388,0.727,16,55,49,3,15,4,0,0,8,1,2,8,2,0,Western Athletic,Home,-0.019
Oaklee Trapp,Utah Tech,1B,0.304,0.4,0.411,0.811,21,65,56,14,17,3,0,1,8,1,8,10,0,0,Western Athletic,Home,0.19
Bubba Rote,Abilene Christian,LF,0.304,0.36,0.457,0.817,17,50,46,11,14,5,1,0,6,3,1,11,4,0,Western Athletic,Home,0.013
Sydney Soto,California Baptist,CF,0.303,0.311,0.416,0.727,31,96,89,13,27,7,0,1,15,0,1,6,2,0,Western Athletic,Home,0.044
Laura Lockard,Utah Tech,3B,0.302,0.366,0.429,0.795,22,71,63,9,19,5,0,1,13,2,5,3,0,0,Western Athletic,Home,0.058
Jasmine Wehn,Seattle,1B,0.3,0.321,0.52,0.841,16,53,50,7,15,3,1,2,15,0,2,7,0,0,Western Athletic,Home,0.011
Britney Moreno,Utah Valley,2B,0.295,0.326,0.432,0.758,18,49,44,10,13,4,1,0,7,1,1,2,0,0,Western Athletic,Home,0.039
Lily Garcia,Seattle,2B,0.29,0.343,0.387,0.73,14,37,31,5,9,3,0,0,3,0,3,2,1,0,Western Athletic,Home,0.017
Morgan Westbrook,UT Arlington,RF,0.286,0.4,0.405,0.805,20,50,42,10,12,2,0,1,6,2,6,6,0,0,Western Athletic,Home,-0.047
Marisa Rubio,Utah Tech,LF,0.281,0.305,0.351,0.656,20,60,57,6,16,2,1,0,8,0,2,9,2,0,Western Athletic,Home,-0.097
Madison Nguyen,Stephen F. Austin,LF,0.276,0.282,0.276,0.558,22,79,76,6,21,0,0,0,4,1,0,9,7,0,Western Athletic,Home,0.091
Karen Spadafora,Seattle,C,0.275,0.286,0.325,0.611,16,42,40,2,11,2,0,0,7,0,1,8,0,0,Western Athletic,Home,-0.052
Priscilla Estrada,California Baptist,SS,0.273,0.33,0.303,0.633,34,116,99,18,27,1,1,0,6,1,8,7,4,2,Western Athletic,Home,-0.05
Ry Binne,Utah Valley,SS,0.273,0.319,0.295,0.615,15,50,44,12,12,1,0,0,0,0,3,1,2,0,Western Athletic,Home,0.053
Gabi Giroux,Utah Tech,SS,0.273,0.455,0.303,0.758,17,45,33,3,9,1,0,0,3,2,9,5,0,0,Western Athletic,Home,0.144
Kelby Robbins,Stephen F. Austin,3B,0.271,0.327,0.292,0.619,18,53,48,1,13,1,0,0,1,1,3,7,0,0,Western Athletic,Home,0.026
Tai Wilson,Seattle,LF,0.267,0.389,0.311,0.7,16,54,45,10,12,2,0,0,0,1,8,9,0,1,Western Athletic,Home,-0.062
Nicola Simpson,Seattle,P,0.267,0.361,0.467,0.828,13,36,30,2,8,3,0,1,5,2,3,7,0,0,Western Athletic,Home,-0.012
Miranda Lopez,Southern Utah,2B,0.262,0.279,0.357,0.636,16,45,42,4,11,4,0,0,4,0,1,1,0,0,Western Athletic,Home,0.162
Jessica Adams,UT Arlington,P,0.259,0.333,0.379,0.713,22,66,58,3,15,1,0,2,12,2,5,16,0,0,Western Athletic,Home,0
Tinley Lucas,Grand Canyon,C,0.259,0.359,0.389,0.748,29,65,54,9,14,1,0,2,6,3,6,11,3,0,Western Athletic,Home,0.037
Lexi Benson,Stephen F. Austin,DP,0.255,0.435,0.362,0.797,20,62,47,10,12,1,2,0,6,2,13,9,2,2,Western Athletic,Home,-0.006
Arianna Ramirez,Southern Utah,1B,0.255,0.25,0.49,0.74,16,52,51,7,13,3,0,3,7,0,0,6,1,0,Western Athletic,Home,-0.018
Jordan Dickerson,Tarleton State,2B,0.254,0.333,0.339,0.672,21,66,59,8,15,2,0,1,13,3,4,5,0,0,Western Athletic,Home,0.045
Kalyn Hill,Tarleton State,C,0.25,0.343,0.339,0.682,21,70,56,7,14,2,0,1,8,0,10,2,0,0,Western Athletic,Home,0.054
Catrin Hoffman,Abilene Christian,RF,0.25,0.372,0.361,0.733,15,44,36,4,9,4,0,0,7,0,7,12,0,0,Western Athletic,Home,0.034
Ava Sin,Seattle,RF,0.25,0.294,0.438,0.732,14,34,32,5,8,1,1,1,4,0,2,4,0,0,Western Athletic,Home,-0.048
Malachy Russell-Millen,California Baptist,2B,0.244,0.456,0.293,0.749,25,60,41,6,10,2,0,0,1,9,7,9,0,0,Western Athletic,Home,-0.056
Skylar Padgett,Abilene Christian,SS,0.241,0.353,0.345,0.698,14,35,29,5,7,0,0,1,7,5,0,5,0,0,Western Athletic,Home,0
Marley Neises,UT Arlington,CF,0.232,0.27,0.478,0.749,25,74,69,11,16,3,1,4,16,0,4,19,1,0,Western Athletic,Home,-0.035
Chloe Reneau,Stephen F. Austin,SS,0.222,0.286,0.222,0.508,20,50,45,5,10,0,0,0,2,0,4,12,1,1,Western Athletic,Home,-0.051
Mikaelah Burkland,Stephen F. Austin,RF,0.214,0.306,0.286,0.592,19,52,42,2,9,3,0,0,6,0,6,10,0,0,Western Athletic,Home,0.123
Maya Martinez,California Baptist,RF,0.213,0.245,0.319,0.564,23,51,47,5,10,2,0,1,5,0,2,9,0,0,Western Athletic,Home,-0.097
Lovey Kepa’a,Grand Canyon,3B,0.179,0.292,0.375,0.667,32,66,56,6,10,0,1,3,12,1,8,18,0,0,Western Athletic,Home,-0.062
Miranda Lista,Abilene Christian,3B,0.132,0.214,0.158,0.372,18,43,38,6,5,1,0,0,3,0,4,11,1,0,Western Athletic,Home,-0.027
Ashlee LaRue,Tarleton State,RF,0.121,0.244,0.242,0.486,16,43,33,5,4,1,0,1,4,1,5,15,0,0,Western Athletic,Home,0.007
Mallory Webb,Stephen F. Austin,CF,0.108,0.214,0.108,0.322,19,42,37,3,4,0,0,0,1,1,4,13,2,0,Western Athletic,Home,-0.165
Kayla Lyon,California Baptist,C,0.431,0.465,0.831,1.296,21,71,65,14,28,9,1,5,17,3,2,9,0,1,Western Athletic,Away,
Ashley Trierweiler,Grand Canyon,1B,0.415,0.475,0.509,0.985,16,62,53,18,22,2,0,1,3,3,4,2,4,1,Western Athletic,Away,
Emily Gonzalez,Southern Utah,RF,0.412,0.524,0.51,1.034,18,64,51,5,21,5,0,0,9,0,12,0,0,1,Western Athletic,Away,
Savannah Groshong-Kirk,Grand Canyon,2B,0.408,0.431,0.49,0.921,16,54,49,8,20,4,0,0,4,0,2,4,4,0,Western Athletic,Away,
Halle Morris,Utah Valley,DP,0.405,0.576,0.548,1.124,17,60,42,7,17,6,0,0,12,6,11,8,0,0,Western Athletic,Away,
Olivia Marble,Abilene Christian,CF,0.4,0.452,0.612,1.063,26,95,85,19,34,9,0,3,11,4,4,10,13,1,Western Athletic,Away,
Merissa Borkowski,California Baptist,LF,0.392,0.403,0.446,0.849,21,79,74,17,29,4,0,0,9,0,2,10,1,1,Western Athletic,Away,
Camille Corona,UT Arlington,3B,0.381,0.444,0.444,0.889,20,72,63,11,24,2,1,0,9,0,8,3,2,0,Western Athletic,Away,
Marisa Rubio,Utah Tech,LF,0.378,0.404,0.378,0.782,19,49,45,2,17,0,0,0,3,0,2,12,2,1,Western Athletic,Away,
Kaydee Bennett,Abilene Christian,2B,0.369,0.43,0.595,1.025,26,93,84,23,31,5,1,4,7,1,8,5,6,1,Western Athletic,Away,
Makaiya Gomez,Grand Canyon,CF,0.365,0.421,0.481,0.902,16,57,52,7,19,6,0,0,11,1,4,1,1,0,Western Athletic,Away,
Kalena Burns,California Baptist,1B,0.364,0.419,0.515,0.934,21,74,66,5,24,4,0,2,14,1,6,11,0,0,Western Athletic,Away,
Megan Gibbs,Utah Valley,1B,0.36,0.467,0.7,1.167,17,61,50,11,18,2,0,5,16,1,9,13,3,1,Western Athletic,Away,
Taylor Fitch,Seattle,3B,0.358,0.429,0.519,0.947,24,91,81,12,29,8,1,1,18,5,5,14,0,0,Western Athletic,Away,
Ramsay Lopez,Grand Canyon,DP,0.349,0.431,0.814,1.245,16,58,43,6,15,5,0,5,21,0,10,5,0,0,Western Athletic,Away,
Sydney Frankenberger,Seattle,CF,0.349,0.398,0.465,0.863,23,94,86,18,30,2,4,0,9,0,7,4,2,0,Western Athletic,Away,
Kassidy Munoz,Southern Utah,C,0.342,0.405,0.368,0.773,16,44,38,3,13,1,0,0,1,3,1,3,0,0,Western Athletic,Away,
Morgan Westbrook,UT Arlington,RF,0.333,0.351,0.444,0.796,15,37,36,1,12,1,0,1,11,1,0,6,0,0,Western Athletic,Away,
Nikki Donahue,UT Arlington,C,0.333,0.371,0.576,0.947,14,35,33,5,11,2,0,2,3,0,2,7,0,0,Western Athletic,Away,
Tai Wilson,Seattle,LF,0.329,0.402,0.438,0.841,24,85,73,13,24,6,1,0,11,1,8,15,2,1,Western Athletic,Away,
Karen Spadafora,Seattle,C,0.327,0.367,0.455,0.821,21,60,55,5,18,4,0,1,6,0,4,7,0,0,Western Athletic,Away,
Mikee Morris,Seattle,SS,0.325,0.378,0.422,0.799,24,90,83,19,27,3,1,1,12,0,7,6,1,1,Western Athletic,Away,
Priscilla Estrada,California Baptist,SS,0.323,0.371,0.431,0.802,21,73,65,14,21,2,1,1,6,2,3,6,0,1,Western Athletic,Away,
Ellie Vance,Stephen F. Austin,2B,0.323,0.371,0.369,0.741,23,72,65,5,21,0,0,1,2,1,4,3,5,1,Western Athletic,Away,
Rachael Brown,Utah Valley,C,0.316,0.364,0.658,1.022,16,46,38,4,12,1,0,4,14,0,4,5,0,0,Western Athletic,Away,
Kristin Fifield,Grand Canyon,RF,0.313,0.424,0.521,0.945,16,59,48,12,15,2,1,2,8,1,9,8,1,0,Western Athletic,Away,
Sammie Shelander,Abilene Christian,1B,0.311,0.391,0.446,0.837,26,87,74,11,23,7,0,1,14,7,4,5,2,0,Western Athletic,Away,
Maya Martinez,California Baptist,RF,0.31,0.415,0.429,0.844,19,54,42,9,13,5,0,0,9,3,6,5,0,0,Western Athletic,Away,
Malachy Russell-Millen,California Baptist,2B,0.3,0.488,0.433,0.921,17,43,30,1,9,1,0,1,7,4,7,4,0,1,Western Athletic,Away,
Ava Sin,Seattle,RF,0.298,0.359,0.386,0.745,21,64,57,10,17,5,0,0,9,0,6,7,0,0,Western Athletic,Away,
Katy Schaefer,Tarleton State,3B,0.291,0.328,0.636,0.964,19,58,55,9,16,4,0,5,11,1,2,7,0,0,Western Athletic,Away,
Amber Rodriguez,Utah Valley,LF,0.291,0.344,0.327,0.672,17,63,55,14,16,0,1,0,3,1,4,6,3,1,Western Athletic,Away,
Kaitlyn Sailor,UT Arlington,LF,0.291,0.361,0.527,0.888,19,61,55,7,16,7,0,2,9,1,5,9,0,0,Western Athletic,Away,
Bubba Rote,Abilene Christian,LF,0.291,0.371,0.364,0.735,21,64,55,11,16,2,1,0,5,3,4,21,3,0,Western Athletic,Away,
Jasmine Wehn,Seattle,1B,0.289,0.364,0.355,0.719,24,88,76,7,22,5,0,0,11,1,9,6,0,0,Western Athletic,Away,
Karmyna Becerra,Southern Utah,3B,0.286,0.328,0.429,0.756,18,63,56,13,16,2,0,2,8,1,3,7,0,1,Western Athletic,Away,
Laurie Cooke,Southern Utah,SS,0.283,0.298,0.348,0.646,18,47,46,11,13,1,1,0,5,0,1,8,1,1,Western Athletic,Away,
Nicola Simpson,Seattle,P,0.279,0.348,0.443,0.79,21,70,61,4,17,4,0,2,13,1,6,4,0,0,Western Athletic,Away,
Kayla Rodgers,Grand Canyon,LF,0.277,0.397,0.468,0.865,16,59,47,12,13,4,1,1,11,2,8,6,2,1,Western Athletic,Away,
Lily Garcia,Seattle,2B,0.273,0.319,0.348,0.668,24,75,66,9,18,3,1,0,11,1,4,2,0,2,Western Athletic,Away,
Chloe Reneau,Stephen F. Austin,SS,0.273,0.324,0.318,0.642,23,71,66,7,18,1,1,0,2,0,5,14,2,1,Western Athletic,Away,
Mallory Webb,Stephen F. Austin,CF,0.273,0.344,0.273,0.617,24,61,55,4,15,0,0,0,0,0,6,9,4,0,Western Athletic,Away,
Arianna Ramirez,Southern Utah,1B,0.273,0.298,0.4,0.698,18,57,55,2,15,4,0,1,7,1,1,7,0,0,Western Athletic,Away,
Tristyn Trull,Tarleton State,SS,0.268,0.317,0.464,0.781,19,61,56,8,15,5,0,2,8,0,4,2,1,0,Western Athletic,Away,
Marley Neises,UT Arlington,CF,0.267,0.262,0.367,0.629,20,62,60,7,16,3,0,1,6,0,0,12,1,1,Western Athletic,Away,
Kate Penberthy,California Baptist,3B,0.266,0.262,0.5,0.762,21,66,64,11,17,3,0,4,13,0,0,7,0,0,Western Athletic,Away,
Avery Miloch,Abilene Christian,C,0.262,0.338,0.557,0.896,21,68,61,8,16,3,0,5,14,2,5,10,1,0,Western Athletic,Away,
Lexi Benson,Stephen F. Austin,DP,0.261,0.382,0.457,0.838,21,55,46,5,12,1,4,0,8,1,8,14,2,0,Western Athletic,Away,
Sydney Soto,California Baptist,CF,0.259,0.29,0.345,0.635,21,64,58,6,15,3,1,0,6,1,2,5,3,0,Western Athletic,Away,
Jessica Adams,UT Arlington,P,0.259,0.286,0.296,0.582,12,28,27,1,7,1,0,0,2,1,0,6,0,0,Western Athletic,Away,
Kelci Hill,Tarleton State,CF,0.258,0.29,0.303,0.593,19,69,66,8,17,1,1,0,2,0,3,2,3,0,Western Athletic,Away,
Britney Moreno,Utah Valley,2B,0.256,0.31,0.41,0.72,15,44,39,5,10,1,1,1,1,0,3,5,0,0,Western Athletic,Away,
Kelby Robbins,Stephen F. Austin,3B,0.245,0.327,0.286,0.613,22,55,49,1,12,2,0,0,0,1,5,9,0,0,Western Athletic,Away,
Laura Lockard,Utah Tech,3B,0.244,0.37,0.311,0.681,20,57,45,0,11,3,0,0,3,1,8,4,1,1,Western Athletic,Away,
Lindsey Franklin,UT Arlington,1B,0.241,0.388,0.444,0.833,20,67,54,6,13,2,0,3,6,3,10,15,0,0,Western Athletic,Away,
Skylar Padgett,Abilene Christian,SS,0.241,0.349,0.333,0.683,23,65,54,7,13,2,0,1,4,4,5,6,0,1,Western Athletic,Away,
Lovey Kepa’a,Grand Canyon,3B,0.241,0.313,0.586,0.899,13,32,29,4,7,1,0,3,8,0,3,3,0,0,Western Athletic,Away,
Katelyn Dunckel,Grand Canyon,SS,0.24,0.316,0.34,0.656,16,59,50,9,12,2,0,1,13,3,3,1,1,0,Western Athletic,Away,
Peyton Hall,Utah Valley,3B,0.237,0.293,0.237,0.53,12,41,38,6,9,0,0,0,4,0,3,8,1,0,Western Athletic,Away,
Kayla Wallace,Tarleton State,LF,0.233,0.281,0.35,0.631,19,64,60,4,14,4,0,1,4,0,4,15,1,1,Western Athletic,Away,
Ariyana Miranda,Southern Utah,DP,0.229,0.296,0.438,0.734,17,54,48,6,11,4,0,2,8,1,4,11,0,0,Western Athletic,Away,
Carly Eldredge,Utah Tech,2B,0.222,0.259,0.333,0.592,20,59,54,5,12,1,1,1,3,1,2,4,0,1,Western Athletic,Away,
Tinley Lucas,Grand Canyon,C,0.222,0.303,0.444,0.747,13,34,27,6,6,0,0,2,5,2,2,9,0,0,Western Athletic,Away,
Ry Binne,Utah Valley,SS,0.22,0.304,0.22,0.524,13,49,41,4,9,0,0,0,2,0,5,4,4,1,Western Athletic,Away,
Angelique Mann,Utah Valley,CF,0.218,0.283,0.382,0.665,17,60,55,7,12,3,0,2,8,1,4,8,0,0,Western Athletic,Away,
Catrin Hoffman,Abilene Christian,RF,0.216,0.283,0.49,0.774,22,60,51,6,11,6,1,2,11,2,4,12,0,0,Western Athletic,Away,
Jordan Dickerson,Tarleton State,2B,0.209,0.271,0.256,0.527,19,50,43,2,9,2,0,0,6,0,4,10,0,0,Western Athletic,Away,
LB Kahahawai-Kekona,Utah Tech,CF,0.203,0.23,0.254,0.484,20,63,59,7,12,3,0,0,2,0,2,6,2,1,Western Athletic,Away,
Austin Germain,Tarleton State,1B,0.2,0.275,0.244,0.519,16,52,45,4,9,0,1,0,4,3,2,7,0,0,Western Athletic,Away,
Kalyn Hill,Tarleton State,C,0.196,0.26,0.348,0.608,18,52,46,2,9,4,0,1,6,0,4,5,0,0,Western Athletic,Away,
Alayah Toscano,Southern Utah,CF,0.19,0.209,0.19,0.4,18,45,42,5,8,0,0,0,3,1,0,1,2,1,Western Athletic,Away,
Madison Nguyen,Stephen F. Austin,LF,0.185,0.185,0.222,0.407,23,82,81,6,15,1,1,0,5,0,0,12,3,0,Western Athletic,Away,
Miranda Lista,Abilene Christian,3B,0.159,0.255,0.273,0.528,20,51,44,3,7,2,0,1,10,0,6,13,0,1,Western Athletic,Away,
Gabi Giroux,Utah Tech,SS,0.129,0.325,0.161,0.486,16,40,31,2,4,1,0,0,1,3,6,8,1,0,Western Athletic,Away,
Oaklee Trapp,Utah Tech,1B,0.114,0.162,0.143,0.305,16,37,35,0,4,1,0,0,0,0,2,13,0,0,Western Athletic,Away,
Ashlee LaRue,Tarleton State,RF,0.114,0.225,0.114,0.339,16,42,35,1,4,0,0,0,1,0,5,8,0,0,Western Athletic,Away,
Rachel Campbell,Utah Tech,C,0.109,0.16,0.217,0.377,19,50,46,2,5,2,0,1,7,1,2,16,1,0,Western Athletic,Away,
Miranda Lopez,Southern Utah,2B,0.1,0.167,0.1,0.267,18,55,50,2,5,0,0,0,2,0,4,6,0,1,Western Athletic,Away,
Mikaelah Burkland,Stephen F. Austin,RF,0.091,0.18,0.145,0.326,23,64,55,4,5,3,0,0,3,0,6,10,0,0,Western Athletic,Away,